[www.shopify.com/editions/winter2026.html]
[backblue.gif]
[fade.gif]
[index.html]
[cdn.shopify.com/s/files/1/0951/3130/4218/files/sharecdad.png]
[cdn.shopify.com/oxygen-v2/47215/49013/102837/4097382/assets/tailwind-G-N6aznT.css]
[cdn.shopify.com/s/files/1/0951/3130/4218/files/favicon_16ad0c.png]
[cdn.shopify.com/s/files/1/0951/3130/4218/files/favicon_32ad0c.png]
[cdn.shopify.com/s/files/1/0951/3130/4218/files/favicon_256ad0c.png]
[cdn.shopify.com/oxygen-v2/47215/49013/102837/4097382/assets/fonts-latin-CzfLCQn_.css]
[www.shopify.com/editions/spring2026.html]
[cdn.shopify.com/s/files/1/0647/5176/3550/files/fav-1801bc8.png]
[www.shopify.com/editions/summer2025.html]
[www.shopify.com/editions/winter2025.html]
[cdn.shopify.com/s/files/1/0951/3130/4218/files/preview_images/620a0d8735da4d97b040b1cd98693898.thumbnail.00000000006242.jpg]
[cdn.shopify.com/s/files/1/0951/3130/4218/files/preview_images/620a0d8735da4d97b040b1cd98693898.thumbnail.0000000000d228.jpg]
[cdn.shopify.com/s/files/1/0951/3130/4218/files/preview_images/620a0d8735da4d97b040b1cd98693898.thumbnail.00000000001dda.jpg]
[cdn.shopify.com/s/files/1/0951/3130/4218/files/preview_images/620a0d8735da4d97b040b1cd98693898.thumbnail.000000000020a9.jpg]
[cdn.shopify.com/s/files/1/0951/3130/4218/files/preview_images/620a0d8735da4d97b040b1cd98693898.thumbnail.00000000003e29.jpg]
[cdn.shopify.com/s/files/1/0951/3130/4218/files/preview_images/620a0d8735da4d97b040b1cd98693898.thumbnail.00000000009df4.jpg]
[cdn.shopify.com/s/files/1/0951/3130/4218/files/preview_images/620a0d8735da4d97b040b1cd98693898.thumbnail.00000000004761.jpg]
[cdn.shopify.com/s/files/1/0951/3130/4218/files/preview_images/620a0d8735da4d97b040b1cd98693898.thumbnail.000000000046d3.jpg]
[cdn.shopify.com/s/files/1/0951/3130/4218/files/preview_images/620a0d8735da4d97b040b1cd98693898.thumbnail.00000000008ed0.jpg]
[cdn.shopify.com/s/files/1/0951/3130/4218/files/apps-bg-imaged2e2.png]
[cdn.shopify.com/s/files/1/0951/3130/4218/files/apps-bg-image5bf8.png]
[cdn.shopify.com/s/files/1/0951/3130/4218/files/apps-bg-imageabfd.png]
[cdn.shopify.com/s/files/1/0951/3130/4218/files/apps-bg-image2af4.png]
[cdn.shopify.com/s/files/1/0951/3130/4218/files/apps-bg-imagea9ab.png]
[cdn.shopify.com/s/files/1/0951/3130/4218/files/apps-bg-image6a5c.png]
[cdn.shopify.com/s/files/1/0951/3130/4218/files/apps-bg-image600a.png]
[cdn.shopify.com/s/files/1/0951/3130/4218/files/apps-bg-imagef912.png]
[cdn.shopify.com/s/files/1/0951/3130/4218/files/apps-bg-imagec26f.png]
[cdn.shopify.com/s/files/1/0951/3130/4218/files/apps-bg-image2777.png]
[cdn.shopify.com/s/files/1/0951/3130/4218/files/apps-bg-image7d3e.png]
[cdn.shopify.com/s/files/1/0951/3130/4218/files/apps-bg-imagee127.png]
[cdn.shopify.com/s/files/1/0951/3130/4218/files/Rectangle_240654805c622.png]
[cdn.shopify.com/s/files/1/0951/3130/4218/files/default_abdd996f-1b4e-44a5-bfcc-8addca8578949190.png]
[cdn.shopify.com/s/files/1/0951/3130/4218/files/default_abdd996f-1b4e-44a5-bfcc-8addca8578947af6.png]
[cdn.shopify.com/s/files/1/0951/3130/4218/files/default_abdd996f-1b4e-44a5-bfcc-8addca8578945c8a.png]
[cdn.shopify.com/s/files/1/0951/3130/4218/files/default_abdd996f-1b4e-44a5-bfcc-8addca857894cf29.png]
[cdn.shopify.com/s/files/1/0951/3130/4218/files/default_abdd996f-1b4e-44a5-bfcc-8addca857894ba08.png]
[cdn.shopify.com/s/files/1/0951/3130/4218/files/default_abdd996f-1b4e-44a5-bfcc-8addca857894f426.png]
[cdn.shopify.com/s/files/1/0951/3130/4218/files/default_abdd996f-1b4e-44a5-bfcc-8addca8578943b12.png]
[cdn.shopify.com/s/files/1/0951/3130/4218/files/default_abdd996f-1b4e-44a5-bfcc-8addca8578942dc1.png]
[cdn.shopify.com/s/files/1/0951/3130/4218/files/en_4608c98d-d4f7-4d35-8b94-e83258e20e54abec.png]
[cdn.shopify.com/s/files/1/0951/3130/4218/files/en_4608c98d-d4f7-4d35-8b94-e83258e20e543025.png]
[cdn.shopify.com/s/files/1/0951/3130/4218/files/en_4608c98d-d4f7-4d35-8b94-e83258e20e54fcb3.png]
[cdn.shopify.com/s/files/1/0951/3130/4218/files/en_4608c98d-d4f7-4d35-8b94-e83258e20e54fec4.png]
[cdn.shopify.com/s/files/1/0951/3130/4218/files/en_4608c98d-d4f7-4d35-8b94-e83258e20e546649.png]
[cdn.shopify.com/s/files/1/0951/3130/4218/files/en_4608c98d-d4f7-4d35-8b94-e83258e20e54fe6d.png]
[cdn.shopify.com/s/files/1/0951/3130/4218/files/default_ee658e76-0d9b-46c9-b479-5baab424fb97ec18.png]
[cdn.shopify.com/s/files/1/0951/3130/4218/files/default_ee658e76-0d9b-46c9-b479-5baab424fb97fed6.png]
[cdn.shopify.com/s/files/1/0951/3130/4218/files/default_ee658e76-0d9b-46c9-b479-5baab424fb972700.png]
[cdn.shopify.com/s/files/1/0951/3130/4218/files/default_ee658e76-0d9b-46c9-b479-5baab424fb97d957.png]
[cdn.shopify.com/s/files/1/0951/3130/4218/files/default_ee658e76-0d9b-46c9-b479-5baab424fb97b06d.png]
[cdn.shopify.com/s/files/1/0951/3130/4218/files/default_ee658e76-0d9b-46c9-b479-5baab424fb9706ec.png]
[cdn.shopify.com/s/files/1/0951/3130/4218/files/default_ee658e76-0d9b-46c9-b479-5baab424fb97edfc.png]
[cdn.shopify.com/s/files/1/0951/3130/4218/files/default_ee658e76-0d9b-46c9-b479-5baab424fb9726d2.png]
[cdn.shopify.com/s/files/1/0951/3130/4218/files/default_ee658e76-0d9b-46c9-b479-5baab424fb97af0c.png]
[cdn.shopify.com/s/files/1/0951/3130/4218/files/default_ee658e76-0d9b-46c9-b479-5baab424fb97db56.png]
[cdn.shopify.com/s/files/1/0951/3130/4218/files/en_3a493a1f-2575-43b6-9e6e-22033556b139758b.png]
[cdn.shopify.com/s/files/1/0951/3130/4218/files/en_3a493a1f-2575-43b6-9e6e-22033556b139a460.png]
[cdn.shopify.com/s/files/1/0951/3130/4218/files/en_3a493a1f-2575-43b6-9e6e-22033556b139d6a9.png]
[cdn.shopify.com/s/files/1/0951/3130/4218/files/emoji34b64.png]
[cdn.shopify.com/s/files/1/0951/3130/4218/files/emoji639a9.png]
[cdn.shopify.com/s/files/1/0951/3130/4218/files/emoji239a9.png]
[cdn.shopify.com/s/files/1/0951/3130/4218/files/emoji139a9.png]
[cdn.shopify.com/s/files/1/0951/3130/4218/files/emoji539a9.png]
[cdn.shopify.com/s/files/1/0951/3130/4218/files/emoji439a9.png]
[cdn.shopify.com/s/files/1/0951/3130/4218/files/emoji739a9.png]
[cdn.shopify.com/s/files/1/0951/3130/4218/files/ren-edition-emojisa771.zip]
[www.shopify.com/editions/shopify-w26-emoji-pack.zip]
[cdn.shopify.com/s/files/1/0951/3130/4218/files/ren-anton218f.png]
[cdn.shopify.com/s/files/1/0951/3130/4218/files/ren-antonf7e4.png]
[cdn.shopify.com/s/files/1/0951/3130/4218/files/ren-anton5f5a.png]
[cdn.shopify.com/s/files/1/0951/3130/4218/files/en_a158fbbf-7e97-4014-9008-9eb7a719f84abd8b.png]
[cdn.shopify.com/s/files/1/0951/3130/4218/files/en_a158fbbf-7e97-4014-9008-9eb7a719f84aaa17.png]
[cdn.shopify.com/s/files/1/0951/3130/4218/files/en_a158fbbf-7e97-4014-9008-9eb7a719f84a1f76.png]
[cdn.shopify.com/s/files/1/0951/3130/4218/files/en_a158fbbf-7e97-4014-9008-9eb7a719f84adef0.png]
[cdn.shopify.com/s/files/1/0951/3130/4218/files/en_a158fbbf-7e97-4014-9008-9eb7a719f84a5670.png]
[cdn.shopify.com/s/files/1/0951/3130/4218/files/en_a158fbbf-7e97-4014-9008-9eb7a719f84ad413.png]
[cdn.shopify.com/s/files/1/0951/3130/4218/files/default_be7aaa86-31c5-433d-aae2-5b361372ccc6b9fb.png]
[cdn.shopify.com/s/files/1/0951/3130/4218/files/default_be7aaa86-31c5-433d-aae2-5b361372ccc67f12.png]
[cdn.shopify.com/s/files/1/0951/3130/4218/files/default_be7aaa86-31c5-433d-aae2-5b361372ccc6588d.png]
[cdn.shopify.com/s/files/1/0951/3130/4218/files/default_be7aaa86-31c5-433d-aae2-5b361372ccc60426.png]
[cdn.shopify.com/s/files/1/0951/3130/4218/files/default_be7aaa86-31c5-433d-aae2-5b361372ccc6a232.png]
[cdn.shopify.com/s/files/1/0951/3130/4218/files/default_be7aaa86-31c5-433d-aae2-5b361372ccc68cd6.png]
[cdn.shopify.com/s/files/1/0951/3130/4218/files/preview_images/5aa1f17e22044052af94fde4bb1d052c.thumbnail.0000000000c109.jpg]
[cdn.shopify.com/s/files/1/0951/3130/4218/files/preview_images/5aa1f17e22044052af94fde4bb1d052c.thumbnail.0000000000498c.jpg]
[cdn.shopify.com/s/files/1/0951/3130/4218/files/preview_images/5aa1f17e22044052af94fde4bb1d052c.thumbnail.000000000084f4.jpg]
[cdn.shopify.com/s/files/1/0951/3130/4218/files/preview_images/5aa1f17e22044052af94fde4bb1d052c.thumbnail.0000000000eeb4.jpg]
[cdn.shopify.com/s/files/1/0951/3130/4218/files/preview_images/5aa1f17e22044052af94fde4bb1d052c.thumbnail.000000000023de.jpg]
[cdn.shopify.com/s/files/1/0951/3130/4218/files/preview_images/5aa1f17e22044052af94fde4bb1d052c.thumbnail.0000000000edea.jpg]
[cdn.shopify.com/s/files/1/0951/3130/4218/files/preview_images/5aa1f17e22044052af94fde4bb1d052c.thumbnail.0000000000cf80.jpg]
[cdn.shopify.com/s/files/1/0951/3130/4218/files/preview_images/5aa1f17e22044052af94fde4bb1d052c.thumbnail.000000000069ec.jpg]
[cdn.shopify.com/s/files/1/0951/3130/4218/files/preview_images/5aa1f17e22044052af94fde4bb1d052c.thumbnail.00000000005e3b.jpg]
[cdn.shopify.com/s/files/1/0951/3130/4218/files/BG-B1ef82.png]
[cdn.shopify.com/s/files/1/0951/3130/4218/files/BG-B102fc.png]
[cdn.shopify.com/s/files/1/0951/3130/4218/files/BG-B1f83f.png]
[cdn.shopify.com/s/files/1/0951/3130/4218/files/BG-B1eaba.png]
[cdn.shopify.com/s/files/1/0951/3130/4218/files/BG-B19abf.png]
[cdn.shopify.com/s/files/1/0951/3130/4218/files/BG-B1c82d.png]
[cdn.shopify.com/s/files/1/0951/3130/4218/files/BG-B1c776.png]
[cdn.shopify.com/s/files/1/0951/3130/4218/files/BG-B11a0b.png]
[cdn.shopify.com/s/files/1/0951/3130/4218/files/BG-B159a5.png]
[cdn.shopify.com/s/files/1/0951/3130/4218/files/U37_Integrated_theme_editorfc18.png]
[cdn.shopify.com/s/files/1/0951/3130/4218/files/U37_Integrated_theme_editor642a.png]
[cdn.shopify.com/s/files/1/0951/3130/4218/files/U37_Integrated_theme_editor5880.png]
[cdn.shopify.com/s/files/1/0951/3130/4218/files/U37_Integrated_theme_editor3f5e.png]
[cdn.shopify.com/s/files/1/0951/3130/4218/files/U37_Integrated_theme_editorb7a1.png]
[cdn.shopify.com/s/files/1/0951/3130/4218/files/U37_Integrated_theme_editor1b7b.png]
[cdn.shopify.com/s/files/1/0951/3130/4218/files/U37_Integrated_theme_editor7709.png]
[cdn.shopify.com/s/files/1/0951/3130/4218/files/U37_Integrated_theme_editor134f.png]
[cdn.shopify.com/s/files/1/0951/3130/4218/files/BG-3ecc1.png]
[cdn.shopify.com/s/files/1/0951/3130/4218/files/BG-3d3d1.png]
[cdn.shopify.com/s/files/1/0951/3130/4218/files/BG-3a584.png]
[cdn.shopify.com/s/files/1/0951/3130/4218/files/BG-3da14.png]
[cdn.shopify.com/s/files/1/0951/3130/4218/files/BG-39866.png]
[cdn.shopify.com/s/files/1/0951/3130/4218/files/BG-38241.png]
[cdn.shopify.com/s/files/1/0951/3130/4218/files/BG-39eba.png]
[cdn.shopify.com/s/files/1/0951/3130/4218/files/BG-33745.png]
[cdn.shopify.com/s/files/1/0951/3130/4218/files/BG-38948.png]
[cdn.shopify.com/s/files/1/0951/3130/4218/files/U47_Theme_index_on_mobileaec7.png]
[cdn.shopify.com/s/files/1/0951/3130/4218/files/U47_Theme_index_on_mobilec06c.png]
[cdn.shopify.com/s/files/1/0951/3130/4218/files/U47_Theme_index_on_mobile66b3.png]
[cdn.shopify.com/s/files/1/0951/3130/4218/files/U47_Theme_index_on_mobiledc3f.png]
[cdn.shopify.com/s/files/1/0951/3130/4218/files/BG-Y64fb.png]
[cdn.shopify.com/s/files/1/0951/3130/4218/files/BG-Y2dee.png]
[cdn.shopify.com/s/files/1/0951/3130/4218/files/BG-Ye8cb.png]
[cdn.shopify.com/s/files/1/0951/3130/4218/files/BG-Y2c21.png]
[cdn.shopify.com/s/files/1/0951/3130/4218/files/BG-Y1b28.png]
[cdn.shopify.com/s/files/1/0951/3130/4218/files/BG-Y4f5d.png]
[cdn.shopify.com/s/files/1/0951/3130/4218/files/BG-Yebd6.png]
[cdn.shopify.com/s/files/1/0951/3130/4218/files/BG-Y8e0f.png]
[cdn.shopify.com/s/files/1/0951/3130/4218/files/BG-Y24f4.png]
[cdn.shopify.com/s/files/1/0951/3130/4218/files/U230_Wordpress123b.png]
[cdn.shopify.com/s/files/1/0951/3130/4218/files/U230_Wordpress8783.png]
[cdn.shopify.com/s/files/1/0951/3130/4218/files/U230_Wordpress5fcc.png]
[cdn.shopify.com/s/files/1/0951/3130/4218/files/U230_Wordpresse5ba.png]
[cdn.shopify.com/s/files/1/0951/3130/4218/files/texture-src-90.jpg]
[cdn.shopify.com/s/files/1/0951/3130/4218/files/preview_images/0dfe781a187d48cfa581ed2b1ad6a5ed.thumbnail.0000000000afda.jpg]
[cdn.shopify.com/s/files/1/0951/3130/4218/files/preview_images/0dfe781a187d48cfa581ed2b1ad6a5ed.thumbnail.0000000000938d.jpg]
[cdn.shopify.com/s/files/1/0951/3130/4218/files/preview_images/0dfe781a187d48cfa581ed2b1ad6a5ed.thumbnail.00000000007409.jpg]
[cdn.shopify.com/s/files/1/0951/3130/4218/files/preview_images/0dfe781a187d48cfa581ed2b1ad6a5ed.thumbnail.00000000007f6f.jpg]
[cdn.shopify.com/s/files/1/0951/3130/4218/files/preview_images/0dfe781a187d48cfa581ed2b1ad6a5ed.thumbnail.0000000000282b.jpg]
[cdn.shopify.com/s/files/1/0951/3130/4218/files/preview_images/0dfe781a187d48cfa581ed2b1ad6a5ed.thumbnail.00000000005d5e.jpg]
[cdn.shopify.com/s/files/1/0951/3130/4218/files/preview_images/0dfe781a187d48cfa581ed2b1ad6a5ed.thumbnail.00000000000a1e.jpg]
[cdn.shopify.com/s/files/1/0951/3130/4218/files/preview_images/0dfe781a187d48cfa581ed2b1ad6a5ed.thumbnail.000000000078f8.jpg]
[cdn.shopify.com/s/files/1/0951/3130/4218/files/preview_images/0dfe781a187d48cfa581ed2b1ad6a5ed.thumbnail.0000000000c2a3.jpg]
[cdn.shopify.com/s/files/1/0951/3130/4218/files/BG-G1fc3.png]
[cdn.shopify.com/s/files/1/0951/3130/4218/files/BG-G91d8.png]
[cdn.shopify.com/s/files/1/0951/3130/4218/files/BG-G5087.png]
[cdn.shopify.com/s/files/1/0951/3130/4218/files/BG-G7a64.png]
[cdn.shopify.com/s/files/1/0951/3130/4218/files/BG-G6ebe.png]
[cdn.shopify.com/s/files/1/0951/3130/4218/files/BG-G00c7.png]
[cdn.shopify.com/s/files/1/0951/3130/4218/files/BG-G59f2.png]
[cdn.shopify.com/s/files/1/0951/3130/4218/files/BG-G434a.png]
[cdn.shopify.com/s/files/1/0951/3130/4218/files/BG-G3f8a.png]
[cdn.shopify.com/s/files/1/0951/3130/4218/files/U254_Scanner_supporte0f0.png]
[cdn.shopify.com/s/files/1/0951/3130/4218/files/U254_Scanner_support7b9c.png]
[cdn.shopify.com/s/files/1/0951/3130/4218/files/U254_Scanner_support7340.png]
[cdn.shopify.com/s/files/1/0951/3130/4218/files/U254_Scanner_supportcb0c.png]
[cdn.shopify.com/s/files/1/0951/3130/4218/files/U254_Scanner_supportb9c4.png]
[cdn.shopify.com/s/files/1/0951/3130/4218/files/U254_Scanner_supportcf98.png]
[cdn.shopify.com/s/files/1/0951/3130/4218/files/U254_Scanner_supportcf3c.png]
[cdn.shopify.com/s/files/1/0951/3130/4218/files/U254_Scanner_supportf2ee.png]
[cdn.shopify.com/s/files/1/0951/3130/4218/files/U49_Sell_subscriptions_POS246e.png]
[cdn.shopify.com/s/files/1/0951/3130/4218/files/U49_Sell_subscriptions_POS3416.png]
[cdn.shopify.com/s/files/1/0951/3130/4218/files/U49_Sell_subscriptions_POS5269.png]
[cdn.shopify.com/s/files/1/0951/3130/4218/files/U49_Sell_subscriptions_POS97c4.png]
[cdn.shopify.com/s/files/1/0951/3130/4218/files/U49_Sell_subscriptions_POSdfcb.png]
[cdn.shopify.com/s/files/1/0951/3130/4218/files/U49_Sell_subscriptions_POS3b93.png]
[cdn.shopify.com/s/files/1/0951/3130/4218/files/U49_Sell_subscriptions_POS9933.png]
[cdn.shopify.com/s/files/1/0951/3130/4218/files/U49_Sell_subscriptions_POS58da.png]
[cdn.shopify.com/s/files/1/0951/3130/4218/files/U53_Quick_count_POS_extension484b.png]
[cdn.shopify.com/s/files/1/0951/3130/4218/files/U53_Quick_count_POS_extension8f45.png]
[cdn.shopify.com/s/files/1/0951/3130/4218/files/U53_Quick_count_POS_extension6022.png]
[cdn.shopify.com/s/files/1/0951/3130/4218/files/U53_Quick_count_POS_extensiondeb7.png]
[cdn.shopify.com/b/shopify-brochure2-assets/6f0d7e6128d962253121b3aec1527854b5bb.png]
[cdn.shopify.com/b/shopify-brochure2-assets/6f0d7e6128d962253121b3aec1527854681d.png]
[cdn.shopify.com/b/shopify-brochure2-assets/6f0d7e6128d962253121b3aec15278541b6e.png]
[cdn.shopify.com/b/shopify-brochure2-assets/6f0d7e6128d962253121b3aec1527854434a.png]
[cdn.shopify.com/b/shopify-brochure2-assets/6f0d7e6128d962253121b3aec152785480fc.png]
[cdn.shopify.com/b/shopify-brochure2-assets/6f0d7e6128d962253121b3aec1527854d1ee.png]
[cdn.shopify.com/b/shopify-brochure2-assets/6f0d7e6128d962253121b3aec15278540ca3.png]
[cdn.shopify.com/b/shopify-brochure2-assets/6f0d7e6128d962253121b3aec15278544675.png]
[cdn.shopify.com/b/shopify-brochure2-assets/6f0d7e6128d962253121b3aec15278542439.png]
[cdn.shopify.com/s/files/1/0951/3130/4218/files/flowerbg-29a36.png]
[cdn.shopify.com/s/files/1/0951/3130/4218/files/flowerbg-295a9.png]
[cdn.shopify.com/s/files/1/0951/3130/4218/files/flowerbg-2e7a9.png]
[cdn.shopify.com/s/files/1/0951/3130/4218/files/flowerbg-2f3b5.png]
[cdn.shopify.com/s/files/1/0951/3130/4218/files/flowerbg-275c3.png]
[cdn.shopify.com/s/files/1/0951/3130/4218/files/flowerbg-294b9.png]
[cdn.shopify.com/s/files/1/0951/3130/4218/files/flowerbg-2026f.png]
[cdn.shopify.com/s/files/1/0951/3130/4218/files/flowerbg-23735.png]
[cdn.shopify.com/s/files/1/0951/3130/4218/files/U62_Uber_Direct_POS_local0a97.png]
[cdn.shopify.com/s/files/1/0951/3130/4218/files/U62_Uber_Direct_POS_local046d.png]
[cdn.shopify.com/s/files/1/0951/3130/4218/files/U62_Uber_Direct_POS_localc45d.png]
[cdn.shopify.com/s/files/1/0951/3130/4218/files/U62_Uber_Direct_POS_local6047.png]
[cdn.shopify.com/s/files/1/0951/3130/4218/files/preview_images/2ace8284aebc4d22901886b2323bb20d.thumbnail.0000000000ada5.jpg]
[cdn.shopify.com/s/files/1/0951/3130/4218/files/preview_images/2ace8284aebc4d22901886b2323bb20d.thumbnail.0000000000a75c.jpg]
[cdn.shopify.com/s/files/1/0951/3130/4218/files/preview_images/2ace8284aebc4d22901886b2323bb20d.thumbnail.00000000004696.jpg]
[cdn.shopify.com/s/files/1/0951/3130/4218/files/preview_images/2ace8284aebc4d22901886b2323bb20d.thumbnail.000000000024cf.jpg]
[cdn.shopify.com/s/files/1/0951/3130/4218/files/preview_images/2ace8284aebc4d22901886b2323bb20d.thumbnail.00000000002145.jpg]
[cdn.shopify.com/s/files/1/0951/3130/4218/files/preview_images/2ace8284aebc4d22901886b2323bb20d.thumbnail.0000000000b3cd.jpg]
[cdn.shopify.com/s/files/1/0951/3130/4218/files/preview_images/2ace8284aebc4d22901886b2323bb20d.thumbnail.00000000002ab2.jpg]
[cdn.shopify.com/s/files/1/0951/3130/4218/files/preview_images/2ace8284aebc4d22901886b2323bb20d.thumbnail.0000000000ebdb.jpg]
[cdn.shopify.com/s/files/1/0951/3130/4218/files/preview_images/2ace8284aebc4d22901886b2323bb20d.thumbnail.00000000007690.jpg]
[cdn.shopify.com/b/shopify-brochure2-assets/228361bfc05b3d2c5260a542aa8c61c6b5bb.png]
[cdn.shopify.com/b/shopify-brochure2-assets/228361bfc05b3d2c5260a542aa8c61c6681d.png]
[cdn.shopify.com/b/shopify-brochure2-assets/228361bfc05b3d2c5260a542aa8c61c61b6e.png]
[cdn.shopify.com/b/shopify-brochure2-assets/228361bfc05b3d2c5260a542aa8c61c6434a.png]
[cdn.shopify.com/b/shopify-brochure2-assets/228361bfc05b3d2c5260a542aa8c61c680fc.png]
[cdn.shopify.com/b/shopify-brochure2-assets/228361bfc05b3d2c5260a542aa8c61c6d1ee.png]
[cdn.shopify.com/b/shopify-brochure2-assets/228361bfc05b3d2c5260a542aa8c61c60ca3.png]
[cdn.shopify.com/b/shopify-brochure2-assets/228361bfc05b3d2c5260a542aa8c61c64675.png]
[cdn.shopify.com/b/shopify-brochure2-assets/228361bfc05b3d2c5260a542aa8c61c62439.png]
[cdn.shopify.com/s/files/1/0951/3130/4218/files/BG-Rf69d.png]
[cdn.shopify.com/s/files/1/0951/3130/4218/files/BG-Reb96.png]
[cdn.shopify.com/s/files/1/0951/3130/4218/files/BG-R58b1.png]
[cdn.shopify.com/s/files/1/0951/3130/4218/files/BG-R2d75.png]
[cdn.shopify.com/s/files/1/0951/3130/4218/files/BG-R4852.png]
[cdn.shopify.com/s/files/1/0951/3130/4218/files/BG-R854e.png]
[cdn.shopify.com/s/files/1/0951/3130/4218/files/BG-R8818.png]
[cdn.shopify.com/s/files/1/0951/3130/4218/files/BG-R6812.png]
[cdn.shopify.com/s/files/1/0951/3130/4218/files/BG-R8ab4.png]
[cdn.shopify.com/s/files/1/0951/3130/4218/files/U105_Shopify_Email_SMS_marketinge85d.png]
[cdn.shopify.com/s/files/1/0951/3130/4218/files/U105_Shopify_Email_SMS_marketing4a0b.png]
[cdn.shopify.com/s/files/1/0951/3130/4218/files/U105_Shopify_Email_SMS_marketingad07.png]
[cdn.shopify.com/s/files/1/0951/3130/4218/files/U105_Shopify_Email_SMS_marketing5c5c.png]
[cdn.shopify.com/s/files/1/0951/3130/4218/files/U105_Shopify_Email_SMS_marketing246f.png]
[cdn.shopify.com/s/files/1/0951/3130/4218/files/U105_Shopify_Email_SMS_marketing94f0.png]
[cdn.shopify.com/s/files/1/0951/3130/4218/files/U105_Shopify_Email_SMS_marketing9541.png]
[cdn.shopify.com/s/files/1/0951/3130/4218/files/U105_Shopify_Email_SMS_marketingee48.png]
[cdn.shopify.com/s/files/1/0951/3130/4218/files/U109_Forms_translationsda62.png]
[cdn.shopify.com/s/files/1/0951/3130/4218/files/U109_Forms_translationse46a.png]
[cdn.shopify.com/s/files/1/0951/3130/4218/files/U109_Forms_translations95ce.png]
[cdn.shopify.com/s/files/1/0951/3130/4218/files/U109_Forms_translations434d.png]
[cdn.shopify.com/s/files/1/0951/3130/4218/files/U109_Forms_translations0482.png]
[cdn.shopify.com/s/files/1/0951/3130/4218/files/U109_Forms_translations72e2.png]
[cdn.shopify.com/s/files/1/0951/3130/4218/files/U109_Forms_translations3a7c.png]
[cdn.shopify.com/s/files/1/0951/3130/4218/files/U109_Forms_translations40ac.png]
[cdn.shopify.com/s/files/1/0951/3130/4218/files/BG-B26807.png]
[cdn.shopify.com/s/files/1/0951/3130/4218/files/BG-B2a1d2.png]
[cdn.shopify.com/s/files/1/0951/3130/4218/files/BG-B23fff.png]
[cdn.shopify.com/s/files/1/0951/3130/4218/files/BG-B2604b.png]
[cdn.shopify.com/s/files/1/0951/3130/4218/files/BG-B23ac2.png]
[cdn.shopify.com/s/files/1/0951/3130/4218/files/BG-B2f547.png]
[cdn.shopify.com/s/files/1/0951/3130/4218/files/BG-B23741.png]
[cdn.shopify.com/s/files/1/0951/3130/4218/files/BG-B2b209.png]
[cdn.shopify.com/s/files/1/0951/3130/4218/files/BG-B2c375.png]
[cdn.shopify.com/s/files/1/0951/3130/4218/files/U98_Search_and_filter_segmentation_templatesfaeb.png]
[cdn.shopify.com/s/files/1/0951/3130/4218/files/U98_Search_and_filter_segmentation_templates46d6.png]
[cdn.shopify.com/s/files/1/0951/3130/4218/files/U98_Search_and_filter_segmentation_templates6949.png]
[cdn.shopify.com/s/files/1/0951/3130/4218/files/U98_Search_and_filter_segmentation_templatesc5f7.png]
[cdn.shopify.com/s/files/1/0951/3130/4218/files/U98_Search_and_filter_segmentation_templates9d79.png]
[cdn.shopify.com/s/files/1/0951/3130/4218/files/U98_Search_and_filter_segmentation_templates19a2.png]
[cdn.shopify.com/s/files/1/0951/3130/4218/files/U98_Search_and_filter_segmentation_templates08f9.png]
[cdn.shopify.com/s/files/1/0951/3130/4218/files/U98_Search_and_filter_segmentation_templates09bc.png]
[cdn.shopify.com/b/shopify-brochure2-assets/03cf615f7c023dd5afc16904b8e4b619b5bb.png]
[cdn.shopify.com/b/shopify-brochure2-assets/03cf615f7c023dd5afc16904b8e4b619681d.png]
[cdn.shopify.com/b/shopify-brochure2-assets/03cf615f7c023dd5afc16904b8e4b6191b6e.png]
[cdn.shopify.com/b/shopify-brochure2-assets/03cf615f7c023dd5afc16904b8e4b619434a.png]
[cdn.shopify.com/b/shopify-brochure2-assets/03cf615f7c023dd5afc16904b8e4b61980fc.png]
[cdn.shopify.com/b/shopify-brochure2-assets/03cf615f7c023dd5afc16904b8e4b619d1ee.png]
[cdn.shopify.com/b/shopify-brochure2-assets/03cf615f7c023dd5afc16904b8e4b6190ca3.png]
[cdn.shopify.com/b/shopify-brochure2-assets/03cf615f7c023dd5afc16904b8e4b6194675.png]
[cdn.shopify.com/b/shopify-brochure2-assets/03cf615f7c023dd5afc16904b8e4b6192439.png]
[cdn.shopify.com/s/files/1/0951/3130/4218/files/U94_Markets_in_the_Checkoutafe4.png]
[cdn.shopify.com/s/files/1/0951/3130/4218/files/U94_Markets_in_the_Checkout34aa.png]
[cdn.shopify.com/s/files/1/0951/3130/4218/files/U94_Markets_in_the_Checkoutd588.png]
[cdn.shopify.com/s/files/1/0951/3130/4218/files/U94_Markets_in_the_Checkout4333.png]
[cdn.shopify.com/s/files/1/0951/3130/4218/files/U94_Markets_in_the_Checkoute575.png]
[cdn.shopify.com/s/files/1/0951/3130/4218/files/U94_Markets_in_the_Checkout1382.png]
[cdn.shopify.com/s/files/1/0951/3130/4218/files/U94_Markets_in_the_Checkout2a3c.png]
[cdn.shopify.com/s/files/1/0951/3130/4218/files/U94_Markets_in_the_Checkout3866.png]
[cdn.shopify.com/s/files/1/0951/3130/4218/files/B45021.png]
[cdn.shopify.com/s/files/1/0951/3130/4218/files/B4d6af.png]
[cdn.shopify.com/s/files/1/0951/3130/4218/files/B4dddf.png]
[cdn.shopify.com/s/files/1/0951/3130/4218/files/B42f25.png]
[cdn.shopify.com/s/files/1/0951/3130/4218/files/B4aeae.png]
[cdn.shopify.com/s/files/1/0951/3130/4218/files/B4e243.png]
[cdn.shopify.com/s/files/1/0951/3130/4218/files/B4f499.png]
[cdn.shopify.com/s/files/1/0951/3130/4218/files/B47e5f.png]
[cdn.shopify.com/s/files/1/0951/3130/4218/files/B48b04.png]
[cdn.shopify.com/s/files/1/0951/3130/4218/files/U143_Flexible_inventory_transfersc49e.png]
[cdn.shopify.com/s/files/1/0951/3130/4218/files/U143_Flexible_inventory_transferse17d.png]
[cdn.shopify.com/s/files/1/0951/3130/4218/files/U143_Flexible_inventory_transfers3f00.png]
[cdn.shopify.com/s/files/1/0951/3130/4218/files/U143_Flexible_inventory_transfersf2af.png]
[cdn.shopify.com/s/files/1/0951/3130/4218/files/U143_Flexible_inventory_transfers39ed.png]
[cdn.shopify.com/s/files/1/0951/3130/4218/files/U143_Flexible_inventory_transfers671e.png]
[cdn.shopify.com/b/shopify-brochure2-assets/26605fc719dba38d9d2a5da83312810fb5bb.png]
[cdn.shopify.com/b/shopify-brochure2-assets/26605fc719dba38d9d2a5da83312810f681d.png]
[cdn.shopify.com/b/shopify-brochure2-assets/26605fc719dba38d9d2a5da83312810f1b6e.png]
[cdn.shopify.com/b/shopify-brochure2-assets/26605fc719dba38d9d2a5da83312810f434a.png]
[cdn.shopify.com/b/shopify-brochure2-assets/26605fc719dba38d9d2a5da83312810f80fc.png]
[cdn.shopify.com/b/shopify-brochure2-assets/26605fc719dba38d9d2a5da83312810fd1ee.png]
[cdn.shopify.com/b/shopify-brochure2-assets/26605fc719dba38d9d2a5da83312810f0ca3.png]
[cdn.shopify.com/b/shopify-brochure2-assets/26605fc719dba38d9d2a5da83312810f4675.png]
[cdn.shopify.com/b/shopify-brochure2-assets/26605fc719dba38d9d2a5da83312810f2439.png]
[cdn.shopify.com/s/files/1/0951/3130/4218/files/U133_Apple_watch_app_redesign9610.png]
[cdn.shopify.com/s/files/1/0951/3130/4218/files/U133_Apple_watch_app_redesign7f23.png]
[cdn.shopify.com/s/files/1/0951/3130/4218/files/U133_Apple_watch_app_redesign8bbf.png]
[cdn.shopify.com/s/files/1/0951/3130/4218/files/U133_Apple_watch_app_redesignec70.png]
[cdn.shopify.com/s/files/1/0951/3130/4218/files/U133_Apple_watch_app_redesign905c.png]
[cdn.shopify.com/s/files/1/0951/3130/4218/files/U133_Apple_watch_app_redesign44b5.png]
[cdn.shopify.com/s/files/1/0951/3130/4218/files/U153_Offers_in_Shopfeef.png]
[cdn.shopify.com/s/files/1/0951/3130/4218/files/U153_Offers_in_Shop60a5.png]
[cdn.shopify.com/s/files/1/0951/3130/4218/files/U153_Offers_in_Shop1c94.png]
[cdn.shopify.com/s/files/1/0951/3130/4218/files/U153_Offers_in_Shop89e5.png]
[cdn.shopify.com/s/files/1/0951/3130/4218/files/U153_Offers_in_Shopd664.png]
[cdn.shopify.com/s/files/1/0951/3130/4218/files/U153_Offers_in_Shop866e.png]
[cdn.shopify.com/s/files/1/0951/3130/4218/files/preview_images/def37b82d2b5486a87cbf297a896f7d4.thumbnail.00000000002602.jpg]
[cdn.shopify.com/s/files/1/0951/3130/4218/files/preview_images/def37b82d2b5486a87cbf297a896f7d4.thumbnail.0000000000a2d4.jpg]
[cdn.shopify.com/s/files/1/0951/3130/4218/files/preview_images/def37b82d2b5486a87cbf297a896f7d4.thumbnail.0000000000a0ed.jpg]
[cdn.shopify.com/s/files/1/0951/3130/4218/files/preview_images/def37b82d2b5486a87cbf297a896f7d4.thumbnail.000000000075f0.jpg]
[cdn.shopify.com/s/files/1/0951/3130/4218/files/preview_images/def37b82d2b5486a87cbf297a896f7d4.thumbnail.00000000006ddd.jpg]
[cdn.shopify.com/s/files/1/0951/3130/4218/files/preview_images/def37b82d2b5486a87cbf297a896f7d4.thumbnail.0000000000762b.jpg]
[cdn.shopify.com/s/files/1/0951/3130/4218/files/preview_images/def37b82d2b5486a87cbf297a896f7d4.thumbnail.000000000083c2.jpg]
[cdn.shopify.com/s/files/1/0951/3130/4218/files/preview_images/def37b82d2b5486a87cbf297a896f7d4.thumbnail.00000000007d95.jpg]
[cdn.shopify.com/s/files/1/0951/3130/4218/files/preview_images/def37b82d2b5486a87cbf297a896f7d4.thumbnail.0000000000a414.jpg]
[cdn.shopify.com/s/files/1/0951/3130/4218/files/U71_Shopify_Collective_globally_available9cde.png]
[cdn.shopify.com/s/files/1/0951/3130/4218/files/U71_Shopify_Collective_globally_available5f93.png]
[cdn.shopify.com/s/files/1/0951/3130/4218/files/U71_Shopify_Collective_globally_available40fd.png]
[cdn.shopify.com/s/files/1/0951/3130/4218/files/U71_Shopify_Collective_globally_available9248.png]
[cdn.shopify.com/s/files/1/0951/3130/4218/files/U71_Shopify_Collective_globally_available779a.png]
[cdn.shopify.com/s/files/1/0951/3130/4218/files/U71_Shopify_Collective_globally_available676d.png]
[cdn.shopify.com/s/files/1/0951/3130/4218/files/U71_Shopify_Collective_globally_availableb488.png]
[cdn.shopify.com/s/files/1/0951/3130/4218/files/U71_Shopify_Collective_globally_available42dc.png]
[cdn.shopify.com/s/files/1/0951/3130/4218/files/U75_b2b_ACH_payments6e43.png]
[cdn.shopify.com/s/files/1/0951/3130/4218/files/U75_b2b_ACH_payments3191.png]
[cdn.shopify.com/s/files/1/0951/3130/4218/files/U75_b2b_ACH_payments4361.png]
[cdn.shopify.com/s/files/1/0951/3130/4218/files/U75_b2b_ACH_paymentsa4ab.png]
[cdn.shopify.com/s/files/1/0951/3130/4218/files/U75_b2b_ACH_payments96a7.png]
[cdn.shopify.com/s/files/1/0951/3130/4218/files/U75_b2b_ACH_paymentsb6ed.png]
[cdn.shopify.com/s/files/1/0951/3130/4218/files/U75_b2b_ACH_paymentsf6a4.png]
[cdn.shopify.com/s/files/1/0951/3130/4218/files/U75_b2b_ACH_payments1346.png]
[cdn.shopify.com/b/shopify-brochure2-assets/786dd1f1b8096bb6116dcbf0fe12893ab5bb.png]
[cdn.shopify.com/b/shopify-brochure2-assets/786dd1f1b8096bb6116dcbf0fe12893a681d.png]
[cdn.shopify.com/b/shopify-brochure2-assets/786dd1f1b8096bb6116dcbf0fe12893a1b6e.png]
[cdn.shopify.com/b/shopify-brochure2-assets/786dd1f1b8096bb6116dcbf0fe12893a434a.png]
[cdn.shopify.com/b/shopify-brochure2-assets/786dd1f1b8096bb6116dcbf0fe12893a80fc.png]
[cdn.shopify.com/b/shopify-brochure2-assets/786dd1f1b8096bb6116dcbf0fe12893ad1ee.png]
[cdn.shopify.com/b/shopify-brochure2-assets/786dd1f1b8096bb6116dcbf0fe12893a0ca3.png]
[cdn.shopify.com/b/shopify-brochure2-assets/786dd1f1b8096bb6116dcbf0fe12893a4675.png]
[cdn.shopify.com/b/shopify-brochure2-assets/786dd1f1b8096bb6116dcbf0fe12893a2439.png]
[cdn.shopify.com/s/files/1/0951/3130/4218/files/U79_Send_payment_requests_per_fulfillmenta07f.png]
[cdn.shopify.com/s/files/1/0951/3130/4218/files/U79_Send_payment_requests_per_fulfillment0737.png]
[cdn.shopify.com/s/files/1/0951/3130/4218/files/U79_Send_payment_requests_per_fulfillmentfcad.png]
[cdn.shopify.com/s/files/1/0951/3130/4218/files/U79_Send_payment_requests_per_fulfillment21cd.png]
[cdn.shopify.com/s/files/1/0951/3130/4218/files/U79_Send_payment_requests_per_fulfillment9903.png]
[cdn.shopify.com/s/files/1/0951/3130/4218/files/U79_Send_payment_requests_per_fulfillment1593.png]
[cdn.shopify.com/s/files/1/0951/3130/4218/files/U79_Send_payment_requests_per_fulfillmentdf9e.png]
[cdn.shopify.com/s/files/1/0951/3130/4218/files/U79_Send_payment_requests_per_fulfillmentaa9d.png]
[cdn.shopify.com/b/shopify-brochure2-assets/1bf084da109bb3fe83016948c3c88b1fb5bb.png]
[cdn.shopify.com/b/shopify-brochure2-assets/1bf084da109bb3fe83016948c3c88b1f681d.png]
[cdn.shopify.com/b/shopify-brochure2-assets/1bf084da109bb3fe83016948c3c88b1f1b6e.png]
[cdn.shopify.com/b/shopify-brochure2-assets/1bf084da109bb3fe83016948c3c88b1f434a.png]
[cdn.shopify.com/b/shopify-brochure2-assets/1bf084da109bb3fe83016948c3c88b1f80fc.png]
[cdn.shopify.com/b/shopify-brochure2-assets/1bf084da109bb3fe83016948c3c88b1fd1ee.png]
[cdn.shopify.com/b/shopify-brochure2-assets/1bf084da109bb3fe83016948c3c88b1f0ca3.png]
[cdn.shopify.com/b/shopify-brochure2-assets/1bf084da109bb3fe83016948c3c88b1f4675.png]
[cdn.shopify.com/b/shopify-brochure2-assets/1bf084da109bb3fe83016948c3c88b1f2439.png]
[cdn.shopify.com/s/files/1/0951/3130/4218/files/U158_Automated_transfers_for_Shopify_Balance_payoutsda0c.png]
[cdn.shopify.com/s/files/1/0951/3130/4218/files/U158_Automated_transfers_for_Shopify_Balance_payoutsa77d.png]
[cdn.shopify.com/s/files/1/0951/3130/4218/files/U158_Automated_transfers_for_Shopify_Balance_payoutsb2da.png]
[cdn.shopify.com/s/files/1/0951/3130/4218/files/U158_Automated_transfers_for_Shopify_Balance_payoutsdd19.png]
[cdn.shopify.com/s/files/1/0951/3130/4218/files/Rectangle_2406575484915.jpg]
[cdn.shopify.com/s/files/1/0951/3130/4218/files/Rectangle_2406575486552.jpg]
[cdn.shopify.com/s/files/1/0951/3130/4218/files/Rectangle_240657548cd66.jpg]
[cdn.shopify.com/s/files/1/0951/3130/4218/files/Rectangle_2406575486e40.jpg]
[cdn.shopify.com/s/files/1/0951/3130/4218/files/Rectangle_2406575489add.jpg]
[cdn.shopify.com/s/files/1/0951/3130/4218/files/Rectangle_240657548102b.jpg]
[cdn.shopify.com/s/files/1/0951/3130/4218/files/Rectangle_240657548b765.jpg]
[cdn.shopify.com/s/files/1/0951/3130/4218/files/Rectangle_240657548757c.jpg]
[cdn.shopify.com/s/files/1/0951/3130/4218/files/Rectangle_240657548f5da.jpg]
[cdn.shopify.com/s/files/1/0951/3130/4218/files/U163_Spend_controls_secondary_cardholders_for_Balance09c9.png]
[cdn.shopify.com/s/files/1/0951/3130/4218/files/U163_Spend_controls_secondary_cardholders_for_Balance05f3.png]
[cdn.shopify.com/s/files/1/0951/3130/4218/files/U163_Spend_controls_secondary_cardholders_for_Balancec93e.png]
[cdn.shopify.com/s/files/1/0951/3130/4218/files/U163_Spend_controls_secondary_cardholders_for_Balance2158.png]
[cdn.shopify.com/s/files/1/0951/3130/4218/files/U117_FedEx_One_Rate_Return_Labels_6-col9833.png]
[cdn.shopify.com/s/files/1/0951/3130/4218/files/U117_FedEx_One_Rate_Return_Labels_6-col3e2e.png]
[cdn.shopify.com/s/files/1/0951/3130/4218/files/U117_FedEx_One_Rate_Return_Labels_6-cole005.png]
[cdn.shopify.com/s/files/1/0951/3130/4218/files/U117_FedEx_One_Rate_Return_Labels_6-colaf3b.png]
[cdn.shopify.com/s/files/1/0951/3130/4218/files/U117_FedEx_One_Rate_Return_Labels_6-col3c98.png]
[cdn.shopify.com/s/files/1/0951/3130/4218/files/U117_FedEx_One_Rate_Return_Labels_6-col6857.png]
[cdn.shopify.com/s/files/1/0951/3130/4218/files/U117_FedEx_One_Rate_Return_Labels_6-cole431.png]
[cdn.shopify.com/s/files/1/0951/3130/4218/files/U117_FedEx_One_Rate_Return_Labels_6-col09cc.png]
[cdn.shopify.com/s/files/1/0951/3130/4218/files/U122_Variant_default_packaging769d.png]
[cdn.shopify.com/s/files/1/0951/3130/4218/files/U122_Variant_default_packaging7001.png]
[cdn.shopify.com/s/files/1/0951/3130/4218/files/U122_Variant_default_packaging2f21.png]
[cdn.shopify.com/s/files/1/0951/3130/4218/files/U122_Variant_default_packaging4128.png]
[cdn.shopify.com/s/files/1/0951/3130/4218/files/U122_Variant_default_packaging6b79.png]
[cdn.shopify.com/s/files/1/0951/3130/4218/files/U122_Variant_default_packaging115a.png]
[cdn.shopify.com/s/files/1/0951/3130/4218/files/U122_Variant_default_packagingae03.png]
[cdn.shopify.com/s/files/1/0951/3130/4218/files/U122_Variant_default_packaging9b2a.png]
[cdn.shopify.com/s/files/1/0951/3130/4218/files/U271_Checkout_MCP9c52.png]
[cdn.shopify.com/s/files/1/0951/3130/4218/files/U271_Checkout_MCP6412.png]
[cdn.shopify.com/s/files/1/0951/3130/4218/files/U271_Checkout_MCPb816.png]
[cdn.shopify.com/s/files/1/0951/3130/4218/files/U271_Checkout_MCP9522.png]
[cdn.shopify.com/s/files/1/0951/3130/4218/files/U271_Checkout_MCP924a.png]
[cdn.shopify.com/s/files/1/0951/3130/4218/files/U271_Checkout_MCP98bf.png]
[cdn.shopify.com/s/files/1/0951/3130/4218/files/U183_Checkout_for_web_f222b0b3-24d2-4ee2-aff2-ebf8ffb4a76637c8.png]
[cdn.shopify.com/s/files/1/0951/3130/4218/files/U183_Checkout_for_web_f222b0b3-24d2-4ee2-aff2-ebf8ffb4a766189d.png]
[cdn.shopify.com/s/files/1/0951/3130/4218/files/U183_Checkout_for_web_f222b0b3-24d2-4ee2-aff2-ebf8ffb4a7669c05.png]
[cdn.shopify.com/s/files/1/0951/3130/4218/files/U183_Checkout_for_web_f222b0b3-24d2-4ee2-aff2-ebf8ffb4a766b696.png]
[cdn.shopify.com/s/files/1/0951/3130/4218/files/U183_Checkout_for_web_f222b0b3-24d2-4ee2-aff2-ebf8ffb4a766a16b.png]
[cdn.shopify.com/s/files/1/0951/3130/4218/files/U183_Checkout_for_web_f222b0b3-24d2-4ee2-aff2-ebf8ffb4a766b92f.png]
[cdn.shopify.com/s/files/1/0951/3130/4218/files/U183_Checkout_for_web_f222b0b3-24d2-4ee2-aff2-ebf8ffb4a766757f.png]
[cdn.shopify.com/s/files/1/0951/3130/4218/files/U183_Checkout_for_web_f222b0b3-24d2-4ee2-aff2-ebf8ffb4a7669e03.png]
[cdn.shopify.com/s/files/1/0951/3130/4218/files/U226__Sidekick_app_discovery_6b57593c-579c-4a91-84af-7173ff60da8343a8.png]
[cdn.shopify.com/s/files/1/0951/3130/4218/files/U226__Sidekick_app_discovery_6b57593c-579c-4a91-84af-7173ff60da832b38.png]
[cdn.shopify.com/s/files/1/0951/3130/4218/files/U226__Sidekick_app_discovery_6b57593c-579c-4a91-84af-7173ff60da83037b.png]
[cdn.shopify.com/s/files/1/0951/3130/4218/files/U226__Sidekick_app_discovery_6b57593c-579c-4a91-84af-7173ff60da83447a.png]
[cdn.shopify.com/s/files/1/0951/3130/4218/files/U226__Sidekick_app_discovery_6b57593c-579c-4a91-84af-7173ff60da83e52d.png]
[cdn.shopify.com/s/files/1/0951/3130/4218/files/U226__Sidekick_app_discovery_6b57593c-579c-4a91-84af-7173ff60da83e054.png]
[cdn.shopify.com/s/files/1/0951/3130/4218/files/U226__Sidekick_app_discovery_6b57593c-579c-4a91-84af-7173ff60da83c5d2.png]
[cdn.shopify.com/s/files/1/0951/3130/4218/files/U226__Sidekick_app_discovery_6b57593c-579c-4a91-84af-7173ff60da834793.png]
[cdn.shopify.com/s/files/1/0951/3130/4218/files/U253_-_App_intents_for_Sidekickfadb.png]
[cdn.shopify.com/s/files/1/0951/3130/4218/files/U253_-_App_intents_for_Sidekick79ea.png]
[cdn.shopify.com/s/files/1/0951/3130/4218/files/U253_-_App_intents_for_Sidekicka09e.png]
[cdn.shopify.com/s/files/1/0951/3130/4218/files/U253_-_App_intents_for_Sidekick5ff4.png]
[cdn.shopify.com/s/files/1/0951/3130/4218/files/U253_-_App_intents_for_Sidekick0915.png]
[cdn.shopify.com/s/files/1/0951/3130/4218/files/U253_-_App_intents_for_Sidekick95cd.png]
[cdn.shopify.com/s/files/1/0951/3130/4218/files/U253_-_App_intents_for_Sidekick2c3c.png]
[cdn.shopify.com/s/files/1/0951/3130/4218/files/U253_-_App_intents_for_Sidekick0721.png]
[cdn.shopify.com/s/files/1/0951/3130/4218/files/preview_images/f880db5d8462441482ecbc2437cacf5d.thumbnail.00000000007435.jpg]
[cdn.shopify.com/s/files/1/0951/3130/4218/files/preview_images/f880db5d8462441482ecbc2437cacf5d.thumbnail.0000000000a767.jpg]
[cdn.shopify.com/s/files/1/0951/3130/4218/files/preview_images/f880db5d8462441482ecbc2437cacf5d.thumbnail.0000000000975d.jpg]
[cdn.shopify.com/s/files/1/0951/3130/4218/files/preview_images/f880db5d8462441482ecbc2437cacf5d.thumbnail.0000000000b294.jpg]
[cdn.shopify.com/s/files/1/0951/3130/4218/files/preview_images/f880db5d8462441482ecbc2437cacf5d.thumbnail.0000000000a6f1.jpg]
[cdn.shopify.com/s/files/1/0951/3130/4218/files/preview_images/f880db5d8462441482ecbc2437cacf5d.thumbnail.00000000007da4.jpg]
[cdn.shopify.com/s/files/1/0951/3130/4218/files/preview_images/f880db5d8462441482ecbc2437cacf5d.thumbnail.000000000072d1.jpg]
[cdn.shopify.com/s/files/1/0951/3130/4218/files/preview_images/f880db5d8462441482ecbc2437cacf5d.thumbnail.0000000000c3a1.jpg]
[cdn.shopify.com/s/files/1/0951/3130/4218/files/preview_images/f880db5d8462441482ecbc2437cacf5d.thumbnail.0000000000dbea.jpg]
[cdn.shopify.com/s/files/1/0951/3130/4218/files/U229_Admin_Intents_APIa2c1.png]
[cdn.shopify.com/s/files/1/0951/3130/4218/files/U229_Admin_Intents_API786d.png]
[cdn.shopify.com/s/files/1/0951/3130/4218/files/U229_Admin_Intents_APIabb5.png]
[cdn.shopify.com/s/files/1/0951/3130/4218/files/U229_Admin_Intents_API34d1.png]
[cdn.shopify.com/s/files/1/0951/3130/4218/files/U229_Admin_Intents_APIa480.png]
[cdn.shopify.com/s/files/1/0951/3130/4218/files/U229_Admin_Intents_API9885.png]
[cdn.shopify.com/s/files/1/0951/3130/4218/files/U229_Admin_Intents_APIa7bf.png]
[cdn.shopify.com/s/files/1/0951/3130/4218/files/U229_Admin_Intents_API1b08.png]
[cdn.shopify.com/s/files/1/0951/3130/4218/files/U191_Faster_bulk_data_imports448d.png]
[cdn.shopify.com/s/files/1/0951/3130/4218/files/U191_Faster_bulk_data_imports80f7.png]
[cdn.shopify.com/s/files/1/0951/3130/4218/files/U191_Faster_bulk_data_imports3665.png]
[cdn.shopify.com/s/files/1/0951/3130/4218/files/U191_Faster_bulk_data_imports7901.png]
[cdn.shopify.com/s/files/1/0951/3130/4218/files/U191_Faster_bulk_data_imports1b8b.png]
[cdn.shopify.com/s/files/1/0951/3130/4218/files/U191_Faster_bulk_data_importsa2ea.png]
[cdn.shopify.com/s/files/1/0951/3130/4218/files/U191_Faster_bulk_data_imports7cc3.png]
[cdn.shopify.com/s/files/1/0951/3130/4218/files/U191_Faster_bulk_data_imports1f0e.png]
[cdn.shopify.com/s/files/1/0951/3130/4218/files/U223_upgrades_for_metafieldsf072.png]
[cdn.shopify.com/s/files/1/0951/3130/4218/files/U223_upgrades_for_metafields2c3e.png]
[cdn.shopify.com/s/files/1/0951/3130/4218/files/U223_upgrades_for_metafieldsa111.png]
[cdn.shopify.com/s/files/1/0951/3130/4218/files/U223_upgrades_for_metafields79f3.png]
[cdn.shopify.com/s/files/1/0951/3130/4218/files/U223_upgrades_for_metafieldse54a.png]
[cdn.shopify.com/s/files/1/0951/3130/4218/files/U223_upgrades_for_metafields8bc0.png]
[cdn.shopify.com/s/files/1/0951/3130/4218/files/U223_upgrades_for_metafieldsa813.png]
[cdn.shopify.com/s/files/1/0951/3130/4218/files/U223_upgrades_for_metafields0c42.png]
[cdn.shopify.com/s/files/1/0951/3130/4218/files/U267_Tangle5918.png]
[cdn.shopify.com/s/files/1/0951/3130/4218/files/U267_Tangle48cb.png]
[cdn.shopify.com/s/files/1/0951/3130/4218/files/U267_Tangle04b0.png]
[cdn.shopify.com/s/files/1/0951/3130/4218/files/U267_Tangle28a8.png]
[cdn.shopify.com/s/files/1/0951/3130/4218/files/U267_Tangle5dfe.png]
[cdn.shopify.com/s/files/1/0951/3130/4218/files/U267_Tangle363d.png]
[cdn.shopify.com/s/files/1/0951/3130/4218/files/U267_Tangle6ba2.png]
[cdn.shopify.com/s/files/1/0951/3130/4218/files/U267_Tangleee92.png]
[cdn.shopify.com/b/shopify-brochure2-assets/c9c913c72ba45ce34cb2521bcaaefd07b5bb.png]
[cdn.shopify.com/b/shopify-brochure2-assets/c9c913c72ba45ce34cb2521bcaaefd07681d.png]
[cdn.shopify.com/b/shopify-brochure2-assets/c9c913c72ba45ce34cb2521bcaaefd071b6e.png]
[cdn.shopify.com/b/shopify-brochure2-assets/c9c913c72ba45ce34cb2521bcaaefd07434a.png]
[cdn.shopify.com/b/shopify-brochure2-assets/c9c913c72ba45ce34cb2521bcaaefd0780fc.png]
[cdn.shopify.com/b/shopify-brochure2-assets/c9c913c72ba45ce34cb2521bcaaefd07d1ee.png]
[cdn.shopify.com/b/shopify-brochure2-assets/c9c913c72ba45ce34cb2521bcaaefd070ca3.png]
[cdn.shopify.com/b/shopify-brochure2-assets/c9c913c72ba45ce34cb2521bcaaefd074675.png]
[cdn.shopify.com/b/shopify-brochure2-assets/c9c913c72ba45ce34cb2521bcaaefd072439.png]
[cdn.shopify.com/s/files/1/0951/3130/4218/files/U190_pos_extension_storage_darkd43e.png]
[cdn.shopify.com/s/files/1/0951/3130/4218/files/U190_pos_extension_storage_dark7dc8.png]
[cdn.shopify.com/s/files/1/0951/3130/4218/files/U190_pos_extension_storage_dark556b.png]
[cdn.shopify.com/s/files/1/0951/3130/4218/files/U190_pos_extension_storage_darkc442.png]
[cdn.shopify.com/s/files/1/0951/3130/4218/files/U190_pos_extension_storage_darkc441.png]
[cdn.shopify.com/s/files/1/0951/3130/4218/files/U190_pos_extension_storage_dark5415.png]
[cdn.shopify.com/s/files/1/0951/3130/4218/files/U190_pos_extension_storage_dark82bb.png]
[cdn.shopify.com/s/files/1/0951/3130/4218/files/U190_pos_extension_storage_dark60e4.png]
[cdn.shopify.com/oxygen-v2/47215/49013/102837/4097382/assets/manifest-d2b96939.js]
[cdn.shopify.com/oxygen-v2/47215/49013/102837/4097382/assets/entry.client-CXIPWjPz.js]
[cdn.shopify.com/oxygen-v2/47215/49013/102837/4097382/assets/components-BdJai906.js]
[cdn.shopify.com/oxygen-v2/47215/49013/102837/4097382/assets/rive-DN8nxF7J.js]
[cdn.shopify.com/oxygen-v2/47215/49013/102837/4097382/assets/constants-DXXQZrjQ.js]
[cdn.shopify.com/oxygen-v2/47215/49013/102837/4097382/assets/index-CUO_aqwJ.js]
[cdn.shopify.com/oxygen-v2/47215/49013/102837/4097382/assets/useLogError-eX9sWcrR.js]
[cdn.shopify.com/oxygen-v2/47215/49013/102837/4097382/assets/root-iW-Dod2y.js]
[cdn.shopify.com/oxygen-v2/47215/49013/102837/4097382/assets/(_locale).editions.winter2026-DrIpAwX1.js]
[cdn.shopify.com/oxygen-v2/47215/49013/102837/4097382/assets/Button-umIS68mY.js]
[cdn.shopify.com/oxygen-v2/47215/49013/102837/4097382/assets/meta-CwiYJk4F.js]
[cdn.shopify.com/oxygen-v2/47215/49013/102837/4097382/assets/(_locale).editions.winter2026-Cm_GEGc_.js]
[www.shopify.com/editions/summer2024.html]
[www.shopify.com/editions/winter2024.html]
[www.shopify.com/editions/summer2023.html]
[www.shopify.com/editions/winter2023.html]
[www.shopify.com/editions/summer2022.html]
[cdn.shopify.com/s/files/1/0951/3130/4218/collections/sidekick74ff.jpg]
[cdn.shopify.com/s/files/1/0951/3130/4218/files/Sidekick_Fallbackc5cc.jpg]
[cdn.shopify.com/s/files/1/0951/3130/4218/files/Fallback_Mobile_Sidekick_2x_ae10922b-27e9-4a86-ac5d-24de7957ea02a844.jpg]
[cdn.shopify.com/s/files/1/0951/3130/4218/files/Sidekick_Preroll.00_00_00_00.Still0028f31.png]
[cdn.shopify.com/s/files/1/0951/3130/4218/files/preview_images/620a0d8735da4d97b040b1cd98693898.thumbnail.00000000004453.jpg]
[cdn.shopify.com/s/files/1/0951/3130/4218/files/U20_Pulse_desktop-fallback00f6.png]
[cdn.shopify.com/s/files/1/0951/3130/4218/files/U20_Pulse_mobile-fallback8af8.png]
[cdn.shopify.com/s/files/1/0951/3130/4218/files/apps-bg-image335b.png]
[cdn.shopify.com/b/shopify-brochure2-assets/03cf615f7c023dd5afc16904b8e4b619.png]
[cdn.shopify.com/s/files/1/0951/3130/4218/files/U95_Shop_Pay_button1f4c.png]
[cdn.shopify.com/s/files/1/0951/3130/4218/files/U1_sidekick_flow_desktop-fallback4b9d.png]
[cdn.shopify.com/s/files/1/0951/3130/4218/files/U1_sidekick_flow_mobile-fallback92ca.png]
[cdn.shopify.com/s/files/1/0951/3130/4218/files/default_abdd996f-1b4e-44a5-bfcc-8addca857894691d.png]
[cdn.shopify.com/b/shopify-brochure2-assets/3c99cfd21a3a19f095a10ee6ca179ee6.png]
[cdn.shopify.com/s/files/1/0951/3130/4218/files/U7_Sidekick_in_Analytics_query_editor_242da8b7-e095-4998-9cc4-6d48fe00fa63c13d.png]
[cdn.shopify.com/s/files/1/0951/3130/4218/files/en_4608c98d-d4f7-4d35-8b94-e83258e20e54149c.png]
[cdn.shopify.com/b/shopify-brochure2-assets/ea4f03d63cda2a71afb54dfb50894df8.png]
[cdn.shopify.com/s/files/1/0951/3130/4218/files/U2_Sidekick_help_on_segmentation_filters_4b05de5d-4b12-419d-8d71-9e9b1d6907a33cf6.png]
[cdn.shopify.com/s/files/1/0951/3130/4218/files/U3_Sidekick_Theme_edit_desktop-fallback815e.png]
[cdn.shopify.com/s/files/1/0951/3130/4218/files/U3_Sidekick_Theme_edit_mobile-fallbacka0c1.png]
[cdn.shopify.com/s/files/1/0951/3130/4218/files/default_ee658e76-0d9b-46c9-b479-5baab424fb97d269.png]
[cdn.shopify.com/b/shopify-brochure2-assets/5b3c2862e3c5dcf950d0b912867ebdeb.png]
[cdn.shopify.com/s/files/1/0951/3130/4218/files/U6_Sidekick_file_editor_on_mobile_2e3a4bb2-d153-4fb3-a767-1d81e9d165f7772c.png]
[cdn.shopify.com/s/files/1/0951/3130/4218/files/U6_Sidekick_file_editor_mobile-fallback6784.png]
[cdn.shopify.com/s/files/1/0951/3130/4218/files/en_3a493a1f-2575-43b6-9e6e-22033556b139a5c9.png]
[cdn.shopify.com/s/files/1/0951/3130/4218/files/u6poster_mobile99db.png]
[cdn.shopify.com/s/files/1/0951/3130/4218/files/U16_Sidekick_edits_email_sections_fe9fa19b-6380-4a68-b0be-20f0043d14a1a19d.png]
[cdn.shopify.com/s/files/1/0951/3130/4218/files/U16_Sidekick_edits_email_sections_mobile-fallback3325.png]
[cdn.shopify.com/s/files/1/0951/3130/4218/files/ren-anton6033.png]
[cdn.shopify.com/b/shopify-brochure2-assets/2ec3c3abe46eb728b0f37a9e09348011.png]
[cdn.shopify.com/s/files/1/0951/3130/4218/files/U15_Sidekick_navigatesdc29.png]
[cdn.shopify.com/s/files/1/0951/3130/4218/files/en_a158fbbf-7e97-4014-9008-9eb7a719f84a3e25.png]
[cdn.shopify.com/b/shopify-brochure2-assets/f7d363fc85e5562586d25e7b50669ae5.png]
[cdn.shopify.com/s/files/1/0951/3130/4218/files/U5_SIdekick_voice_on_mobile38a2.png]
[cdn.shopify.com/s/files/1/0951/3130/4218/files/default_be7aaa86-31c5-433d-aae2-5b361372ccc631ce.png]
[cdn.shopify.com/s/files/1/0951/3130/4218/files/Agentic_fg_251207a1d5.png]
[cdn.shopify.com/s/files/1/0951/3130/4218/files/Fallback_Mobile_Agentic_2x_ed265a10-0482-41f0-88a1-2be1a5b94ffc8317.jpg]
[cdn.shopify.com/s/files/1/0951/3130/4218/files/AGENTIC_First_Framea623.png]
[cdn.shopify.com/s/files/1/0951/3130/4218/files/preview_images/5aa1f17e22044052af94fde4bb1d052c.thumbnail.0000000000c900.jpg]
[cdn.shopify.com/s/files/1/0951/3130/4218/collections/onlinea80d.jpg]
[cdn.shopify.com/s/files/1/0951/3130/4218/files/BG-B13a1c.png]
[cdn.shopify.com/s/files/1/0951/3130/4218/files/U37_Integrated_theme_editorbd12.png]
[cdn.shopify.com/s/files/1/0951/3130/4218/files/BG-341b2.png]
[cdn.shopify.com/s/files/1/0951/3130/4218/files/U47_Theme_index_on_mobile3668.png]
[cdn.shopify.com/s/files/1/0951/3130/4218/files/U47_Theme_index_on_mobile_mobile-fallback7ae3.png]
[cdn.shopify.com/s/files/1/0951/3130/4218/files/BG-Yb873.png]
[cdn.shopify.com/s/files/1/0951/3130/4218/files/U230_Wordpress86ef.png]
[cdn.shopify.com/s/files/1/0951/3130/4218/files/Online_Fallbackf8b5.jpg]
[cdn.shopify.com/s/files/1/0951/3130/4218/files/Fallback_Mobile_Online_2x_19548bd3-08de-48b3-a780-e47cbf3fbf64e822.jpg]
[cdn.shopify.com/s/files/1/0951/3130/4218/files/U97_Rollouts_desktop-fallback_dec6d8.png]
[cdn.shopify.com/s/files/1/0951/3130/4218/files/U97_Rollouts_mobile-fallback_de75dc.png]
[cdn.shopify.com/s/files/1/0951/3130/4218/files/rive_rollouts_5-desktop9fd5.png]
[cdn.shopify.com/s/files/1/0951/3130/4218/files/rive_rollouts_5-mobile9fd5.png]
[cdn.shopify.com/s/files/1/0951/3130/4218/files/U258_SimGym_desktop-fallback372a.png]
[cdn.shopify.com/s/files/1/0951/3130/4218/files/U258_SimGym_mobile-fallbackeff0.png]
[cdn.shopify.com/s/files/1/0951/3130/4218/files/TINKER_PREROLL_FRAME_1.1.1f82e.png]
[cdn.shopify.com/s/files/1/0951/3130/4218/files/preview_images/0dfe781a187d48cfa581ed2b1ad6a5ed.thumbnail.00000000003f01.jpg]
[cdn.shopify.com/s/files/1/0951/3130/4218/collections/retail5ad7.jpg]
[cdn.shopify.com/s/files/1/0951/3130/4218/files/BG-Gc048.png]
[cdn.shopify.com/s/files/1/0951/3130/4218/files/U254_Scanner_supportd637.png]
[cdn.shopify.com/s/files/1/0951/3130/4218/files/U49_Sell_subscriptions_POSafde.png]
[cdn.shopify.com/s/files/1/0951/3130/4218/files/U53_Quick_count_POS_extensiond832.png]
[cdn.shopify.com/s/files/1/0951/3130/4218/files/U53_Quick_count_POS_extension_mobile-fallback2178.png]
[cdn.shopify.com/b/shopify-brochure2-assets/6f0d7e6128d962253121b3aec1527854.png]
[cdn.shopify.com/b/shopify-brochure2-assets/1a10e8fb22411e7ae54bedde20ff1ec5.png]
[cdn.shopify.com/s/files/1/0951/3130/4218/files/U50_Unified_Editor0815.png]
[cdn.shopify.com/s/files/1/0951/3130/4218/files/flowerbg-2347d.png]
[cdn.shopify.com/s/files/1/0951/3130/4218/files/U62_Uber_Direct_POS_localac9d.png]
[cdn.shopify.com/s/files/1/0951/3130/4218/files/U62_Uber_Direct_POS_local_mobile-fallback83eb.png]
[cdn.shopify.com/s/files/1/0951/3130/4218/files/Fallback_Mobile_Retail_2x_0adf909c-56a2-4df2-89c7-a8c53dfc4d855885.jpg]
[cdn.shopify.com/s/files/1/0951/3130/4218/collections/marketing27f0.jpg]
[cdn.shopify.com/b/shopify-brochure2-assets/228361bfc05b3d2c5260a542aa8c61c6.png]
[cdn.shopify.com/s/files/1/0951/3130/4218/files/U113_Shop_campaigns_b91abd7b-cce5-4609-8d43-051fce88982d7d89.png]
[cdn.shopify.com/s/files/1/0951/3130/4218/files/BG-R1805.png]
[cdn.shopify.com/s/files/1/0951/3130/4218/files/U105_Shopify_Email_SMS_marketing6a8c.png]
[cdn.shopify.com/s/files/1/0951/3130/4218/files/U109_Forms_translationsb9e3.png]
[cdn.shopify.com/s/files/1/0951/3130/4218/files/BG-B2be00.png]
[cdn.shopify.com/s/files/1/0951/3130/4218/files/U98_Search_and_filter_segmentation_templates80e5.png]
[cdn.shopify.com/s/files/1/0951/3130/4218/files/U98_Search_and_filter_segmentation_templates_mobile-fallback4a24.png]
[cdn.shopify.com/s/files/1/0951/3130/4218/files/Marketing_Fallback36ef.jpg]
[cdn.shopify.com/s/files/1/0951/3130/4218/files/Fallback_Mobile_Marketing_2x_9bdae360-044d-4e84-a72c-19df76beae850085.jpg]
[cdn.shopify.com/s/files/1/0951/3130/4218/files/251201-W26-ProductNetwork-Preroroll_92123bfc-8331-4763-958d-c5ddf65622484b08.png]
[cdn.shopify.com/s/files/1/0951/3130/4218/files/preview_images/2ace8284aebc4d22901886b2323bb20d.thumbnail.0000000000f56b.jpg]
[cdn.shopify.com/s/files/1/0951/3130/4218/collections/checkoutbb09.jpg]
[cdn.shopify.com/s/files/1/0951/3130/4218/files/U94_Markets_in_the_Checkoutc4df.png]
[cdn.shopify.com/s/files/1/0951/3130/4218/files/Checkout_Fallback_2512090997.jpg]
[cdn.shopify.com/s/files/1/0951/3130/4218/files/Fallback_Mobile_Checkout_2x_3d90b8e1-3861-4d8e-975c-53c1adfbff04a452.jpg]
[cdn.shopify.com/s/files/1/0951/3130/4218/collections/operations0754.jpg]
[cdn.shopify.com/s/files/1/0951/3130/4218/files/B41ef3.png]
[cdn.shopify.com/s/files/1/0951/3130/4218/files/U143_Flexible_inventory_transfers4bcf.png]
[cdn.shopify.com/b/shopify-brochure2-assets/26605fc719dba38d9d2a5da83312810f.png]
[cdn.shopify.com/b/shopify-brochure2-assets/92261b18c8eb7e532e60f23ee5682d04.png]
[cdn.shopify.com/s/files/1/0951/3130/4218/files/U132_Quick_sale_in_Shopify_Mobile_fd663056-4f60-4747-920f-e1b1d890383ec32c.png]
[cdn.shopify.com/s/files/1/0951/3130/4218/files/U132_Quick_sale_in_Shopify_Mobile_mobile-fallback_06e42a0e-a477-4848-b7fa-760ac275943a7da2.png]
[cdn.shopify.com/s/files/1/0951/3130/4218/files/U133_Apple_watch_app_redesignd1b8.png]
[cdn.shopify.com/s/files/1/0951/3130/4218/files/packed_dirt_normal_map6cd6.jpg]
[cdn.shopify.com/s/files/1/0951/3130/4218/files/Operations_Fallbackd3ad.jpg]
[cdn.shopify.com/s/files/1/0951/3130/4218/files/Fallback_Mobile_Operation_2x_db6348e7-2481-4c47-9a8b-076bb53775c3c467.jpg]
[cdn.shopify.com/s/files/1/0951/3130/4218/collections/shop-app5484.jpg]
[cdn.shopify.com/s/files/1/0951/3130/4218/files/U151_Personalized_Shop_storefrontsd686.png]
[cdn.shopify.com/s/files/1/0951/3130/4218/files/U151_Personalized_Shop_storefronts_mobile-fallback_36563654-7887-4241-8439-deef7a4fbac5580f.png]
[cdn.shopify.com/s/files/1/0951/3130/4218/files/rive_u151_22-desktop6266.png]
[cdn.shopify.com/s/files/1/0951/3130/4218/files/rive_u151_22-mobile75cf.png]
[cdn.shopify.com/s/files/1/0951/3130/4218/files/rive_u151_23-desktop6266.png]
[cdn.shopify.com/s/files/1/0951/3130/4218/files/rive_u151_23-mobile6292.png]
[cdn.shopify.com/s/files/1/0951/3130/4218/files/rive_u151_24-desktop3ef2.png]
[cdn.shopify.com/s/files/1/0951/3130/4218/files/rive_u151_24-mobile84f3.png]
[cdn.shopify.com/s/files/1/0951/3130/4218/files/rive_u151_25-desktop6266.png]
[cdn.shopify.com/s/files/1/0951/3130/4218/files/rive_u151_25-mobile19d8.png]
[cdn.shopify.com/s/files/1/0951/3130/4218/files/U153_Offers_in_Shopaf15.png]
[cdn.shopify.com/s/files/1/0951/3130/4218/files/U153_Offers_in_Shop_mobile-fallback9acf.png]
[cdn.shopify.com/s/files/1/0951/3130/4218/files/preview_images/def37b82d2b5486a87cbf297a896f7d4.thumbnail.000000000040aa.jpg]
[cdn.shopify.com/s/files/1/0951/3130/4218/files/preview_images/8459c49d89c64442b37598a6155ae301.thumbnail.0000000000e90d.jpg]
[cdn.shopify.com/s/files/1/0951/3130/4218/files/Shop_app_Fallback56ec.jpg]
[cdn.shopify.com/s/files/1/0951/3130/4218/files/Fallback_Mobile_Shopapp_2x_9bda6267-e34e-470a-b8ff-7749b27e65bc80e1.jpg]
[cdn.shopify.com/s/files/1/0951/3130/4218/collections/b2b5104.jpg]
[cdn.shopify.com/s/files/1/0951/3130/4218/files/U71_Shopify_Collective_globally_availablea408.png]
[cdn.shopify.com/s/files/1/0951/3130/4218/files/U75_b2b_ACH_payments8d23.png]
[cdn.shopify.com/b/shopify-brochure2-assets/786dd1f1b8096bb6116dcbf0fe12893a.png]
[cdn.shopify.com/b/shopify-brochure2-assets/3fb74ac5ef61aeaa88b78374d3b1ab19.png]
[cdn.shopify.com/s/files/1/0951/3130/4218/files/U82_Collective_Retailer_directory.21cb.png]
[cdn.shopify.com/s/files/1/0951/3130/4218/files/U79_Send_payment_requests_per_fulfillment2e5a.png]
[cdn.shopify.com/s/files/1/0951/3130/4218/files/newProperty_1_B2B6b49.jpg]
[cdn.shopify.com/s/files/1/0951/3130/4218/files/Fallback_Mobile_B2B_2x_1353d91d-00eb-455e-bafb-18762b0240cb3f84.jpg]
[cdn.shopify.com/s/files/1/0951/3130/4218/collections/Global_2x_b0f402bc-a812-47e6-b3eb-f08c3aa4f7d1c4d8.jpg]
[cdn.shopify.com/b/shopify-brochure2-assets/1bf084da109bb3fe83016948c3c88b1f.png]
[cdn.shopify.com/s/files/1/0951/3130/4218/files/U172_Capital_flex_account_0dc379db-95c4-4986-a8d3-13dfb10563f1f964.png]
[cdn.shopify.com/s/files/1/0951/3130/4218/files/U158_Automated_transfers_for_Shopify_Balance_payouts0535.png]
[cdn.shopify.com/s/files/1/0951/3130/4218/files/U158_Automated_transfers_for_Shopify_Balance_payouts_mobile-fallback3868.png]
[cdn.shopify.com/s/files/1/0951/3130/4218/files/Rectangle_240657548cb7f.jpg]
[cdn.shopify.com/s/files/1/0951/3130/4218/files/U163_Spend_controls_secondary_cardholders_for_Balance5f00.png]
[cdn.shopify.com/s/files/1/0951/3130/4218/files/U163_Spend_controls_cardholders_for_Balance_mobile-fallback2e3a.png]
[cdn.shopify.com/s/files/1/0951/3130/4218/files/Finance_Fallback75b2.jpg]
[cdn.shopify.com/s/files/1/0951/3130/4218/files/Fallback_Mobile_Finance_2x_7fce0bd0-4a7b-4811-8eb9-a51d52fd357bd0f8.jpg]
[cdn.shopify.com/s/files/1/0951/3130/4218/collections/shipping4226.jpg]
[cdn.shopify.com/s/files/1/0951/3130/4218/files/U117_FedEx_One_Rate_Return_Labels_6-col6afc.png]
[cdn.shopify.com/s/files/1/0951/3130/4218/files/U122_Variant_default_packaging6636.png]
[cdn.shopify.com/s/files/1/0951/3130/4218/files/Shipping_Fallbackac4f.jpg]
[cdn.shopify.com/s/files/1/0951/3130/4218/files/Fallback_Mobile_Shipping_2x_20393750-bbde-4f1f-ba88-24517c3ade74e2cf.jpg]
[cdn.shopify.com/s/files/1/0951/3130/4218/collections/developere3ac.jpg]
[cdn.shopify.com/s/files/1/0951/3130/4218/files/Property_1_Developerf298.jpg]
[cdn.shopify.com/s/files/1/0951/3130/4218/files/Fallback_Mobile_Developer_2x_a0cdd077-d691-4a02-888a-2641d7cc1c6f5cde.jpg]
[cdn.shopify.com/s/files/1/0951/3130/4218/files/U270_DevDash_desktop-mobile-fallbackd024.png]
[cdn.shopify.com/s/files/1/0951/3130/4218/files/U271_Checkout_MCP58d7.png]
[cdn.shopify.com/s/files/1/0951/3130/4218/files/U183_Checkout_for_web_f222b0b3-24d2-4ee2-aff2-ebf8ffb4a766dd43.png]
[cdn.shopify.com/s/files/1/0951/3130/4218/files/U226__Sidekick_app_discovery_6b57593c-579c-4a91-84af-7173ff60da8383ed.png]
[cdn.shopify.com/s/files/1/0951/3130/4218/files/U253_-_App_intents_for_Sidekick84b6.png]
[cdn.shopify.com/s/files/1/0951/3130/4218/files/preview_images/f880db5d8462441482ecbc2437cacf5d.thumbnail.0000000000c0eb.jpg]
[cdn.shopify.com/s/files/1/0951/3130/4218/files/U229_Admin_Intents_API15d7.png]
[cdn.shopify.com/s/files/1/0951/3130/4218/files/U191_Faster_bulk_data_imports2fbd.png]
[cdn.shopify.com/s/files/1/0951/3130/4218/files/U223_upgrades_for_metafields707a.png]
[cdn.shopify.com/s/files/1/0951/3130/4218/files/U267_Tangle33f1.png]
[cdn.shopify.com/b/shopify-brochure2-assets/c9c913c72ba45ce34cb2521bcaaefd07.png]
[cdn.shopify.com/b/shopify-brochure2-assets/a230ba237d7a6d736a1ce46b084a41c6.png]
[cdn.shopify.com/s/files/1/0951/3130/4218/files/U200_Shop_SDK_Miniscd7c.png]
[cdn.shopify.com/s/files/1/0951/3130/4218/files/U190_pos_extension_storage_dark7ee7.png]
[cdn.shopify.com/s/files/1/0951/3130/4218/files/preview_images/EW26_Hero_251205_compressed-optimized7072.jpg]
[cdn.shopify.com/s/files/1/0951/3130/4218/files/herofallbackf219.jpg]
[cdn.shopify.com/s/files/1/0951/3130/4218/files/portrait-hero-test-fallback4d02.jpg]
[cdn.shopify.com/s/files/1/0951/3130/4218/files/hero-desktopa166.jpg]
[cdn.shopify.com/s/files/1/0951/3130/4218/files/hero-mobile622a.jpg]
[www.shopify.com/editions/winter2026.html]
[cdn.shopify.com/s/files/1/0951/3130/4218/files/popup.min_b559df28-6533-4954-a806-3371c988c9564631.js]
[cdn.shopify.com/s/files/1/0951/3130/4218/files/mobile-bg2393.png]
[cdn.shopify.com/oxygen-v2/47215/49013/102837/4097382/assets/tailwind-G-N6aznT.css]
[cdn.shopify.com/oxygen-v2/47215/49013/102837/4097382/assets/fonts-latin-CzfLCQn_.css]
[cdn.shopify.com/oxygen-v2/51271/91735/189252/4257818/assets/tailwind-vOc3OfBK.css]
[cdn.shopify.com/s/files/1/0647/5176/3550/files/fav-16_a5618e5f-bd5c-468b-8420-6da0076976b51bc8.png]
[cdn.shopify.com/s/files/1/0647/5176/3550/files/fav-32_6a6f91e7-131c-49e1-9d44-adfb98fb97971bc8.png]
[cdn.shopify.com/oxygen-v2/51271/91735/189252/4257818/assets/fonts-latin-Hwnc9bw-.css]
[cdn.shopify.com/oxygen-v2/51271/91735/189252/4257818/assets/manifest-9eedb636.js]
[cdn.shopify.com/oxygen-v2/51271/91735/189252/4257818/assets/entry.client-Dj0fnhd4.js]
[cdn.shopify.com/oxygen-v2/51271/91735/189252/4257818/assets/rolldown-runtime-aKtaBQYM.js]
[cdn.shopify.com/oxygen-v2/51271/91735/189252/4257818/assets/react-Dvkprh6u.js]
[cdn.shopify.com/oxygen-v2/51271/91735/189252/4257818/assets/chunk-KS7C4IRE-Dd5idMhp.js]
[cdn.shopify.com/oxygen-v2/51271/91735/189252/4257818/assets/react-dom-D0LIiji2.js]
[cdn.shopify.com/oxygen-v2/51271/91735/189252/4257818/assets/client-CnNVSQEV.js]
[cdn.shopify.com/oxygen-v2/51271/91735/189252/4257818/assets/jsx-runtime-DKdBMi_L.js]
[cdn.shopify.com/oxygen-v2/51271/91735/189252/4257818/assets/production-BBYxanav.js]
[cdn.shopify.com/oxygen-v2/51271/91735/189252/4257818/assets/preload-helper-Dn9mmhE2.js]
[cdn.shopify.com/oxygen-v2/51271/91735/189252/4257818/assets/scheduler-DqIm7aYh.js]
[cdn.shopify.com/oxygen-v2/51271/91735/189252/4257818/assets/root-Cy0YrlTJ.js]
[cdn.shopify.com/oxygen-v2/51271/91735/189252/4257818/assets/chunk-T3U33ZZ5-BudId7g_.js]
[cdn.shopify.com/oxygen-v2/51271/91735/189252/4257818/assets/chunk-QDYO3ITX-DQ3dpM7P.js]
[cdn.shopify.com/oxygen-v2/51271/91735/189252/4257818/assets/BrowserSpecsListener-ZikkqexF.js]
[cdn.shopify.com/oxygen-v2/51271/91735/189252/4257818/assets/useIsShopifyMerchantStore-DbJsgDUs.js]
[cdn.shopify.com/oxygen-v2/51271/91735/189252/4257818/assets/reportError-BYvz8-x-.js]
[cdn.shopify.com/oxygen-v2/51271/91735/189252/4257818/assets/safeLazy-9BL36byX.js]
[cdn.shopify.com/oxygen-v2/51271/91735/189252/4257818/assets/constants-B_dPN1Ep.js]
[cdn.shopify.com/oxygen-v2/51271/91735/189252/4257818/assets/react-_Rk6hbya.js]
[cdn.shopify.com/oxygen-v2/51271/91735/189252/4257818/assets/shallow-D10MTZ8f.js]
[cdn.shopify.com/oxygen-v2/51271/91735/189252/4257818/assets/vanilla-DZJGj1NY.js]
[cdn.shopify.com/oxygen-v2/51271/91735/189252/4257818/assets/useBrowserSpecsStore-KSBuyu5W.js]
[cdn.shopify.com/oxygen-v2/51271/91735/189252/4257818/assets/useReducedMotion-CtCrcO7s.js]
[cdn.shopify.com/oxygen-v2/51271/91735/189252/4257818/assets/(_locale).editions.spring2026-BhktWbj6.js]
[cdn.shopify.com/oxygen-v2/51271/91735/189252/4257818/assets/Media-CZfJePP9.js]
[cdn.shopify.com/oxygen-v2/51271/91735/189252/4257818/assets/constants-CQcMVZ2M.js]
[cdn.shopify.com/oxygen-v2/51271/91735/189252/4257818/assets/classnames-R0nST0CP.js]
[cdn.shopify.com/oxygen-v2/51271/91735/189252/4257818/assets/tailwind-config-Df-ObWL6.js]
[cdn.shopify.com/oxygen-v2/51271/91735/189252/4257818/assets/Button-COY1pSjf.js]
[cdn.shopify.com/oxygen-v2/51271/91735/189252/4257818/assets/lenisManager-BuYlhEBR.js]
[cdn.shopify.com/oxygen-v2/51271/91735/189252/4257818/assets/middleware-D_nWYfbo.js]
[cdn.shopify.com/oxygen-v2/51271/91735/189252/4257818/assets/clamp-DM1hWUcE.js]
[cdn.shopify.com/oxygen-v2/51271/91735/189252/4257818/assets/useSectionRegistry-BcvkvUON.js]
[cdn.shopify.com/oxygen-v2/51271/91735/189252/4257818/assets/useTierStore-edsQsT8s.js]
[cdn.shopify.com/oxygen-v2/51271/91735/189252/4257818/assets/useAssetLoadingStore-BjdwlLYn.js]
[cdn.shopify.com/oxygen-v2/51271/91735/189252/4257818/assets/sectionModels-CqSyktdl.js]
[cdn.shopify.com/oxygen-v2/51271/91735/189252/4257818/assets/dpr-CfAtMFij.js]
[cdn.shopify.com/oxygen-v2/51271/91735/189252/4257818/assets/useMountedSectionElements-Cr2W9LB-.js]
[cdn.shopify.com/oxygen-v2/51271/91735/189252/4257818/assets/useSectionStore-Sy0UOQiX.js]
[cdn.shopify.com/oxygen-v2/51271/91735/189252/4257818/assets/useDriveActivation-bgDBaHtn.js]
[cdn.shopify.com/oxygen-v2/51271/91735/189252/4257818/assets/SceneDataContext-BXyXjH22.js]
[cdn.shopify.com/oxygen-v2/51271/91735/189252/4257818/assets/useStickyMountGate-DmTxtK8v.js]
[cdn.shopify.com/oxygen-v2/51271/91735/189252/4257818/assets/useSceneReveal-WqfJukLu.js]
[cdn.shopify.com/oxygen-v2/51271/91735/189252/4257818/assets/three.core-DVcoLpfz.js]
[cdn.shopify.com/oxygen-v2/51271/91735/189252/4257818/assets/events-760a1017.esm-DCPtHAo6.js]
[cdn.shopify.com/oxygen-v2/51271/91735/189252/4257818/assets/react-three-fiber.esm-Dxg-PL46.js]
[cdn.shopify.com/oxygen-v2/51271/91735/189252/4257818/assets/dist-4Ign8GoJ.js]
[cdn.shopify.com/oxygen-v2/51271/91735/189252/4257818/assets/SheetContext-sekuEx_H.js]
[cdn.shopify.com/oxygen-v2/51271/91735/189252/4257818/assets/componentTelemetry-BHGR3cLK.js]
[cdn.shopify.com/oxygen-v2/51271/91735/189252/4257818/assets/sharedZeroTexture-C5JcVREk.js]
[cdn.shopify.com/oxygen-v2/51271/91735/189252/4257818/assets/layers-Cvg6N2JU.js]
[cdn.shopify.com/oxygen-v2/51271/91735/189252/4257818/assets/SectionFluidVelocityContext-sekuEx_H.js]
[cdn.shopify.com/oxygen-v2/51271/91735/189252/4257818/assets/POS-CAA8j_qp.js]
[cdn.shopify.com/oxygen-v2/51271/91735/189252/4257818/assets/POSConstants-DDVeyt7I.js]
[cdn.shopify.com/oxygen-v2/51271/91735/189252/4257818/assets/subscribeWithInitial-Ckw6yogw.js]
[cdn.shopify.com/oxygen-v2/51271/91735/189252/4257818/assets/extends-CvVTau-c.js]
[cdn.shopify.com/oxygen-v2/51271/91735/189252/4257818/assets/Gltf-yU3CSC93.js]
[cdn.shopify.com/oxygen-v2/51271/91735/189252/4257818/assets/Environment-Wa--bW_7.js]
[cdn.shopify.com/oxygen-v2/51271/91735/189252/4257818/assets/OrbitControls-C3_f9Wka.js]
[cdn.shopify.com/oxygen-v2/51271/91735/189252/4257818/assets/useTheatreObject-H4ZAcMv1.js]
[cdn.shopify.com/oxygen-v2/51271/91735/189252/4257818/assets/heroRingTheatreControls-Cya-WCRd.js]
[cdn.shopify.com/oxygen-v2/51271/91735/189252/4257818/assets/HeroRingObject-Co7PP3aB.js]
[cdn.shopify.com/oxygen-v2/51271/91735/189252/4257818/assets/useElementVisibility-DXKP96Fa.js]
[cdn.shopify.com/oxygen-v2/51271/91735/189252/4257818/assets/TierResolver-BdN4I3UW.js]
[cdn.shopify.com/oxygen-v2/51271/91735/189252/4257818/assets/presets-BdwQB_Rb.js]
[cdn.shopify.com/oxygen-v2/51271/91735/189252/4257818/assets/deploy-urls-C_mnVA4y.js]
[cdn.shopify.com/oxygen-v2/51271/91735/189252/4257818/assets/useTheatreDebugStore-wm7Y6xYi.js]
[cdn.shopify.com/oxygen-v2/51271/91735/189252/4257818/assets/useTheatreSectionHeight-BiKzbPmf.js]
[cdn.shopify.com/oxygen-v2/51271/91735/189252/4257818/assets/SectionScene-DXfOF_e9.js]
[cdn.shopify.com/oxygen-v2/51271/91735/189252/4257818/assets/FluidField-BvVEm9Kv.js]
[cdn.shopify.com/oxygen-v2/51271/91735/189252/4257818/assets/sceneTimeScale-DgHP24AK.js]
[cdn.shopify.com/oxygen-v2/51271/91735/189252/4257818/assets/cameraAnimations-dhQqw_sV.js]
[cdn.shopify.com/oxygen-v2/51271/91735/189252/4257818/assets/ScenePresetsContext-CSn8bGed.js]
[cdn.shopify.com/oxygen-v2/51271/91735/189252/4257818/assets/dist-D4DOwfAL.js]
[cdn.shopify.com/oxygen-v2/51271/91735/189252/4257818/assets/Environment-CLl_XlgO.js]
[cdn.shopify.com/oxygen-v2/51271/91735/189252/4257818/assets/reducedMotion-CT1n0ezQ.js]
[cdn.shopify.com/oxygen-v2/51271/91735/189252/4257818/assets/useCanvasPointer-CKM2sIQX.js]
[cdn.shopify.com/oxygen-v2/51271/91735/189252/4257818/assets/SdfRegistry-DVIweSpZ.js]
[cdn.shopify.com/oxygen-v2/51271/91735/189252/4257818/assets/ktx2-loader-7Y-IX7SR.js]
[cdn.shopify.com/oxygen-v2/51271/91735/189252/4257818/assets/colorAndNoise-DY6zB3P7.js]
[cdn.shopify.com/oxygen-v2/51271/91735/189252/4257818/assets/renderScaleResolve-qdey1xp-.js]
[cdn.shopify.com/oxygen-v2/51271/91735/189252/4257818/assets/pointerNdc-C2qFNexH.js]
[cdn.shopify.com/oxygen-v2/51271/91735/189252/4257818/assets/externalPointer-CwD6cY1y.js]
[cdn.shopify.com/oxygen-v2/51271/91735/189252/4257818/assets/EnvironmentObject-BcDw_ZFE.js]
[cdn.shopify.com/oxygen-v2/51271/91735/189252/4257818/assets/AssetSdf-BrECqyB9.js]
[cdn.shopify.com/b/shopify-brochure2-assets/3b005b6be5fa9a10cfd5c9b11462cd029ebe.png]
[cdn.shopify.com/b/shopify-brochure2-assets/3b005b6be5fa9a10cfd5c9b11462cd02d014.png]
[cdn.shopify.com/b/shopify-brochure2-assets/3b005b6be5fa9a10cfd5c9b11462cd025fca.png]
[cdn.shopify.com/b/shopify-brochure2-assets/3b005b6be5fa9a10cfd5c9b11462cd02aa32.png]
[cdn.shopify.com/b/shopify-brochure2-assets/3b005b6be5fa9a10cfd5c9b11462cd023189.png]
[cdn.shopify.com/b/shopify-brochure2-assets/3b005b6be5fa9a10cfd5c9b11462cd02d3b4.png]
[cdn.shopify.com/b/shopify-brochure2-assets/3b005b6be5fa9a10cfd5c9b11462cd02417c.png]
[cdn.shopify.com/b/shopify-brochure2-assets/3b005b6be5fa9a10cfd5c9b11462cd024ae5.png]
[cdn.shopify.com/b/shopify-brochure2-assets/3b005b6be5fa9a10cfd5c9b11462cd024fd5.png]
[cdn.shopify.com/b/shopify-brochure2-assets/3b005b6be5fa9a10cfd5c9b11462cd02fb96.png]
[cdn.shopify.com/b/shopify-brochure2-assets/3b005b6be5fa9a10cfd5c9b11462cd023266.png]
[cdn.shopify.com/b/shopify-brochure2-assets/3b005b6be5fa9a10cfd5c9b11462cd02ac4a.png]
[cdn.shopify.com/b/shopify-brochure2-assets/3b005b6be5fa9a10cfd5c9b11462cd021d9d.png]
[cdn.shopify.com/b/shopify-brochure2-assets/3b005b6be5fa9a10cfd5c9b11462cd0299db.png]
[cdn.shopify.com/b/shopify-brochure2-assets/3b005b6be5fa9a10cfd5c9b11462cd02c552.png]
[cdn.shopify.com/b/shopify-brochure2-assets/3b005b6be5fa9a10cfd5c9b11462cd0269d0.png]
[cdn.shopify.com/b/shopify-brochure2-assets/3b005b6be5fa9a10cfd5c9b11462cd02f519.png]
[cdn.shopify.com/b/shopify-brochure2-assets/3b005b6be5fa9a10cfd5c9b11462cd02cb08.png]
[cdn.shopify.com/s/files/1/0647/5176/3550/files/U207_Shopify_Catalog_desktop-fallbackee93.png]
[cdn.shopify.com/s/files/1/0647/5176/3550/files/U207_Shopify_Catalog_desktop-fallback9044.png]
[cdn.shopify.com/s/files/1/0647/5176/3550/files/U207_Shopify_Catalog_desktop-fallback5fbd.png]
[cdn.shopify.com/s/files/1/0647/5176/3550/files/U207_Shopify_Catalog_desktop-fallback9aed.png]
[cdn.shopify.com/s/files/1/0647/5176/3550/files/U207_Shopify_Catalog_desktop-fallback3737.png]
[cdn.shopify.com/s/files/1/0647/5176/3550/files/U207_Shopify_Catalog_desktop-fallback2ea0.png]
[cdn.shopify.com/s/files/1/0647/5176/3550/files/U207_Shopify_Catalog_desktop-fallback0ba5.png]
[cdn.shopify.com/s/files/1/0647/5176/3550/files/U207_Shopify_Catalog_desktop-fallbackc1bf.png]
[cdn.shopify.com/b/shopify-brochure2-assets/90d0835280024545f48f014fb9afcb83b5bb.png]
[cdn.shopify.com/b/shopify-brochure2-assets/90d0835280024545f48f014fb9afcb839ebe.png]
[cdn.shopify.com/b/shopify-brochure2-assets/90d0835280024545f48f014fb9afcb83681d.png]
[cdn.shopify.com/b/shopify-brochure2-assets/90d0835280024545f48f014fb9afcb83d014.png]
[cdn.shopify.com/b/shopify-brochure2-assets/90d0835280024545f48f014fb9afcb831b6e.png]
[cdn.shopify.com/b/shopify-brochure2-assets/90d0835280024545f48f014fb9afcb835fca.png]
[cdn.shopify.com/b/shopify-brochure2-assets/90d0835280024545f48f014fb9afcb83434a.png]
[cdn.shopify.com/b/shopify-brochure2-assets/90d0835280024545f48f014fb9afcb83aa32.png]
[cdn.shopify.com/b/shopify-brochure2-assets/90d0835280024545f48f014fb9afcb8380fc.png]
[cdn.shopify.com/b/shopify-brochure2-assets/90d0835280024545f48f014fb9afcb833189.png]
[cdn.shopify.com/b/shopify-brochure2-assets/90d0835280024545f48f014fb9afcb83d1ee.png]
[cdn.shopify.com/b/shopify-brochure2-assets/90d0835280024545f48f014fb9afcb83d3b4.png]
[cdn.shopify.com/b/shopify-brochure2-assets/90d0835280024545f48f014fb9afcb830ca3.png]
[cdn.shopify.com/b/shopify-brochure2-assets/90d0835280024545f48f014fb9afcb83417c.png]
[cdn.shopify.com/b/shopify-brochure2-assets/90d0835280024545f48f014fb9afcb834675.png]
[cdn.shopify.com/b/shopify-brochure2-assets/90d0835280024545f48f014fb9afcb834ae5.png]
[cdn.shopify.com/b/shopify-brochure2-assets/90d0835280024545f48f014fb9afcb832439.png]
[cdn.shopify.com/s/files/1/0647/5176/3550/files/0_9e0dee50-935d-4ed6-9902-5806efb9c803f4e8.png]
[cdn.shopify.com/b/shopify-brochure2-assets/91c43550318219a1d4393cb8d5062fd49ebe.png]
[cdn.shopify.com/b/shopify-brochure2-assets/91c43550318219a1d4393cb8d5062fd4d014.png]
[cdn.shopify.com/b/shopify-brochure2-assets/91c43550318219a1d4393cb8d5062fd45fca.png]
[cdn.shopify.com/b/shopify-brochure2-assets/91c43550318219a1d4393cb8d5062fd4aa32.png]
[cdn.shopify.com/b/shopify-brochure2-assets/91c43550318219a1d4393cb8d5062fd43189.png]
[cdn.shopify.com/b/shopify-brochure2-assets/91c43550318219a1d4393cb8d5062fd4d3b4.png]
[cdn.shopify.com/b/shopify-brochure2-assets/91c43550318219a1d4393cb8d5062fd4417c.png]
[cdn.shopify.com/b/shopify-brochure2-assets/91c43550318219a1d4393cb8d5062fd44ae5.png]
[cdn.shopify.com/b/shopify-brochure2-assets/91c43550318219a1d4393cb8d5062fd44fd5.png]
[cdn.shopify.com/b/shopify-brochure2-assets/91c43550318219a1d4393cb8d5062fd4fb96.png]
[cdn.shopify.com/b/shopify-brochure2-assets/91c43550318219a1d4393cb8d5062fd43266.png]
[cdn.shopify.com/b/shopify-brochure2-assets/91c43550318219a1d4393cb8d5062fd4ac4a.png]
[cdn.shopify.com/b/shopify-brochure2-assets/91c43550318219a1d4393cb8d5062fd41d9d.png]
[cdn.shopify.com/b/shopify-brochure2-assets/91c43550318219a1d4393cb8d5062fd499db.png]
[cdn.shopify.com/b/shopify-brochure2-assets/91c43550318219a1d4393cb8d5062fd4c552.png]
[cdn.shopify.com/b/shopify-brochure2-assets/91c43550318219a1d4393cb8d5062fd469d0.png]
[cdn.shopify.com/b/shopify-brochure2-assets/91c43550318219a1d4393cb8d5062fd4f519.png]
[cdn.shopify.com/b/shopify-brochure2-assets/91c43550318219a1d4393cb8d5062fd4cb08.png]
[cdn.shopify.com/s/files/1/0647/5176/3550/files/U286_Affilate_links_in_catalog1ead.png]
[cdn.shopify.com/s/files/1/0647/5176/3550/files/U286_Affilate_links_in_catalogf18c.png]
[cdn.shopify.com/s/files/1/0647/5176/3550/files/U286_Affilate_links_in_catalog9d72.png]
[cdn.shopify.com/s/files/1/0647/5176/3550/files/U286_Affilate_links_in_catalogc79f.png]
[cdn.shopify.com/s/files/1/0647/5176/3550/files/U286_Affilate_links_in_catalog1eb9.png]
[cdn.shopify.com/s/files/1/0647/5176/3550/files/U286_Affilate_links_in_catalog8713.png]
[cdn.shopify.com/s/files/1/0647/5176/3550/files/U286_Affilate_links_in_catalog95e1.png]
[cdn.shopify.com/s/files/1/0647/5176/3550/files/U286_Affilate_links_in_catalog088b.png]
[cdn.shopify.com/b/shopify-brochure2-assets/897639d901ad579ec859c3e1f2ea98f0b5bb.png]
[cdn.shopify.com/b/shopify-brochure2-assets/897639d901ad579ec859c3e1f2ea98f09ebe.png]
[cdn.shopify.com/b/shopify-brochure2-assets/897639d901ad579ec859c3e1f2ea98f0681d.png]
[cdn.shopify.com/b/shopify-brochure2-assets/897639d901ad579ec859c3e1f2ea98f0d014.png]
[cdn.shopify.com/b/shopify-brochure2-assets/897639d901ad579ec859c3e1f2ea98f01b6e.png]
[cdn.shopify.com/b/shopify-brochure2-assets/897639d901ad579ec859c3e1f2ea98f05fca.png]
[cdn.shopify.com/b/shopify-brochure2-assets/897639d901ad579ec859c3e1f2ea98f0434a.png]
[cdn.shopify.com/b/shopify-brochure2-assets/897639d901ad579ec859c3e1f2ea98f0aa32.png]
[cdn.shopify.com/b/shopify-brochure2-assets/897639d901ad579ec859c3e1f2ea98f080fc.png]
[cdn.shopify.com/b/shopify-brochure2-assets/897639d901ad579ec859c3e1f2ea98f03189.png]
[cdn.shopify.com/b/shopify-brochure2-assets/897639d901ad579ec859c3e1f2ea98f0d1ee.png]
[cdn.shopify.com/b/shopify-brochure2-assets/897639d901ad579ec859c3e1f2ea98f0d3b4.png]
[cdn.shopify.com/b/shopify-brochure2-assets/897639d901ad579ec859c3e1f2ea98f00ca3.png]
[cdn.shopify.com/b/shopify-brochure2-assets/897639d901ad579ec859c3e1f2ea98f0417c.png]
[cdn.shopify.com/b/shopify-brochure2-assets/897639d901ad579ec859c3e1f2ea98f04675.png]
[cdn.shopify.com/b/shopify-brochure2-assets/897639d901ad579ec859c3e1f2ea98f04ae5.png]
[cdn.shopify.com/b/shopify-brochure2-assets/897639d901ad579ec859c3e1f2ea98f02439.png]
[www.shopify.com/editions/demos/sourced.html]
[cdn.shopify.com/s/files/1/0647/5176/3550/files/sourced-preview-poster1694.jpg]
[cdn.shopify.com/s/files/1/0647/5176/3550/files/sourced-preview-poster65d8.jpg]
[cdn.shopify.com/s/files/1/0647/5176/3550/files/sourced-preview-posterc204.jpg]
[cdn.shopify.com/s/files/1/0647/5176/3550/files/sourced-preview-posterb5fc.jpg]
[cdn.shopify.com/s/files/1/0647/5176/3550/files/sourced-preview-poster4023.jpg]
[cdn.shopify.com/s/files/1/0647/5176/3550/files/sourced-preview-poster4de8.jpg]
[cdn.shopify.com/s/files/1/0647/5176/3550/files/sourced-preview-posterf061.jpg]
[cdn.shopify.com/s/files/1/0647/5176/3550/files/sourced-preview-posterefc6.jpg]
[cdn.shopify.com/s/files/1/0647/5176/3550/files/sourced-preview-poster7090.jpg]
[cdn.shopify.com/s/files/1/0647/5176/3550/files/sourced-preview-posterca73.jpg]
[cdn.shopify.com/s/files/1/0647/5176/3550/files/sourced-preview-poster9110.jpg]
[cdn.shopify.com/s/files/1/0647/5176/3550/files/sourced-preview-poster6fcb.jpg]
[cdn.shopify.com/s/files/1/0647/5176/3550/files/sourced-preview-poster570f.jpg]
[cdn.shopify.com/s/files/1/0647/5176/3550/files/sourced-preview-poster1f3a.jpg]
[cdn.shopify.com/s/files/1/0647/5176/3550/files/sourced-preview-poster1c7e.jpg]
[cdn.shopify.com/s/files/1/0647/5176/3550/files/sourced-preview-posteraf73.jpg]
[www.shopify.com/editions/demos/starred.html]
[www.shopify.com/editions/demos/showroom.html]
[www.shopify.com/editions/demos/pippin.html]
[cdn.shopify.com/s/files/1/0647/5176/3550/files/s26_pippin_new_0616_poster468c.jpg]
[cdn.shopify.com/s/files/1/0647/5176/3550/files/s26_pippin_new_0616_posterdce7.jpg]
[cdn.shopify.com/s/files/1/0647/5176/3550/files/s26_pippin_new_0616_poster45da.jpg]
[cdn.shopify.com/s/files/1/0647/5176/3550/files/s26_pippin_new_0616_poster0d37.jpg]
[cdn.shopify.com/s/files/1/0647/5176/3550/files/s26_pippin_new_0616_poster9a10.jpg]
[cdn.shopify.com/s/files/1/0647/5176/3550/files/s26_pippin_new_0616_poster3573.jpg]
[cdn.shopify.com/s/files/1/0647/5176/3550/files/s26_pippin_new_0616_poster70c5.jpg]
[cdn.shopify.com/s/files/1/0647/5176/3550/files/s26_pippin_new_0616_postere597.jpg]
[cdn.shopify.com/s/files/1/0647/5176/3550/files/s26_pippin_new_0616_posterccb0.jpg]
[cdn.shopify.com/s/files/1/0647/5176/3550/files/s26_pippin_new_0616_poster9e01.jpg]
[cdn.shopify.com/s/files/1/0647/5176/3550/files/s26_pippin_new_0616_poster1178.jpg]
[cdn.shopify.com/s/files/1/0647/5176/3550/files/s26_pippin_new_0616_poster9cb6.jpg]
[cdn.shopify.com/s/files/1/0647/5176/3550/files/s26_pippin_new_0616_poster264a.jpg]
[cdn.shopify.com/s/files/1/0647/5176/3550/files/s26_pippin_new_0616_poster8c32.jpg]
[cdn.shopify.com/s/files/1/0647/5176/3550/files/s26_pippin_new_0616_poster5b9d.jpg]
[cdn.shopify.com/s/files/1/0647/5176/3550/files/s26_pippin_new_0616_poster8af1.jpg]
[www.shopify.com/editions/demos/all-set.html]
[cdn.shopify.com/s/files/1/0647/5176/3550/files/U62_Home_powered_by_Sidekick_desktop-fallback527d.png]
[cdn.shopify.com/s/files/1/0647/5176/3550/files/U62_Home_powered_by_Sidekick_desktop-fallback4878.png]
[cdn.shopify.com/s/files/1/0647/5176/3550/files/U62_Home_powered_by_Sidekick_desktop-fallback2830.png]
[cdn.shopify.com/s/files/1/0647/5176/3550/files/U62_Home_powered_by_Sidekick_desktop-fallbacka09f.png]
[cdn.shopify.com/s/files/1/0647/5176/3550/files/U62_Home_powered_by_Sidekick_desktop-fallback87fb.png]
[cdn.shopify.com/s/files/1/0647/5176/3550/files/U62_Home_powered_by_Sidekick_desktop-fallback51fe.png]
[cdn.shopify.com/s/files/1/0647/5176/3550/files/U62_Home_powered_by_Sidekick_desktop-fallback1681.png]
[cdn.shopify.com/s/files/1/0647/5176/3550/files/U62_Home_powered_by_Sidekick_desktop-fallback9483.png]
[cdn.shopify.com/s/files/1/0647/5176/3550/files/U270_Sidekick_on_Apple_watch69b0.png]
[cdn.shopify.com/s/files/1/0647/5176/3550/files/U270_Sidekick_on_Apple_watchdb85.png]
[cdn.shopify.com/s/files/1/0647/5176/3550/files/U270_Sidekick_on_Apple_watch3645.png]
[cdn.shopify.com/s/files/1/0647/5176/3550/files/U270_Sidekick_on_Apple_watch0171.png]
[cdn.shopify.com/s/files/1/0647/5176/3550/files/U270_Sidekick_on_Apple_watch2518.png]
[cdn.shopify.com/s/files/1/0647/5176/3550/files/U270_Sidekick_on_Apple_watche2b0.png]
[cdn.shopify.com/s/files/1/0647/5176/3550/files/U270_Sidekick_on_Apple_watcha845.png]
[cdn.shopify.com/s/files/1/0647/5176/3550/files/U270_Sidekick_on_Apple_watchc606.png]
[cdn.shopify.com/b/shopify-brochure2-assets/8b04b31c2a9e84df55f283602722c27db5bb.png]
[cdn.shopify.com/b/shopify-brochure2-assets/8b04b31c2a9e84df55f283602722c27d9ebe.png]
[cdn.shopify.com/b/shopify-brochure2-assets/8b04b31c2a9e84df55f283602722c27d681d.png]
[cdn.shopify.com/b/shopify-brochure2-assets/8b04b31c2a9e84df55f283602722c27dd014.png]
[cdn.shopify.com/b/shopify-brochure2-assets/8b04b31c2a9e84df55f283602722c27d1b6e.png]
[cdn.shopify.com/b/shopify-brochure2-assets/8b04b31c2a9e84df55f283602722c27d5fca.png]
[cdn.shopify.com/b/shopify-brochure2-assets/8b04b31c2a9e84df55f283602722c27d434a.png]
[cdn.shopify.com/b/shopify-brochure2-assets/8b04b31c2a9e84df55f283602722c27daa32.png]
[cdn.shopify.com/b/shopify-brochure2-assets/8b04b31c2a9e84df55f283602722c27d80fc.png]
[cdn.shopify.com/b/shopify-brochure2-assets/8b04b31c2a9e84df55f283602722c27d3189.png]
[cdn.shopify.com/b/shopify-brochure2-assets/8b04b31c2a9e84df55f283602722c27dd1ee.png]
[cdn.shopify.com/b/shopify-brochure2-assets/8b04b31c2a9e84df55f283602722c27dd3b4.png]
[cdn.shopify.com/b/shopify-brochure2-assets/8b04b31c2a9e84df55f283602722c27d0ca3.png]
[cdn.shopify.com/b/shopify-brochure2-assets/8b04b31c2a9e84df55f283602722c27d417c.png]
[cdn.shopify.com/b/shopify-brochure2-assets/8b04b31c2a9e84df55f283602722c27d4675.png]
[cdn.shopify.com/b/shopify-brochure2-assets/8b04b31c2a9e84df55f283602722c27d4ae5.png]
[cdn.shopify.com/b/shopify-brochure2-assets/8b04b31c2a9e84df55f283602722c27d2439.png]
[cdn.shopify.com/s/files/1/0647/5176/3550/files/U300_Storefront_search_fallback8528.png]
[cdn.shopify.com/s/files/1/0647/5176/3550/files/U300_Storefront_search_fallbackaae2.png]
[cdn.shopify.com/s/files/1/0647/5176/3550/files/U300_Storefront_search_fallback8cb2.png]
[cdn.shopify.com/s/files/1/0647/5176/3550/files/U300_Storefront_search_fallbackebc8.png]
[cdn.shopify.com/s/files/1/0647/5176/3550/files/U300_Storefront_search_fallback80aa.png]
[cdn.shopify.com/s/files/1/0647/5176/3550/files/U300_Storefront_search_fallback6cc3.png]
[cdn.shopify.com/s/files/1/0647/5176/3550/files/U300_Storefront_search_fallbackb9e9.png]
[cdn.shopify.com/s/files/1/0647/5176/3550/files/U300_Storefront_search_fallbackffb4.png]
[cdn.shopify.com/b/shopify-brochure2-assets/23944cb6e99a7475d6c63047ebc82ea7b5bb.png]
[cdn.shopify.com/b/shopify-brochure2-assets/23944cb6e99a7475d6c63047ebc82ea79ebe.png]
[cdn.shopify.com/b/shopify-brochure2-assets/23944cb6e99a7475d6c63047ebc82ea7681d.png]
[cdn.shopify.com/b/shopify-brochure2-assets/23944cb6e99a7475d6c63047ebc82ea7d014.png]
[cdn.shopify.com/b/shopify-brochure2-assets/23944cb6e99a7475d6c63047ebc82ea71b6e.png]
[cdn.shopify.com/b/shopify-brochure2-assets/23944cb6e99a7475d6c63047ebc82ea75fca.png]
[cdn.shopify.com/b/shopify-brochure2-assets/23944cb6e99a7475d6c63047ebc82ea7434a.png]
[cdn.shopify.com/b/shopify-brochure2-assets/23944cb6e99a7475d6c63047ebc82ea7aa32.png]
[cdn.shopify.com/b/shopify-brochure2-assets/23944cb6e99a7475d6c63047ebc82ea780fc.png]
[cdn.shopify.com/b/shopify-brochure2-assets/23944cb6e99a7475d6c63047ebc82ea73189.png]
[cdn.shopify.com/b/shopify-brochure2-assets/23944cb6e99a7475d6c63047ebc82ea7d1ee.png]
[cdn.shopify.com/b/shopify-brochure2-assets/23944cb6e99a7475d6c63047ebc82ea7d3b4.png]
[cdn.shopify.com/b/shopify-brochure2-assets/23944cb6e99a7475d6c63047ebc82ea70ca3.png]
[cdn.shopify.com/b/shopify-brochure2-assets/23944cb6e99a7475d6c63047ebc82ea7417c.png]
[cdn.shopify.com/b/shopify-brochure2-assets/23944cb6e99a7475d6c63047ebc82ea74675.png]
[cdn.shopify.com/b/shopify-brochure2-assets/23944cb6e99a7475d6c63047ebc82ea74ae5.png]
[cdn.shopify.com/b/shopify-brochure2-assets/23944cb6e99a7475d6c63047ebc82ea72439.png]
[cdn.shopify.com/s/files/1/0647/5176/3550/files/U249_Rollouts4108.png]
[cdn.shopify.com/s/files/1/0647/5176/3550/files/U249_Rollouts6f83.png]
[cdn.shopify.com/s/files/1/0647/5176/3550/files/U249_Rolloutsfb67.png]
[cdn.shopify.com/s/files/1/0647/5176/3550/files/U249_Rolloutsef91.png]
[cdn.shopify.com/s/files/1/0647/5176/3550/files/U249_Rollouts059a.png]
[cdn.shopify.com/s/files/1/0647/5176/3550/files/U249_Rollouts8464.png]
[cdn.shopify.com/s/files/1/0647/5176/3550/files/U249_Rollouts55e5.png]
[cdn.shopify.com/s/files/1/0647/5176/3550/files/U249_Rollouts5ff7.png]
[cdn.shopify.com/s/files/1/0647/5176/3550/files/U313_Improved_Markets_graph32cd.png]
[cdn.shopify.com/s/files/1/0647/5176/3550/files/U313_Improved_Markets_graph75bd.png]
[cdn.shopify.com/s/files/1/0647/5176/3550/files/U313_Improved_Markets_graph0e76.png]
[cdn.shopify.com/s/files/1/0647/5176/3550/files/U313_Improved_Markets_graph780a.png]
[cdn.shopify.com/s/files/1/0647/5176/3550/files/U313_Improved_Markets_graphcd56.png]
[cdn.shopify.com/s/files/1/0647/5176/3550/files/U313_Improved_Markets_graphdf82.png]
[cdn.shopify.com/s/files/1/0647/5176/3550/files/U313_Improved_Markets_graphe8b6.png]
[cdn.shopify.com/s/files/1/0647/5176/3550/files/U313_Improved_Markets_graph37f9.png]
[cdn.shopify.com/s/files/1/0647/5176/3550/files/u223-posterf70c.png]
[cdn.shopify.com/s/files/1/0647/5176/3550/files/U215_Variant_level_product_publishing_fallbacka43f.png]
[cdn.shopify.com/s/files/1/0647/5176/3550/files/U215_Variant_level_product_publishing_fallback7fe3.png]
[cdn.shopify.com/s/files/1/0647/5176/3550/files/U215_Variant_level_product_publishing_fallback2bbb.png]
[cdn.shopify.com/s/files/1/0647/5176/3550/files/U215_Variant_level_product_publishing_fallback3eae.png]
[cdn.shopify.com/s/files/1/0647/5176/3550/files/U215_Variant_level_product_publishing_fallback86ea.png]
[cdn.shopify.com/s/files/1/0647/5176/3550/files/U215_Variant_level_product_publishing_fallback96eb.png]
[cdn.shopify.com/s/files/1/0647/5176/3550/files/U215_Variant_level_product_publishing_fallback4b0d.png]
[cdn.shopify.com/s/files/1/0647/5176/3550/files/U215_Variant_level_product_publishing_fallback5a10.png]
[cdn.shopify.com/s/files/1/0647/5176/3550/files/U9_B2B_on_all_plansdb4a.png]
[cdn.shopify.com/s/files/1/0647/5176/3550/files/U9_B2B_on_all_plans713c.png]
[cdn.shopify.com/s/files/1/0647/5176/3550/files/U9_B2B_on_all_plans2fb1.png]
[cdn.shopify.com/s/files/1/0647/5176/3550/files/U9_B2B_on_all_plans11c1.png]
[cdn.shopify.com/s/files/1/0647/5176/3550/files/U9_B2B_on_all_plans7cdd.png]
[cdn.shopify.com/s/files/1/0647/5176/3550/files/U9_B2B_on_all_plansff3f.png]
[cdn.shopify.com/s/files/1/0647/5176/3550/files/U9_B2B_on_all_plansbc87.png]
[cdn.shopify.com/s/files/1/0647/5176/3550/files/U9_B2B_on_all_plans7a59.png]
[cdn.shopify.com/s/files/1/0647/5176/3550/files/U291_Product_sourcing_insights_fallbackfd6d.png]
[cdn.shopify.com/s/files/1/0647/5176/3550/files/U291_Product_sourcing_insights_fallbackdd01.png]
[cdn.shopify.com/s/files/1/0647/5176/3550/files/U291_Product_sourcing_insights_fallback4b16.png]
[cdn.shopify.com/s/files/1/0647/5176/3550/files/U291_Product_sourcing_insights_fallback17cf.png]
[cdn.shopify.com/s/files/1/0647/5176/3550/files/U291_Product_sourcing_insights_fallbacka803.png]
[cdn.shopify.com/s/files/1/0647/5176/3550/files/U291_Product_sourcing_insights_fallback1d9a.png]
[cdn.shopify.com/s/files/1/0647/5176/3550/files/U291_Product_sourcing_insights_fallbackdfab.png]
[cdn.shopify.com/s/files/1/0647/5176/3550/files/U291_Product_sourcing_insights_fallback731c.png]
[cdn.shopify.com/s/files/1/0647/5176/3550/files/U10_Tax-inclusive_pricing_for_Collective_productsd941.png]
[cdn.shopify.com/s/files/1/0647/5176/3550/files/U10_Tax-inclusive_pricing_for_Collective_products923c.png]
[cdn.shopify.com/s/files/1/0647/5176/3550/files/U10_Tax-inclusive_pricing_for_Collective_productsd0e1.png]
[cdn.shopify.com/s/files/1/0647/5176/3550/files/U10_Tax-inclusive_pricing_for_Collective_productsbf13.png]
[cdn.shopify.com/s/files/1/0647/5176/3550/files/U10_Tax-inclusive_pricing_for_Collective_productsb05d.png]
[cdn.shopify.com/s/files/1/0647/5176/3550/files/U10_Tax-inclusive_pricing_for_Collective_productsbf86.png]
[cdn.shopify.com/s/files/1/0647/5176/3550/files/U10_Tax-inclusive_pricing_for_Collective_products0688.png]
[cdn.shopify.com/s/files/1/0647/5176/3550/files/U10_Tax-inclusive_pricing_for_Collective_products4cc3.png]
[cdn.shopify.com/b/shopify-brochure2-assets/d6a815bb7ba4e528413564a502fc86fdb5bb.png]
[cdn.shopify.com/b/shopify-brochure2-assets/d6a815bb7ba4e528413564a502fc86fd9ebe.png]
[cdn.shopify.com/b/shopify-brochure2-assets/d6a815bb7ba4e528413564a502fc86fd681d.png]
[cdn.shopify.com/b/shopify-brochure2-assets/d6a815bb7ba4e528413564a502fc86fdd014.png]
[cdn.shopify.com/b/shopify-brochure2-assets/d6a815bb7ba4e528413564a502fc86fd1b6e.png]
[cdn.shopify.com/b/shopify-brochure2-assets/d6a815bb7ba4e528413564a502fc86fd5fca.png]
[cdn.shopify.com/b/shopify-brochure2-assets/d6a815bb7ba4e528413564a502fc86fd434a.png]
[cdn.shopify.com/b/shopify-brochure2-assets/d6a815bb7ba4e528413564a502fc86fdaa32.png]
[cdn.shopify.com/b/shopify-brochure2-assets/d6a815bb7ba4e528413564a502fc86fd80fc.png]
[cdn.shopify.com/b/shopify-brochure2-assets/d6a815bb7ba4e528413564a502fc86fd3189.png]
[cdn.shopify.com/b/shopify-brochure2-assets/d6a815bb7ba4e528413564a502fc86fdd1ee.png]
[cdn.shopify.com/b/shopify-brochure2-assets/d6a815bb7ba4e528413564a502fc86fdd3b4.png]
[cdn.shopify.com/b/shopify-brochure2-assets/d6a815bb7ba4e528413564a502fc86fd0ca3.png]
[cdn.shopify.com/b/shopify-brochure2-assets/d6a815bb7ba4e528413564a502fc86fd417c.png]
[cdn.shopify.com/b/shopify-brochure2-assets/d6a815bb7ba4e528413564a502fc86fd4675.png]
[cdn.shopify.com/b/shopify-brochure2-assets/d6a815bb7ba4e528413564a502fc86fd4ae5.png]
[cdn.shopify.com/b/shopify-brochure2-assets/d6a815bb7ba4e528413564a502fc86fd2439.png]
[cdn.shopify.com/s/files/1/0647/5176/3550/files/U273_Scannable_Discounts_in_POS_desktop-fallbackb496.png]
[cdn.shopify.com/s/files/1/0647/5176/3550/files/U273_Scannable_Discounts_in_POS_desktop-fallbackcfc7.png]
[cdn.shopify.com/s/files/1/0647/5176/3550/files/U273_Scannable_Discounts_in_POS_desktop-fallback9a46.png]
[cdn.shopify.com/s/files/1/0647/5176/3550/files/U273_Scannable_Discounts_in_POS_desktop-fallback36f7.png]
[cdn.shopify.com/s/files/1/0647/5176/3550/files/U273_Scannable_Discounts_in_POS_desktop-fallbackf0d9.png]
[cdn.shopify.com/s/files/1/0647/5176/3550/files/U273_Scannable_Discounts_in_POS_desktop-fallbacke021.png]
[cdn.shopify.com/s/files/1/0647/5176/3550/files/U273_Scannable_Discounts_in_POS_desktop-fallback4552.png]
[cdn.shopify.com/s/files/1/0647/5176/3550/files/U273_Scannable_Discounts_in_POS_desktop-fallback9108.png]
[cdn.shopify.com/s/files/1/0647/5176/3550/files/U16_Verifone_Victa_Mobile_Early_Access_desktop-fallback9fd9.png]
[cdn.shopify.com/s/files/1/0647/5176/3550/files/U16_Verifone_Victa_Mobile_Early_Access_desktop-fallback9366.png]
[cdn.shopify.com/s/files/1/0647/5176/3550/files/U16_Verifone_Victa_Mobile_Early_Access_desktop-fallbacke0e7.png]
[cdn.shopify.com/s/files/1/0647/5176/3550/files/U16_Verifone_Victa_Mobile_Early_Access_desktop-fallback6858.png]
[cdn.shopify.com/s/files/1/0647/5176/3550/files/U16_Verifone_Victa_Mobile_Early_Access_desktop-fallback1a30.png]
[cdn.shopify.com/s/files/1/0647/5176/3550/files/U16_Verifone_Victa_Mobile_Early_Access_desktop-fallbackcbfc.png]
[cdn.shopify.com/s/files/1/0647/5176/3550/files/U16_Verifone_Victa_Mobile_Early_Access_desktop-fallback17b2.png]
[cdn.shopify.com/s/files/1/0647/5176/3550/files/U16_Verifone_Victa_Mobile_Early_Access_desktop-fallbackd360.png]
[cdn.shopify.com/b/shopify-brochure2-assets/88294b31fffc90a5997ac38694f31e0db5bb.png]
[cdn.shopify.com/b/shopify-brochure2-assets/88294b31fffc90a5997ac38694f31e0d9ebe.png]
[cdn.shopify.com/b/shopify-brochure2-assets/88294b31fffc90a5997ac38694f31e0d681d.png]
[cdn.shopify.com/b/shopify-brochure2-assets/88294b31fffc90a5997ac38694f31e0dd014.png]
[cdn.shopify.com/b/shopify-brochure2-assets/88294b31fffc90a5997ac38694f31e0d1b6e.png]
[cdn.shopify.com/b/shopify-brochure2-assets/88294b31fffc90a5997ac38694f31e0d5fca.png]
[cdn.shopify.com/b/shopify-brochure2-assets/88294b31fffc90a5997ac38694f31e0d434a.png]
[cdn.shopify.com/b/shopify-brochure2-assets/88294b31fffc90a5997ac38694f31e0daa32.png]
[cdn.shopify.com/b/shopify-brochure2-assets/88294b31fffc90a5997ac38694f31e0d80fc.png]
[cdn.shopify.com/b/shopify-brochure2-assets/88294b31fffc90a5997ac38694f31e0d3189.png]
[cdn.shopify.com/b/shopify-brochure2-assets/88294b31fffc90a5997ac38694f31e0dd1ee.png]
[cdn.shopify.com/b/shopify-brochure2-assets/88294b31fffc90a5997ac38694f31e0dd3b4.png]
[cdn.shopify.com/b/shopify-brochure2-assets/88294b31fffc90a5997ac38694f31e0d0ca3.png]
[cdn.shopify.com/b/shopify-brochure2-assets/88294b31fffc90a5997ac38694f31e0d417c.png]
[cdn.shopify.com/b/shopify-brochure2-assets/88294b31fffc90a5997ac38694f31e0d4675.png]
[cdn.shopify.com/b/shopify-brochure2-assets/88294b31fffc90a5997ac38694f31e0d4ae5.png]
[cdn.shopify.com/b/shopify-brochure2-assets/88294b31fffc90a5997ac38694f31e0d2439.png]
[cdn.shopify.com/s/files/1/0647/5176/3550/files/U308_Multi-bid_in_shop_campaigns19eb.png]
[cdn.shopify.com/s/files/1/0647/5176/3550/files/U308_Multi-bid_in_shop_campaigns5fa0.png]
[cdn.shopify.com/s/files/1/0647/5176/3550/files/U308_Multi-bid_in_shop_campaigns5e91.png]
[cdn.shopify.com/s/files/1/0647/5176/3550/files/U308_Multi-bid_in_shop_campaignsd6b4.png]
[cdn.shopify.com/s/files/1/0647/5176/3550/files/U308_Multi-bid_in_shop_campaignsa4d4.png]
[cdn.shopify.com/s/files/1/0647/5176/3550/files/U308_Multi-bid_in_shop_campaigns312d.png]
[cdn.shopify.com/s/files/1/0647/5176/3550/files/U308_Multi-bid_in_shop_campaignse46a.png]
[cdn.shopify.com/s/files/1/0647/5176/3550/files/U308_Multi-bid_in_shop_campaigns05a0.png]
[cdn.shopify.com/s/files/1/0647/5176/3550/files/U303_WhatsApp_marketing_channelbe6c.png]
[cdn.shopify.com/s/files/1/0647/5176/3550/files/U303_WhatsApp_marketing_channelf92b.png]
[cdn.shopify.com/s/files/1/0647/5176/3550/files/U303_WhatsApp_marketing_channel1f5e.png]
[cdn.shopify.com/s/files/1/0647/5176/3550/files/U303_WhatsApp_marketing_channel1f83.png]
[cdn.shopify.com/s/files/1/0647/5176/3550/files/U303_WhatsApp_marketing_channel4634.png]
[cdn.shopify.com/s/files/1/0647/5176/3550/files/U303_WhatsApp_marketing_channel8323.png]
[cdn.shopify.com/s/files/1/0647/5176/3550/files/U303_WhatsApp_marketing_channel1616.png]
[cdn.shopify.com/s/files/1/0647/5176/3550/files/U303_WhatsApp_marketing_channel62dc.png]
[cdn.shopify.com/s/files/1/0647/5176/3550/files/U281_Vibecoding_plugins0190.png]
[cdn.shopify.com/s/files/1/0647/5176/3550/files/U281_Vibecoding_pluginsf493.png]
[cdn.shopify.com/s/files/1/0647/5176/3550/files/U281_Vibecoding_pluginsae89.png]
[cdn.shopify.com/s/files/1/0647/5176/3550/files/U281_Vibecoding_plugins9703.png]
[cdn.shopify.com/s/files/1/0647/5176/3550/files/U281_Vibecoding_plugins75ad.png]
[cdn.shopify.com/s/files/1/0647/5176/3550/files/U281_Vibecoding_plugins7d8d.png]
[cdn.shopify.com/s/files/1/0647/5176/3550/files/U281_Vibecoding_pluginsacff.png]
[cdn.shopify.com/s/files/1/0647/5176/3550/files/U281_Vibecoding_plugins6bc6.png]
[cdn.shopify.com/b/shopify-brochure2-assets/0d3ca72d63dd40e673f9514d34efac83b5bb.png]
[cdn.shopify.com/b/shopify-brochure2-assets/0d3ca72d63dd40e673f9514d34efac839ebe.png]
[cdn.shopify.com/b/shopify-brochure2-assets/0d3ca72d63dd40e673f9514d34efac83681d.png]
[cdn.shopify.com/b/shopify-brochure2-assets/0d3ca72d63dd40e673f9514d34efac83d014.png]
[cdn.shopify.com/b/shopify-brochure2-assets/0d3ca72d63dd40e673f9514d34efac831b6e.png]
[cdn.shopify.com/b/shopify-brochure2-assets/0d3ca72d63dd40e673f9514d34efac835fca.png]
[cdn.shopify.com/b/shopify-brochure2-assets/0d3ca72d63dd40e673f9514d34efac83434a.png]
[cdn.shopify.com/b/shopify-brochure2-assets/0d3ca72d63dd40e673f9514d34efac83aa32.png]
[cdn.shopify.com/b/shopify-brochure2-assets/0d3ca72d63dd40e673f9514d34efac8380fc.png]
[cdn.shopify.com/b/shopify-brochure2-assets/0d3ca72d63dd40e673f9514d34efac833189.png]
[cdn.shopify.com/b/shopify-brochure2-assets/0d3ca72d63dd40e673f9514d34efac83d1ee.png]
[cdn.shopify.com/b/shopify-brochure2-assets/0d3ca72d63dd40e673f9514d34efac83d3b4.png]
[cdn.shopify.com/b/shopify-brochure2-assets/0d3ca72d63dd40e673f9514d34efac830ca3.png]
[cdn.shopify.com/b/shopify-brochure2-assets/0d3ca72d63dd40e673f9514d34efac83417c.png]
[cdn.shopify.com/b/shopify-brochure2-assets/0d3ca72d63dd40e673f9514d34efac834675.png]
[cdn.shopify.com/b/shopify-brochure2-assets/0d3ca72d63dd40e673f9514d34efac834ae5.png]
[cdn.shopify.com/b/shopify-brochure2-assets/0d3ca72d63dd40e673f9514d34efac832439.png]
[cdn.shopify.com/s/files/1/0647/5176/3550/files/U275_AI_toolkit7f6a.png]
[cdn.shopify.com/s/files/1/0647/5176/3550/files/U275_AI_toolkita5b9.png]
[cdn.shopify.com/s/files/1/0647/5176/3550/files/U275_AI_toolkit8e94.png]
[cdn.shopify.com/s/files/1/0647/5176/3550/files/U275_AI_toolkit4dc5.png]
[cdn.shopify.com/s/files/1/0647/5176/3550/files/U275_AI_toolkit4c07.png]
[cdn.shopify.com/s/files/1/0647/5176/3550/files/U275_AI_toolkite071.png]
[cdn.shopify.com/s/files/1/0647/5176/3550/files/U275_AI_toolkit300c.png]
[cdn.shopify.com/s/files/1/0647/5176/3550/files/U275_AI_toolkitaab6.png]
[cdn.shopify.com/b/shopify-brochure2-assets/480f30658908cf6a18c9cd27dcd881e89ebe.png]
[cdn.shopify.com/b/shopify-brochure2-assets/480f30658908cf6a18c9cd27dcd881e8d014.png]
[cdn.shopify.com/b/shopify-brochure2-assets/480f30658908cf6a18c9cd27dcd881e85fca.png]
[cdn.shopify.com/b/shopify-brochure2-assets/480f30658908cf6a18c9cd27dcd881e8aa32.png]
[cdn.shopify.com/b/shopify-brochure2-assets/480f30658908cf6a18c9cd27dcd881e83189.png]
[cdn.shopify.com/b/shopify-brochure2-assets/480f30658908cf6a18c9cd27dcd881e8d3b4.png]
[cdn.shopify.com/b/shopify-brochure2-assets/480f30658908cf6a18c9cd27dcd881e8417c.png]
[cdn.shopify.com/b/shopify-brochure2-assets/480f30658908cf6a18c9cd27dcd881e84ae5.png]
[cdn.shopify.com/b/shopify-brochure2-assets/480f30658908cf6a18c9cd27dcd881e84fd5.png]
[cdn.shopify.com/b/shopify-brochure2-assets/480f30658908cf6a18c9cd27dcd881e8fb96.png]
[cdn.shopify.com/b/shopify-brochure2-assets/480f30658908cf6a18c9cd27dcd881e83266.png]
[cdn.shopify.com/b/shopify-brochure2-assets/480f30658908cf6a18c9cd27dcd881e8ac4a.png]
[cdn.shopify.com/b/shopify-brochure2-assets/480f30658908cf6a18c9cd27dcd881e81d9d.png]
[cdn.shopify.com/b/shopify-brochure2-assets/480f30658908cf6a18c9cd27dcd881e899db.png]
[cdn.shopify.com/b/shopify-brochure2-assets/480f30658908cf6a18c9cd27dcd881e8c552.png]
[cdn.shopify.com/b/shopify-brochure2-assets/480f30658908cf6a18c9cd27dcd881e869d0.png]
[cdn.shopify.com/b/shopify-brochure2-assets/480f30658908cf6a18c9cd27dcd881e8f519.png]
[cdn.shopify.com/b/shopify-brochure2-assets/480f30658908cf6a18c9cd27dcd881e8cb08.png]
[cdn.shopify.com/b/shopify-brochure2-assets/e6eea170fb75d40c585bb3f193dbc8b89ebe.png]
[cdn.shopify.com/b/shopify-brochure2-assets/e6eea170fb75d40c585bb3f193dbc8b8d014.png]
[cdn.shopify.com/b/shopify-brochure2-assets/e6eea170fb75d40c585bb3f193dbc8b85fca.png]
[cdn.shopify.com/b/shopify-brochure2-assets/e6eea170fb75d40c585bb3f193dbc8b8aa32.png]
[cdn.shopify.com/b/shopify-brochure2-assets/e6eea170fb75d40c585bb3f193dbc8b83189.png]
[cdn.shopify.com/b/shopify-brochure2-assets/e6eea170fb75d40c585bb3f193dbc8b8d3b4.png]
[cdn.shopify.com/b/shopify-brochure2-assets/e6eea170fb75d40c585bb3f193dbc8b8417c.png]
[cdn.shopify.com/b/shopify-brochure2-assets/e6eea170fb75d40c585bb3f193dbc8b84ae5.png]
[cdn.shopify.com/b/shopify-brochure2-assets/e6eea170fb75d40c585bb3f193dbc8b84fd5.png]
[cdn.shopify.com/b/shopify-brochure2-assets/e6eea170fb75d40c585bb3f193dbc8b8fb96.png]
[cdn.shopify.com/b/shopify-brochure2-assets/e6eea170fb75d40c585bb3f193dbc8b83266.png]
[cdn.shopify.com/b/shopify-brochure2-assets/e6eea170fb75d40c585bb3f193dbc8b8ac4a.png]
[cdn.shopify.com/b/shopify-brochure2-assets/e6eea170fb75d40c585bb3f193dbc8b81d9d.png]
[cdn.shopify.com/b/shopify-brochure2-assets/e6eea170fb75d40c585bb3f193dbc8b899db.png]
[cdn.shopify.com/b/shopify-brochure2-assets/e6eea170fb75d40c585bb3f193dbc8b8c552.png]
[cdn.shopify.com/b/shopify-brochure2-assets/e6eea170fb75d40c585bb3f193dbc8b869d0.png]
[cdn.shopify.com/b/shopify-brochure2-assets/e6eea170fb75d40c585bb3f193dbc8b8f519.png]
[cdn.shopify.com/b/shopify-brochure2-assets/e6eea170fb75d40c585bb3f193dbc8b8cb08.png]
[cdn.shopify.com/s/files/1/0647/5176/3550/files/U151_Managed_Markets_regional_expansion20ba.png]
[cdn.shopify.com/s/files/1/0647/5176/3550/files/U151_Managed_Markets_regional_expansionb4f6.png]
[cdn.shopify.com/s/files/1/0647/5176/3550/files/U151_Managed_Markets_regional_expansionfb30.png]
[cdn.shopify.com/s/files/1/0647/5176/3550/files/U151_Managed_Markets_regional_expansiona9fa.png]
[cdn.shopify.com/s/files/1/0647/5176/3550/files/U151_Managed_Markets_regional_expansiondf44.png]
[cdn.shopify.com/s/files/1/0647/5176/3550/files/U151_Managed_Markets_regional_expansioncc07.png]
[cdn.shopify.com/s/files/1/0647/5176/3550/files/U151_Managed_Markets_regional_expansion36ae.png]
[cdn.shopify.com/s/files/1/0647/5176/3550/files/U151_Managed_Markets_regional_expansion575b.png]
[cdn.shopify.com/s/files/1/0647/5176/3550/files/Everywhere-capcdf6.png]
[cdn.shopify.com/s/files/1/0647/5176/3550/files/Everywhere-cap43cb.png]
[cdn.shopify.com/s/files/1/0647/5176/3550/files/Everywhere-capa0e7.png]
[cdn.shopify.com/s/files/1/0647/5176/3550/files/Everywhere-capfbe7.png]
[cdn.shopify.com/s/files/1/0647/5176/3550/files/Everywhere-capbf95.png]
[cdn.shopify.com/s/files/1/0647/5176/3550/files/Everywhere-capb1a0.png]
[cdn.shopify.com/s/files/1/0647/5176/3550/files/Everywhere-cap7cb4.png]
[cdn.shopify.com/s/files/1/0647/5176/3550/files/Everywhere-capa878.png]
[cdn.shopify.com/b/shopify-brochure2-assets/99df90342473c886fcc13428ab91ea26b5bb.png]
[cdn.shopify.com/b/shopify-brochure2-assets/99df90342473c886fcc13428ab91ea269ebe.png]
[cdn.shopify.com/b/shopify-brochure2-assets/99df90342473c886fcc13428ab91ea26681d.png]
[cdn.shopify.com/b/shopify-brochure2-assets/99df90342473c886fcc13428ab91ea26d014.png]
[cdn.shopify.com/b/shopify-brochure2-assets/99df90342473c886fcc13428ab91ea261b6e.png]
[cdn.shopify.com/b/shopify-brochure2-assets/99df90342473c886fcc13428ab91ea265fca.png]
[cdn.shopify.com/b/shopify-brochure2-assets/99df90342473c886fcc13428ab91ea26434a.png]
[cdn.shopify.com/b/shopify-brochure2-assets/99df90342473c886fcc13428ab91ea26aa32.png]
[cdn.shopify.com/b/shopify-brochure2-assets/99df90342473c886fcc13428ab91ea2680fc.png]
[cdn.shopify.com/b/shopify-brochure2-assets/99df90342473c886fcc13428ab91ea263189.png]
[cdn.shopify.com/b/shopify-brochure2-assets/99df90342473c886fcc13428ab91ea26d1ee.png]
[cdn.shopify.com/b/shopify-brochure2-assets/99df90342473c886fcc13428ab91ea26d3b4.png]
[cdn.shopify.com/b/shopify-brochure2-assets/99df90342473c886fcc13428ab91ea260ca3.png]
[cdn.shopify.com/b/shopify-brochure2-assets/99df90342473c886fcc13428ab91ea26417c.png]
[cdn.shopify.com/b/shopify-brochure2-assets/99df90342473c886fcc13428ab91ea264675.png]
[cdn.shopify.com/b/shopify-brochure2-assets/99df90342473c886fcc13428ab91ea264ae5.png]
[cdn.shopify.com/b/shopify-brochure2-assets/99df90342473c886fcc13428ab91ea262439.png]
[cdn.shopify.com/s/files/1/0647/5176/3550/files/U287_Shop_app_skill_for_personal_AI_agents8a47.png]
[cdn.shopify.com/s/files/1/0647/5176/3550/files/U287_Shop_app_skill_for_personal_AI_agents2923.png]
[cdn.shopify.com/s/files/1/0647/5176/3550/files/U287_Shop_app_skill_for_personal_AI_agents259a.png]
[cdn.shopify.com/s/files/1/0647/5176/3550/files/U287_Shop_app_skill_for_personal_AI_agentsb014.png]
[cdn.shopify.com/s/files/1/0647/5176/3550/files/U287_Shop_app_skill_for_personal_AI_agents9e92.png]
[cdn.shopify.com/s/files/1/0647/5176/3550/files/U287_Shop_app_skill_for_personal_AI_agentsd9c4.png]
[cdn.shopify.com/s/files/1/0647/5176/3550/files/U287_Shop_app_skill_for_personal_AI_agents0383.png]
[cdn.shopify.com/s/files/1/0647/5176/3550/files/U287_Shop_app_skill_for_personal_AI_agents4f29.png]
[cdn.shopify.com/b/shopify-brochure2-assets/a478f3929d82163ff0fd0e92c6dc8dfbb5bb.png]
[cdn.shopify.com/b/shopify-brochure2-assets/a478f3929d82163ff0fd0e92c6dc8dfb9ebe.png]
[cdn.shopify.com/b/shopify-brochure2-assets/a478f3929d82163ff0fd0e92c6dc8dfb681d.png]
[cdn.shopify.com/b/shopify-brochure2-assets/a478f3929d82163ff0fd0e92c6dc8dfbd014.png]
[cdn.shopify.com/b/shopify-brochure2-assets/a478f3929d82163ff0fd0e92c6dc8dfb1b6e.png]
[cdn.shopify.com/b/shopify-brochure2-assets/a478f3929d82163ff0fd0e92c6dc8dfb5fca.png]
[cdn.shopify.com/b/shopify-brochure2-assets/a478f3929d82163ff0fd0e92c6dc8dfb434a.png]
[cdn.shopify.com/b/shopify-brochure2-assets/a478f3929d82163ff0fd0e92c6dc8dfbaa32.png]
[cdn.shopify.com/b/shopify-brochure2-assets/a478f3929d82163ff0fd0e92c6dc8dfb80fc.png]
[cdn.shopify.com/b/shopify-brochure2-assets/a478f3929d82163ff0fd0e92c6dc8dfb3189.png]
[cdn.shopify.com/b/shopify-brochure2-assets/a478f3929d82163ff0fd0e92c6dc8dfbd1ee.png]
[cdn.shopify.com/b/shopify-brochure2-assets/a478f3929d82163ff0fd0e92c6dc8dfbd3b4.png]
[cdn.shopify.com/b/shopify-brochure2-assets/a478f3929d82163ff0fd0e92c6dc8dfb0ca3.png]
[cdn.shopify.com/b/shopify-brochure2-assets/a478f3929d82163ff0fd0e92c6dc8dfb417c.png]
[cdn.shopify.com/b/shopify-brochure2-assets/a478f3929d82163ff0fd0e92c6dc8dfb4675.png]
[cdn.shopify.com/b/shopify-brochure2-assets/a478f3929d82163ff0fd0e92c6dc8dfb4ae5.png]
[cdn.shopify.com/b/shopify-brochure2-assets/a478f3929d82163ff0fd0e92c6dc8dfb2439.png]
[cdn.shopify.com/b/shopify-brochure2-assets/621f37b28941299b79220e5767600c57b5bb.png]
[cdn.shopify.com/b/shopify-brochure2-assets/621f37b28941299b79220e5767600c579ebe.png]
[cdn.shopify.com/b/shopify-brochure2-assets/621f37b28941299b79220e5767600c57681d.png]
[cdn.shopify.com/b/shopify-brochure2-assets/621f37b28941299b79220e5767600c57d014.png]
[cdn.shopify.com/b/shopify-brochure2-assets/621f37b28941299b79220e5767600c571b6e.png]
[cdn.shopify.com/b/shopify-brochure2-assets/621f37b28941299b79220e5767600c575fca.png]
[cdn.shopify.com/b/shopify-brochure2-assets/621f37b28941299b79220e5767600c57434a.png]
[cdn.shopify.com/b/shopify-brochure2-assets/621f37b28941299b79220e5767600c57aa32.png]
[cdn.shopify.com/b/shopify-brochure2-assets/621f37b28941299b79220e5767600c5780fc.png]
[cdn.shopify.com/b/shopify-brochure2-assets/621f37b28941299b79220e5767600c573189.png]
[cdn.shopify.com/b/shopify-brochure2-assets/621f37b28941299b79220e5767600c57d1ee.png]
[cdn.shopify.com/b/shopify-brochure2-assets/621f37b28941299b79220e5767600c57d3b4.png]
[cdn.shopify.com/b/shopify-brochure2-assets/621f37b28941299b79220e5767600c570ca3.png]
[cdn.shopify.com/b/shopify-brochure2-assets/621f37b28941299b79220e5767600c57417c.png]
[cdn.shopify.com/b/shopify-brochure2-assets/621f37b28941299b79220e5767600c574675.png]
[cdn.shopify.com/b/shopify-brochure2-assets/621f37b28941299b79220e5767600c574ae5.png]
[cdn.shopify.com/b/shopify-brochure2-assets/621f37b28941299b79220e5767600c572439.png]
[cdn.shopify.com/b/shopify-brochure2-assets/0f72fb0a172ae7e1ad2bdd07eb6e3d37b5bb.png]
[cdn.shopify.com/b/shopify-brochure2-assets/0f72fb0a172ae7e1ad2bdd07eb6e3d379ebe.png]
[cdn.shopify.com/b/shopify-brochure2-assets/0f72fb0a172ae7e1ad2bdd07eb6e3d37681d.png]
[cdn.shopify.com/b/shopify-brochure2-assets/0f72fb0a172ae7e1ad2bdd07eb6e3d37d014.png]
[cdn.shopify.com/b/shopify-brochure2-assets/0f72fb0a172ae7e1ad2bdd07eb6e3d371b6e.png]
[cdn.shopify.com/b/shopify-brochure2-assets/0f72fb0a172ae7e1ad2bdd07eb6e3d375fca.png]
[cdn.shopify.com/b/shopify-brochure2-assets/0f72fb0a172ae7e1ad2bdd07eb6e3d37434a.png]
[cdn.shopify.com/b/shopify-brochure2-assets/0f72fb0a172ae7e1ad2bdd07eb6e3d37aa32.png]
[cdn.shopify.com/b/shopify-brochure2-assets/0f72fb0a172ae7e1ad2bdd07eb6e3d3780fc.png]
[cdn.shopify.com/b/shopify-brochure2-assets/0f72fb0a172ae7e1ad2bdd07eb6e3d373189.png]
[cdn.shopify.com/b/shopify-brochure2-assets/0f72fb0a172ae7e1ad2bdd07eb6e3d37d1ee.png]
[cdn.shopify.com/b/shopify-brochure2-assets/0f72fb0a172ae7e1ad2bdd07eb6e3d37d3b4.png]
[cdn.shopify.com/b/shopify-brochure2-assets/0f72fb0a172ae7e1ad2bdd07eb6e3d370ca3.png]
[cdn.shopify.com/b/shopify-brochure2-assets/0f72fb0a172ae7e1ad2bdd07eb6e3d37417c.png]
[cdn.shopify.com/b/shopify-brochure2-assets/0f72fb0a172ae7e1ad2bdd07eb6e3d374675.png]
[cdn.shopify.com/b/shopify-brochure2-assets/0f72fb0a172ae7e1ad2bdd07eb6e3d374ae5.png]
[cdn.shopify.com/b/shopify-brochure2-assets/0f72fb0a172ae7e1ad2bdd07eb6e3d372439.png]
[cdn.shopify.com/s/files/1/0647/5176/3550/files/U247_Deeper_dispute_insightsfdc8.png]
[cdn.shopify.com/s/files/1/0647/5176/3550/files/U247_Deeper_dispute_insights5650.png]
[cdn.shopify.com/s/files/1/0647/5176/3550/files/U247_Deeper_dispute_insights4ee1.png]
[cdn.shopify.com/s/files/1/0647/5176/3550/files/U247_Deeper_dispute_insightsb9fc.png]
[cdn.shopify.com/s/files/1/0647/5176/3550/files/U247_Deeper_dispute_insights8feb.png]
[cdn.shopify.com/s/files/1/0647/5176/3550/files/U247_Deeper_dispute_insights785d.png]
[cdn.shopify.com/s/files/1/0647/5176/3550/files/U247_Deeper_dispute_insights519d.png]
[cdn.shopify.com/s/files/1/0647/5176/3550/files/U247_Deeper_dispute_insights5d52.png]
[cdn.shopify.com/s/files/1/0647/5176/3550/files/U247_Deeper_dispute_insights81aa.png]
[cdn.shopify.com/s/files/1/0647/5176/3550/files/U247_Deeper_dispute_insightsa128.png]
[cdn.shopify.com/s/files/1/0647/5176/3550/files/U247_Deeper_dispute_insights14ce.png]
[cdn.shopify.com/s/files/1/0647/5176/3550/files/U247_Deeper_dispute_insightsf348.png]
[cdn.shopify.com/s/files/1/0647/5176/3550/files/U247_Deeper_dispute_insights83f6.png]
[cdn.shopify.com/s/files/1/0647/5176/3550/files/U247_Deeper_dispute_insights89b1.png]
[cdn.shopify.com/s/files/1/0647/5176/3550/files/U247_Deeper_dispute_insights4a01.png]
[cdn.shopify.com/s/files/1/0647/5176/3550/files/U247_Deeper_dispute_insights7ea5.png]
[cdn.shopify.com/s/files/1/0647/5176/3550/files/U125_Shopify_Tax_Canadaa759.png]
[cdn.shopify.com/s/files/1/0647/5176/3550/files/U125_Shopify_Tax_Canadaee49.png]
[cdn.shopify.com/s/files/1/0647/5176/3550/files/U125_Shopify_Tax_Canada7bc3.png]
[cdn.shopify.com/s/files/1/0647/5176/3550/files/U125_Shopify_Tax_Canada5a14.png]
[cdn.shopify.com/s/files/1/0647/5176/3550/files/U125_Shopify_Tax_Canadae8a2.png]
[cdn.shopify.com/s/files/1/0647/5176/3550/files/U125_Shopify_Tax_Canada7006.png]
[cdn.shopify.com/s/files/1/0647/5176/3550/files/U125_Shopify_Tax_Canadab1c1.png]
[cdn.shopify.com/s/files/1/0647/5176/3550/files/U125_Shopify_Tax_Canada0523.png]
[cdn.shopify.com/s/files/1/0647/5176/3550/files/U175_Cash_in_Shopify_Balance44d9.png]
[cdn.shopify.com/s/files/1/0647/5176/3550/files/U175_Cash_in_Shopify_Balancee7f1.png]
[cdn.shopify.com/s/files/1/0647/5176/3550/files/U175_Cash_in_Shopify_Balancef986.png]
[cdn.shopify.com/s/files/1/0647/5176/3550/files/U175_Cash_in_Shopify_Balance1660.png]
[cdn.shopify.com/s/files/1/0647/5176/3550/files/U175_Cash_in_Shopify_Balance2d6f.png]
[cdn.shopify.com/s/files/1/0647/5176/3550/files/U175_Cash_in_Shopify_Balance868c.png]
[cdn.shopify.com/s/files/1/0647/5176/3550/files/U175_Cash_in_Shopify_Balance1527.png]
[cdn.shopify.com/s/files/1/0647/5176/3550/files/U175_Cash_in_Shopify_Balance4bb3.png]
[cdn.shopify.com/s/files/1/0647/5176/3550/files/U150_Capital_remittance0052.png]
[cdn.shopify.com/s/files/1/0647/5176/3550/files/U150_Capital_remittance043c.png]
[cdn.shopify.com/s/files/1/0647/5176/3550/files/U150_Capital_remittancebe02.png]
[cdn.shopify.com/s/files/1/0647/5176/3550/files/U150_Capital_remittancec613.png]
[cdn.shopify.com/s/files/1/0647/5176/3550/files/U150_Capital_remittance1328.png]
[cdn.shopify.com/s/files/1/0647/5176/3550/files/U150_Capital_remittance2fb5.png]
[cdn.shopify.com/s/files/1/0647/5176/3550/files/U150_Capital_remittancef8be.png]
[cdn.shopify.com/s/files/1/0647/5176/3550/files/U150_Capital_remittance06dc.png]
[cdn.shopify.com/s/files/1/0647/5176/3550/files/U162_Upgraded_events3b3d.png]
[cdn.shopify.com/s/files/1/0647/5176/3550/files/U162_Upgraded_events9e6d.png]
[cdn.shopify.com/s/files/1/0647/5176/3550/files/U162_Upgraded_events1ff7.png]
[cdn.shopify.com/s/files/1/0647/5176/3550/files/U162_Upgraded_events5cca.png]
[cdn.shopify.com/s/files/1/0647/5176/3550/files/U162_Upgraded_events3a65.png]
[cdn.shopify.com/s/files/1/0647/5176/3550/files/U162_Upgraded_events9bce.png]
[cdn.shopify.com/s/files/1/0647/5176/3550/files/U162_Upgraded_events68a9.png]
[cdn.shopify.com/s/files/1/0647/5176/3550/files/U162_Upgraded_events7b6f.png]
[cdn.shopify.com/s/files/1/0647/5176/3550/files/U162_Upgraded_events2b6b.png]
[cdn.shopify.com/s/files/1/0647/5176/3550/files/U162_Upgraded_events611f.png]
[cdn.shopify.com/s/files/1/0647/5176/3550/files/U162_Upgraded_eventsf035.png]
[cdn.shopify.com/s/files/1/0647/5176/3550/files/U162_Upgraded_events3472.png]
[cdn.shopify.com/s/files/1/0647/5176/3550/files/U164_GraphQL_and_bulk_operations90de.png]
[cdn.shopify.com/s/files/1/0647/5176/3550/files/U164_GraphQL_and_bulk_operations7cbe.png]
[cdn.shopify.com/s/files/1/0647/5176/3550/files/U164_GraphQL_and_bulk_operations7d70.png]
[cdn.shopify.com/s/files/1/0647/5176/3550/files/U164_GraphQL_and_bulk_operations67c0.png]
[cdn.shopify.com/s/files/1/0647/5176/3550/files/U164_GraphQL_and_bulk_operationscf0b.png]
[cdn.shopify.com/s/files/1/0647/5176/3550/files/U164_GraphQL_and_bulk_operations96d7.png]
[cdn.shopify.com/s/files/1/0647/5176/3550/files/U164_GraphQL_and_bulk_operations5497.png]
[cdn.shopify.com/s/files/1/0647/5176/3550/files/U164_GraphQL_and_bulk_operationsc596.png]
[cdn.shopify.com/s/files/1/0647/5176/3550/files/U164_GraphQL_and_bulk_operationsa26e.png]
[cdn.shopify.com/s/files/1/0647/5176/3550/files/U164_GraphQL_and_bulk_operations5475.png]
[cdn.shopify.com/s/files/1/0647/5176/3550/files/U164_GraphQL_and_bulk_operations6ada.png]
[cdn.shopify.com/s/files/1/0647/5176/3550/files/U164_GraphQL_and_bulk_operations40ae.png]
[cdn.shopify.com/s/files/1/0647/5176/3550/files/U74_All_partner_stores_in_Dev_Dashboard707f.png]
[cdn.shopify.com/s/files/1/0647/5176/3550/files/U74_All_partner_stores_in_Dev_Dashboardf812.png]
[cdn.shopify.com/s/files/1/0647/5176/3550/files/U74_All_partner_stores_in_Dev_Dashboarde463.png]
[cdn.shopify.com/s/files/1/0647/5176/3550/files/U74_All_partner_stores_in_Dev_Dashboard99ae.png]
[cdn.shopify.com/s/files/1/0647/5176/3550/files/U74_All_partner_stores_in_Dev_Dashboard3cb6.png]
[cdn.shopify.com/s/files/1/0647/5176/3550/files/U74_All_partner_stores_in_Dev_Dashboard5da8.png]
[cdn.shopify.com/s/files/1/0647/5176/3550/files/U74_All_partner_stores_in_Dev_Dashboard22dc.png]
[cdn.shopify.com/s/files/1/0647/5176/3550/files/U74_All_partner_stores_in_Dev_Dashboard1b84.png]
[cdn.shopify.com/s/files/1/0647/5176/3550/files/U36_App_Events_APIdd86.png]
[cdn.shopify.com/s/files/1/0647/5176/3550/files/U36_App_Events_API967d.png]
[cdn.shopify.com/s/files/1/0647/5176/3550/files/U36_App_Events_APIa6ca.png]
[cdn.shopify.com/s/files/1/0647/5176/3550/files/U36_App_Events_API4f66.png]
[cdn.shopify.com/s/files/1/0647/5176/3550/files/U36_App_Events_API8902.png]
[cdn.shopify.com/s/files/1/0647/5176/3550/files/U36_App_Events_API9f93.png]
[cdn.shopify.com/s/files/1/0647/5176/3550/files/U36_App_Events_API22be.png]
[cdn.shopify.com/s/files/1/0647/5176/3550/files/U36_App_Events_API5c71.png]
[cdn.shopify.com/s/files/1/0647/5176/3550/files/U165_Dev_Dashboard_localization-expanded_mobile-fallback9d88.png]
[cdn.shopify.com/s/files/1/0647/5176/3550/files/U165_Dev_Dashboard_localization-expanded_mobile-fallback72d5.png]
[cdn.shopify.com/s/files/1/0647/5176/3550/files/U165_Dev_Dashboard_localization-expanded_mobile-fallback74a0.png]
[cdn.shopify.com/s/files/1/0647/5176/3550/files/U165_Dev_Dashboard_localization-expanded_mobile-fallback97a3.png]
[cdn.shopify.com/s/files/1/0647/5176/3550/files/U165_Dev_Dashboard_localization-expanded_mobile-fallback3115.png]
[cdn.shopify.com/s/files/1/0647/5176/3550/files/U165_Dev_Dashboard_localization-expanded_mobile-fallback23ca.png]
[cdn.shopify.com/s/files/1/0647/5176/3550/files/U165_Dev_Dashboard_localization-expanded_mobile-fallback3f7e.png]
[cdn.shopify.com/s/files/1/0647/5176/3550/files/U165_Dev_Dashboard_localization-expanded_mobile-fallback5cae.png]
[cdn.shopify.com/s/files/1/0647/5176/3550/files/U34_Price_and_bill_Shopify_App_Pricing_desktop-fallbackacbb.png]
[cdn.shopify.com/s/files/1/0647/5176/3550/files/U34_Price_and_bill_Shopify_App_Pricing_desktop-fallback54d1.png]
[cdn.shopify.com/s/files/1/0647/5176/3550/files/U34_Price_and_bill_Shopify_App_Pricing_desktop-fallback9d52.png]
[cdn.shopify.com/s/files/1/0647/5176/3550/files/U34_Price_and_bill_Shopify_App_Pricing_desktop-fallback05e9.png]
[cdn.shopify.com/s/files/1/0647/5176/3550/files/U34_Price_and_bill_Shopify_App_Pricing_desktop-fallback9b14.png]
[cdn.shopify.com/s/files/1/0647/5176/3550/files/U34_Price_and_bill_Shopify_App_Pricing_desktop-fallbackcf66.png]
[cdn.shopify.com/s/files/1/0647/5176/3550/files/U34_Price_and_bill_Shopify_App_Pricing_desktop-fallbacka4a0.png]
[cdn.shopify.com/s/files/1/0647/5176/3550/files/U34_Price_and_bill_Shopify_App_Pricing_desktop-fallback8f8c.png]
[cdn.shopify.com/s/files/1/0647/5176/3550/files/U137_Minis_Discovery-fallback4119.png]
[cdn.shopify.com/s/files/1/0647/5176/3550/files/U137_Minis_Discovery-fallback931e.png]
[cdn.shopify.com/s/files/1/0647/5176/3550/files/U137_Minis_Discovery-fallback4436.png]
[cdn.shopify.com/s/files/1/0647/5176/3550/files/U137_Minis_Discovery-fallbacka507.png]
[cdn.shopify.com/s/files/1/0647/5176/3550/files/U137_Minis_Discovery-fallbackbdc6.png]
[cdn.shopify.com/s/files/1/0647/5176/3550/files/U137_Minis_Discovery-fallback109b.png]
[cdn.shopify.com/s/files/1/0647/5176/3550/files/U137_Minis_Discovery-fallback1882.png]
[cdn.shopify.com/s/files/1/0647/5176/3550/files/U137_Minis_Discovery-fallbackd806.png]
[cdn.shopify.com/s/files/1/0647/5176/3550/files/U55_Branding_API88d3.png]
[cdn.shopify.com/s/files/1/0647/5176/3550/files/U55_Branding_API7d74.png]
[cdn.shopify.com/s/files/1/0647/5176/3550/files/U55_Branding_APIf4a3.png]
[cdn.shopify.com/s/files/1/0647/5176/3550/files/U55_Branding_APIc34e.png]
[cdn.shopify.com/s/files/1/0647/5176/3550/files/U55_Branding_API3cd9.png]
[cdn.shopify.com/s/files/1/0647/5176/3550/files/U55_Branding_API7a2a.png]
[cdn.shopify.com/s/files/1/0647/5176/3550/files/U55_Branding_API515e.png]
[cdn.shopify.com/s/files/1/0647/5176/3550/files/U55_Branding_APIa0ef.png]
[cdn.shopify.com/s/files/1/0647/5176/3550/files/HatHero_Still81f4.png]
[cdn.shopify.com/s/files/1/0647/5176/3550/files/image-depth-map-generator_62b59268c5ae.png]
[cdn.shopify.com/s/files/1/0647/5176/3550/files/splitPayment45fd.png]
[cdn.shopify.com/s/files/1/0647/5176/3550/files/addCustomer3de8.png]
[cdn.shopify.com/s/files/1/0647/5176/3550/files/addDiscountc64d.png]
[cdn.shopify.com/s/files/1/0647/5176/3550/files/addProduct8a3d.png]
[cdn.shopify.com/s/files/1/0647/5176/3550/files/U55_Branding_API5a11.png]
[cdn.shopify.com/s/files/1/0647/5176/3550/files/U137_Minis_Discovery-fallback29a0.png]
[cdn.shopify.com/s/files/1/0647/5176/3550/files/U34_Price_and_bill_Shopify_App_Pricing_desktop-fallback7bff.png]
[cdn.shopify.com/s/files/1/0647/5176/3550/files/U328_Ai_toolkit_mobile_fallback1bd6.png]
[cdn.shopify.com/s/files/1/0647/5176/3550/files/U328_Ai_toolkit_fallback4d7e.png]
[cdn.shopify.com/s/files/1/0647/5176/3550/files/U165_Dev_Dashboard_localization-expanded_mobile-fallback4f06.png]
[cdn.shopify.com/s/files/1/0647/5176/3550/files/U36_App_Events_API19aa.png]
[cdn.shopify.com/s/files/1/0647/5176/3550/files/U74_All_partner_stores_in_Dev_Dashboard7066.png]
[cdn.shopify.com/s/files/1/0647/5176/3550/files/U164_GraphQL_and_bulk_operations_mobiledce5.png]
[cdn.shopify.com/s/files/1/0647/5176/3550/files/U164_GraphQL_and_bulk_operations0b9b.png]
[cdn.shopify.com/s/files/1/0647/5176/3550/files/U162_Upgraded_events_mobileb36f.png]
[cdn.shopify.com/s/files/1/0647/5176/3550/files/U162_Upgraded_eventsb820.png]
[cdn.shopify.com/s/files/1/0647/5176/3550/files/U150_Capital_remittancec0bb.png]
[cdn.shopify.com/s/files/1/0647/5176/3550/files/U175_Cash_in_Shopify_Balancee4ae.png]
[cdn.shopify.com/s/files/1/0647/5176/3550/files/U125_Shopify_Tax_Canadadd29.png]
[cdn.shopify.com/s/files/1/0647/5176/3550/files/U267_Balance_ad_payments__mobile_fallbacka63e.png]
[cdn.shopify.com/s/files/1/0647/5176/3550/files/U267_Balance_ad_payments_fallback619b.png]
[cdn.shopify.com/s/files/1/0647/5176/3550/files/U247_Deeper_dispute_insightsab33.png]
[cdn.shopify.com/s/files/1/0647/5176/3550/files/U304-poster8452.png]
[cdn.shopify.com/s/files/1/0647/5176/3550/files/U304_Shipping_and_pick_up_in_one_order_fallback6165.png]
[cdn.shopify.com/b/shopify-brochure2-assets/0f72fb0a172ae7e1ad2bdd07eb6e3d37.png]
[cdn.shopify.com/b/shopify-brochure2-assets/d041bd7afdfee0a9293e26815e45ef44.png]
[cdn.shopify.com/s/files/1/0647/5176/3550/files/u190-poster3ce0.png]
[cdn.shopify.com/s/files/1/0647/5176/3550/files/U190_Auto-enable_local_payment_methodsf552.png]
[cdn.shopify.com/b/shopify-brochure2-assets/621f37b28941299b79220e5767600c57.png]
[cdn.shopify.com/s/files/1/0647/5176/3550/files/U8_Shop_Pay_Everywhere_mobile_fallback_abbcce88-8a3f-45ce-ad10-3cf98a2ee2664446.png]
[cdn.shopify.com/s/files/1/0647/5176/3550/files/U8_Shop_Pay_Everywhere_fallback285c.png]
[cdn.shopify.com/s/files/1/0647/5176/3550/files/U131_Shop_agent_mobile_fallback_e02ad74f-65dd-4efc-bb3d-9394b619e7c1359b.png]
[cdn.shopify.com/s/files/1/0647/5176/3550/files/U131_Shop_agent_fallback3898.png]
[cdn.shopify.com/s/files/1/0647/5176/3550/files/U131_Shop_agent52b6.png]
[cdn.shopify.com/s/files/1/0647/5176/3550/files/U132_Blocks_in_the_Shop_Editor_desktop-fallback9dd2.png]
[cdn.shopify.com/b/shopify-brochure2-assets/a478f3929d82163ff0fd0e92c6dc8dfb.png]
[cdn.shopify.com/b/shopify-brochure2-assets/b0815d9996481cce51ade06e45fbbf1d.png]
[cdn.shopify.com/s/files/1/0647/5176/3550/files/U287_Shop_app_skill_for_personal_AI_agents9ade.png]
[cdn.shopify.com/b/shopify-brochure2-assets/99df90342473c886fcc13428ab91ea26.png]
[cdn.shopify.com/s/files/1/0647/5176/3550/files/Everywhere-cap658d.png]
[cdn.shopify.com/s/files/1/0647/5176/3550/files/U146_Managed_International_Pricing-expanded_mobile-fallbackc036.png]
[cdn.shopify.com/s/files/1/0647/5176/3550/files/U151_Managed_Markets_regional_expansionfb37.png]
[cdn.shopify.com/s/files/1/0647/5176/3550/files/U293_Batch_fulfillment_mobile_fallbacka7fc.png]
[cdn.shopify.com/s/files/1/0647/5176/3550/files/U293_Batch_fulfillment_fallback0a04.png]
[cdn.shopify.com/s/files/1/0647/5176/3550/files/inventory_managed_preroll8473.png]
[cdn.shopify.com/b/shopify-brochure2-assets/e6eea170fb75d40c585bb3f193dbc8b8.png]
[cdn.shopify.com/b/shopify-brochure2-assets/480f30658908cf6a18c9cd27dcd881e8.png]
[cdn.shopify.com/b/shopify-brochure2-assets/a41b84ce2f1dcedf9c55664320c75caa.png]
[cdn.shopify.com/s/files/1/0647/5176/3550/files/U275_AI_toolkitaf91.png]
[cdn.shopify.com/s/files/1/0647/5176/3550/files/u282-posterf52e.png]
[cdn.shopify.com/s/files/1/0647/5176/3550/files/U282_Claude_GPT755f.png]
[cdn.shopify.com/b/shopify-brochure2-assets/0d3ca72d63dd40e673f9514d34efac83.png]
[cdn.shopify.com/b/shopify-brochure2-assets/1bd0014c8410d1ba9325ce34cb96e913.png]
[cdn.shopify.com/s/files/1/0647/5176/3550/files/U281_Vibecoding_plugins65cb.png]
[cdn.shopify.com/s/files/1/0647/5176/3550/files/U303_WhatsApp_marketing_channel273b.png]
[cdn.shopify.com/s/files/1/0647/5176/3550/files/U308_Multi-bid_in_shop_campaigns56b2.png]
[cdn.shopify.com/s/files/1/0647/5176/3550/files/U182_Shop_Campaigns_on_more_channels_desktop_fallback95e9.png]
[cdn.shopify.com/b/shopify-brochure2-assets/88294b31fffc90a5997ac38694f31e0d.png]
[cdn.shopify.com/b/shopify-brochure2-assets/151b84df5f988a2d5db4d5c06b6f5e0c.png]
[cdn.shopify.com/s/files/1/0647/5176/3550/files/U178_Autopilot_mobile_fallback78c5.png]
[cdn.shopify.com/s/files/1/0647/5176/3550/files/U178_Autopilot_fallbackc93a.png]
[cdn.shopify.com/s/files/1/0647/5176/3550/files/pos-placeholder-16-9-1x_d5a2222e-0d1f-4155-9cf5-22903e55fa6fe3ae.png]
[cdn.shopify.com/s/files/1/0647/5176/3550/files/U16_Verifone_Victa_Mobile_Early_Access_desktop-fallback66f7.png]
[cdn.shopify.com/s/files/1/0647/5176/3550/files/U273_Scannable_Discounts_in_POS_desktop-fallback3c78.png]
[cdn.shopify.com/b/shopify-brochure2-assets/d6a815bb7ba4e528413564a502fc86fd.png]
[cdn.shopify.com/s/files/1/0647/5176/3550/files/U10_Tax-inclusive_pricing_for_Collective_productsbe6c.png]
[cdn.shopify.com/s/files/1/0647/5176/3550/files/U291_Product_sourcing_insights_fallbackaa91.png]
[cdn.shopify.com/s/files/1/0647/5176/3550/files/U9_B2B_on_all_plansc3ee.png]
[cdn.shopify.com/s/files/1/0647/5176/3550/files/U215_Variant_level_product_publishing_fallbackaee9.png]
[cdn.shopify.com/s/files/1/0647/5176/3550/files/u223-postera1c3.png]
[cdn.shopify.com/s/files/1/0647/5176/3550/files/U223_Editing_in_Shopify_app_fallbackb839.png]
[cdn.shopify.com/s/files/1/0647/5176/3550/files/U313_Improved_Markets_graphda0e.png]
[cdn.shopify.com/s/files/1/0647/5176/3550/files/U249_Rollouts63e0.png]
[cdn.shopify.com/s/files/1/0647/5176/3550/files/u93poster012d.png]
[cdn.shopify.com/s/files/1/0647/5176/3550/files/U93_Analysis_with_SimGym_desktop-fallback_6ed298fa-2867-4df3-92be-392115791586576b.png]
[cdn.shopify.com/b/shopify-brochure2-assets/23944cb6e99a7475d6c63047ebc82ea7.png]
[cdn.shopify.com/b/shopify-brochure2-assets/f6a8dbe44923be3409a59363887d5bdd.png]
[cdn.shopify.com/s/files/1/0647/5176/3550/files/U300_Storefront_search_fallbackdf76.png]
[cdn.shopify.com/s/files/1/0647/5176/3550/files/U41_Inbox_mobile_fallbacke6a8.png]
[cdn.shopify.com/s/files/1/0647/5176/3550/files/U41_Inbox_fallback7ca2.png]
[cdn.shopify.com/s/files/1/0647/5176/3550/files/U316_Follow-up_questions_from_Sidekickf729.png]
[cdn.shopify.com/b/shopify-brochure2-assets/8b04b31c2a9e84df55f283602722c27d.png]
[cdn.shopify.com/b/shopify-brochure2-assets/5443372570d3aec73e2094b4d761cbc3.png]
[cdn.shopify.com/s/files/1/0647/5176/3550/files/U270_Sidekick_on_Apple_watchf1a8.png]
[cdn.shopify.com/s/files/1/0647/5176/3550/files/U62_Home_powered_by_Sidekick_desktop-fallback2974.png]
[cdn.shopify.com/s/files/1/0647/5176/3550/files/U64_Sidekick_mobile_fallbacke787.png]
[cdn.shopify.com/s/files/1/0647/5176/3550/files/U64_Sidekick_fallbackab33.png]
[cdn.shopify.com/s/files/1/0647/5176/3550/files/s26_pippin_new_0616_poster4899.jpg]
[cdn.shopify.com/s/files/1/0647/5176/3550/files/sourced-preview-poster405a.jpg]
[cdn.shopify.com/s/files/1/0647/5176/3550/files/U265_Goldrushdf8a.png]
[cdn.shopify.com/s/files/1/0647/5176/3550/files/U285_Personalized_AI_Chats0b75.png]
[cdn.shopify.com/b/shopify-brochure2-assets/897639d901ad579ec859c3e1f2ea98f0.png]
[cdn.shopify.com/b/shopify-brochure2-assets/586bec714d0ddefc03f3397b82c30f2b.png]
[cdn.shopify.com/s/files/1/0647/5176/3550/files/U286_Affilate_links_in_catalogf5d4.png]
[cdn.shopify.com/s/files/1/0647/5176/3550/files/The_only_protocol_for_commerce_preroll_still7c70.png]
[cdn.shopify.com/b/shopify-brochure2-assets/91c43550318219a1d4393cb8d5062fd4.png]
[cdn.shopify.com/s/files/1/0647/5176/3550/files/0_9e0dee50-935d-4ed6-9902-5806efb9c803ecbd.png]
[cdn.shopify.com/s/files/1/0647/5176/3550/files/U205_Agentic_Plan056a.png]
[cdn.shopify.com/s/files/1/0647/5176/3550/files/U14_checkoutinaichatsb7a7.png]
[cdn.shopify.com/b/shopify-brochure2-assets/90d0835280024545f48f014fb9afcb83.png]
[cdn.shopify.com/s/files/1/0647/5176/3550/files/U207_Shopify_Catalog_desktop-fallback1375.png]
[cdn.shopify.com/b/shopify-brochure2-assets/3b005b6be5fa9a10cfd5c9b11462cd02.png]
[cdn.shopify.com/b/shopify-brochure2-assets/e2850c7aafd5afcfdde65e54e67a225d.png]
[www.shopify.com/editions/spring2026.html]
[cdn.shopify.com/s/files/1/0921/8919/6588/files/S25_SocialSharee80f.jpg]
[cdn.shopify.com/oxygen-v2/40436/33939/71168/4075870/assets/tailwind-BLMI6ngt.css]
[cdn.shopify.com/s/files/1/0921/8919/6588/files/favicon-1622ef.png]
[cdn.shopify.com/s/files/1/0921/8919/6588/files/favicon-32_aabab1d3-5677-43b7-9684-eed3b97000d11a88.png]
[cdn.shopify.com/s/files/1/0921/8919/6588/files/favicon-18022ef.png]
[cdn.shopify.com/s/files/1/0921/8919/6588/files/Hero_main_stars_22a64.png]
[cdn.shopify.com/s/files/1/0921/8919/6588/files/sky_without_stars_288_135d17c.png]
[cdn.shopify.com/s/files/1/0921/8919/6588/files/clouds_background_480_2706199.png]
[cdn.shopify.com/s/files/1/0921/8919/6588/files/clouds_foregroundcd1b.png]
[www.shopify.com/editions/summer2025/drive.html]
[cdn.shopify.com/s/files/1/0921/8919/6588/files/Imageb5bb.jpg]
[cdn.shopify.com/s/files/1/0921/8919/6588/files/Image9ebe.jpg]
[cdn.shopify.com/s/files/1/0921/8919/6588/files/Imaged014.jpg]
[cdn.shopify.com/s/files/1/0921/8919/6588/files/Image5fca.jpg]
[cdn.shopify.com/s/files/1/0921/8919/6588/files/Imageaa32.jpg]
[cdn.shopify.com/s/files/1/0921/8919/6588/files/Image3189.jpg]
[cdn.shopify.com/s/files/1/0921/8919/6588/files/Imaged3b4.jpg]
[cdn.shopify.com/s/files/1/0921/8919/6588/files/Image417c.jpg]
[cdn.shopify.com/s/files/1/0921/8919/6588/files/Image4ae5.jpg]
[cdn.shopify.com/s/files/1/0921/8919/6588/files/Image4fd5.jpg]
[cdn.shopify.com/s/files/1/0921/8919/6588/files/Imagefb96.jpg]
[cdn.shopify.com/s/files/1/0921/8919/6588/files/Image3266.jpg]
[cdn.shopify.com/s/files/1/0921/8919/6588/files/Imageac4a.jpg]
[cdn.shopify.com/s/files/1/0921/8919/6588/files/Image1d9d.jpg]
[cdn.shopify.com/s/files/1/0921/8919/6588/files/Image99db.jpg]
[cdn.shopify.com/s/files/1/0921/8919/6588/files/Imagec552.jpg]
[cdn.shopify.com/s/files/1/0921/8919/6588/files/Ritual_-_May_75d43.jpg]
[cdn.shopify.com/s/files/1/0921/8919/6588/files/Ritual_-_May_7563c.jpg]
[cdn.shopify.com/s/files/1/0921/8919/6588/files/Ritual_-_May_7ac8e.jpg]
[cdn.shopify.com/s/files/1/0921/8919/6588/files/Ritual_-_May_7e5f8.jpg]
[cdn.shopify.com/s/files/1/0921/8919/6588/files/Ritual_-_May_7b6d5.jpg]
[cdn.shopify.com/s/files/1/0921/8919/6588/files/Ritual_-_May_7b8d4.jpg]
[cdn.shopify.com/s/files/1/0921/8919/6588/files/Ritual_-_May_77323.jpg]
[cdn.shopify.com/s/files/1/0921/8919/6588/files/Ritual_-_May_77287.jpg]
[cdn.shopify.com/s/files/1/0921/8919/6588/files/Ritual_-_May_745d8.jpg]
[cdn.shopify.com/s/files/1/0921/8919/6588/files/Ritual_-_May_74636.jpg]
[cdn.shopify.com/s/files/1/0921/8919/6588/files/Ritual_-_May_7b9fa.jpg]
[cdn.shopify.com/s/files/1/0921/8919/6588/files/Ritual_-_May_78f4d.jpg]
[cdn.shopify.com/s/files/1/0921/8919/6588/files/Ritual_-_May_720e0.jpg]
[cdn.shopify.com/s/files/1/0921/8919/6588/files/Ritual_-_May_72e4e.jpg]
[cdn.shopify.com/s/files/1/0921/8919/6588/files/Ritual_-_May_7c32c.jpg]
[cdn.shopify.com/s/files/1/0921/8919/6588/files/Ritual_-_May_76f2a.jpg]
[cdn.shopify.com/s/files/1/0921/8919/6588/files/FABRIC-_May_75b8c.jpg]
[cdn.shopify.com/s/files/1/0921/8919/6588/files/FABRIC-_May_75d0b.jpg]
[cdn.shopify.com/s/files/1/0921/8919/6588/files/FABRIC-_May_7b124.jpg]
[cdn.shopify.com/s/files/1/0921/8919/6588/files/FABRIC-_May_7e505.jpg]
[cdn.shopify.com/s/files/1/0921/8919/6588/files/FABRIC-_May_7a5dd.jpg]
[cdn.shopify.com/s/files/1/0921/8919/6588/files/FABRIC-_May_78c46.jpg]
[cdn.shopify.com/s/files/1/0921/8919/6588/files/FABRIC-_May_7ea6f.jpg]
[cdn.shopify.com/s/files/1/0921/8919/6588/files/FABRIC-_May_76d76.jpg]
[cdn.shopify.com/s/files/1/0921/8919/6588/files/FABRIC-_May_72a78.jpg]
[cdn.shopify.com/s/files/1/0921/8919/6588/files/FABRIC-_May_76d69.jpg]
[cdn.shopify.com/s/files/1/0921/8919/6588/files/FABRIC-_May_7bde6.jpg]
[cdn.shopify.com/s/files/1/0921/8919/6588/files/FABRIC-_May_7731c.jpg]
[cdn.shopify.com/s/files/1/0921/8919/6588/files/FABRIC-_May_75663.jpg]
[cdn.shopify.com/s/files/1/0921/8919/6588/files/FABRIC-_May_7dc17.jpg]
[cdn.shopify.com/s/files/1/0921/8919/6588/files/FABRIC-_May_78401.jpg]
[cdn.shopify.com/s/files/1/0921/8919/6588/files/FABRIC-_May_7310d.jpg]
[cdn.shopify.com/s/files/1/0921/8919/6588/files/Tinker_-_May_72209.jpg]
[cdn.shopify.com/s/files/1/0921/8919/6588/files/Tinker_-_May_7a582.jpg]
[cdn.shopify.com/s/files/1/0921/8919/6588/files/Tinker_-_May_75e8c.jpg]
[cdn.shopify.com/s/files/1/0921/8919/6588/files/Tinker_-_May_77a02.jpg]
[cdn.shopify.com/s/files/1/0921/8919/6588/files/Tinker_-_May_79fd4.jpg]
[cdn.shopify.com/s/files/1/0921/8919/6588/files/Tinker_-_May_7a335.jpg]
[cdn.shopify.com/s/files/1/0921/8919/6588/files/Tinker_-_May_7e10b.jpg]
[cdn.shopify.com/s/files/1/0921/8919/6588/files/Tinker_-_May_7ed81.jpg]
[cdn.shopify.com/s/files/1/0921/8919/6588/files/Tinker_-_May_725fa.jpg]
[cdn.shopify.com/s/files/1/0921/8919/6588/files/Tinker_-_May_7f207.jpg]
[cdn.shopify.com/s/files/1/0921/8919/6588/files/Tinker_-_May_7954e.jpg]
[cdn.shopify.com/s/files/1/0921/8919/6588/files/Tinker_-_May_78b01.jpg]
[cdn.shopify.com/s/files/1/0921/8919/6588/files/Tinker_-_May_7d4a4.jpg]
[cdn.shopify.com/s/files/1/0921/8919/6588/files/Tinker_-_May_7216b.jpg]
[cdn.shopify.com/s/files/1/0921/8919/6588/files/Tinker_-_May_7fb13.jpg]
[cdn.shopify.com/s/files/1/0921/8919/6588/files/Tinker_-_May_7b6f3.jpg]
[cdn.shopify.com/s/files/1/0921/8919/6588/files/DWELL_-_MAY_7e9e4.jpg]
[cdn.shopify.com/s/files/1/0921/8919/6588/files/DWELL_-_MAY_7023f.jpg]
[cdn.shopify.com/s/files/1/0921/8919/6588/files/DWELL_-_MAY_7e497.jpg]
[cdn.shopify.com/s/files/1/0921/8919/6588/files/DWELL_-_MAY_734fe.jpg]
[cdn.shopify.com/s/files/1/0921/8919/6588/files/DWELL_-_MAY_74a2a.jpg]
[cdn.shopify.com/s/files/1/0921/8919/6588/files/DWELL_-_MAY_7e1c8.jpg]
[cdn.shopify.com/s/files/1/0921/8919/6588/files/DWELL_-_MAY_7634b.jpg]
[cdn.shopify.com/s/files/1/0921/8919/6588/files/DWELL_-_MAY_7cad2.jpg]
[cdn.shopify.com/s/files/1/0921/8919/6588/files/DWELL_-_MAY_76adf.jpg]
[cdn.shopify.com/s/files/1/0921/8919/6588/files/DWELL_-_MAY_7b494.jpg]
[cdn.shopify.com/s/files/1/0921/8919/6588/files/DWELL_-_MAY_7d187.jpg]
[cdn.shopify.com/s/files/1/0921/8919/6588/files/DWELL_-_MAY_71412.jpg]
[cdn.shopify.com/s/files/1/0921/8919/6588/files/DWELL_-_MAY_76bf4.jpg]
[cdn.shopify.com/s/files/1/0921/8919/6588/files/DWELL_-_MAY_705e1.jpg]
[cdn.shopify.com/s/files/1/0921/8919/6588/files/DWELL_-_MAY_79090.jpg]
[cdn.shopify.com/s/files/1/0921/8919/6588/files/DWELL_-_MAY_7009a.jpg]
[cdn.shopify.com/s/files/1/0921/8919/6588/files/PITCH_MAY_7c324.jpg]
[cdn.shopify.com/s/files/1/0921/8919/6588/files/PITCH_MAY_7f93a.jpg]
[cdn.shopify.com/s/files/1/0921/8919/6588/files/PITCH_MAY_732c2.jpg]
[cdn.shopify.com/s/files/1/0921/8919/6588/files/PITCH_MAY_7f896.jpg]
[cdn.shopify.com/s/files/1/0921/8919/6588/files/PITCH_MAY_7c906.jpg]
[cdn.shopify.com/s/files/1/0921/8919/6588/files/PITCH_MAY_7ea76.jpg]
[cdn.shopify.com/s/files/1/0921/8919/6588/files/PITCH_MAY_78a9e.jpg]
[cdn.shopify.com/s/files/1/0921/8919/6588/files/PITCH_MAY_7540c.jpg]
[cdn.shopify.com/s/files/1/0921/8919/6588/files/PITCH_MAY_77a71.jpg]
[cdn.shopify.com/s/files/1/0921/8919/6588/files/PITCH_MAY_71c7c.jpg]
[cdn.shopify.com/s/files/1/0921/8919/6588/files/PITCH_MAY_789b0.jpg]
[cdn.shopify.com/s/files/1/0921/8919/6588/files/PITCH_MAY_7ba36.jpg]
[cdn.shopify.com/s/files/1/0921/8919/6588/files/PITCH_MAY_725c2.jpg]
[cdn.shopify.com/s/files/1/0921/8919/6588/files/PITCH_MAY_7a73c.jpg]
[cdn.shopify.com/s/files/1/0921/8919/6588/files/PITCH_MAY_78392.jpg]
[cdn.shopify.com/s/files/1/0921/8919/6588/files/PITCH_MAY_7c512.jpg]
[cdn.shopify.com/s/files/1/0921/8919/6588/files/Vessel_-_May_77dab.jpg]
[cdn.shopify.com/s/files/1/0921/8919/6588/files/Vessel_-_May_7a50d.jpg]
[cdn.shopify.com/s/files/1/0921/8919/6588/files/Vessel_-_May_71cb3.jpg]
[cdn.shopify.com/s/files/1/0921/8919/6588/files/Vessel_-_May_7a5f7.jpg]
[cdn.shopify.com/s/files/1/0921/8919/6588/files/Vessel_-_May_7eb0f.jpg]
[cdn.shopify.com/s/files/1/0921/8919/6588/files/Vessel_-_May_784b9.jpg]
[cdn.shopify.com/s/files/1/0921/8919/6588/files/Vessel_-_May_776f7.jpg]
[cdn.shopify.com/s/files/1/0921/8919/6588/files/Vessel_-_May_7245d.jpg]
[cdn.shopify.com/s/files/1/0921/8919/6588/files/Vessel_-_May_73f1e.jpg]
[cdn.shopify.com/s/files/1/0921/8919/6588/files/Vessel_-_May_7e991.jpg]
[cdn.shopify.com/s/files/1/0921/8919/6588/files/Vessel_-_May_7edd6.jpg]
[cdn.shopify.com/s/files/1/0921/8919/6588/files/Vessel_-_May_77119.jpg]
[cdn.shopify.com/s/files/1/0921/8919/6588/files/Vessel_-_May_71218.jpg]
[cdn.shopify.com/s/files/1/0921/8919/6588/files/Vessel_-_May_7e991-2.jpg]
[cdn.shopify.com/s/files/1/0921/8919/6588/files/Vessel_-_May_73531.jpg]
[cdn.shopify.com/s/files/1/0921/8919/6588/files/Vessel_-_May_7149c.jpg]
[cdn.shopify.com/s/files/1/0921/8919/6588/files/Heritage-_MAY_7b4aa.jpg]
[cdn.shopify.com/s/files/1/0921/8919/6588/files/Heritage-_MAY_7da73.jpg]
[cdn.shopify.com/s/files/1/0921/8919/6588/files/Heritage-_MAY_7604f.jpg]
[cdn.shopify.com/s/files/1/0921/8919/6588/files/Heritage-_MAY_7de5a.jpg]
[cdn.shopify.com/s/files/1/0921/8919/6588/files/Heritage-_MAY_7b8b9.jpg]
[cdn.shopify.com/s/files/1/0921/8919/6588/files/Heritage-_MAY_7cf99.jpg]
[cdn.shopify.com/s/files/1/0921/8919/6588/files/Heritage-_MAY_7c477.jpg]
[cdn.shopify.com/s/files/1/0921/8919/6588/files/Heritage-_MAY_70ce2.jpg]
[cdn.shopify.com/s/files/1/0921/8919/6588/files/Heritage-_MAY_7f459.jpg]
[cdn.shopify.com/s/files/1/0921/8919/6588/files/Heritage-_MAY_7b1e2.jpg]
[cdn.shopify.com/s/files/1/0921/8919/6588/files/Heritage-_MAY_71c6a.jpg]
[cdn.shopify.com/s/files/1/0921/8919/6588/files/Heritage-_MAY_7bdb8.jpg]
[cdn.shopify.com/s/files/1/0921/8919/6588/files/Heritage-_MAY_79bae.jpg]
[cdn.shopify.com/s/files/1/0921/8919/6588/files/Heritage-_MAY_7f818.jpg]
[cdn.shopify.com/s/files/1/0921/8919/6588/files/Heritage-_MAY_788db.jpg]
[cdn.shopify.com/s/files/1/0921/8919/6588/files/Heritage-_MAY_7427c.jpg]
[cdn.shopify.com/s/files/1/0921/8919/6588/files/Savor_-_May_79313.jpg]
[cdn.shopify.com/s/files/1/0921/8919/6588/files/Savor_-_May_7140d.jpg]
[cdn.shopify.com/s/files/1/0921/8919/6588/files/Savor_-_May_775cf.jpg]
[cdn.shopify.com/s/files/1/0921/8919/6588/files/Savor_-_May_72d16.jpg]
[cdn.shopify.com/s/files/1/0921/8919/6588/files/Savor_-_May_7e1bb.jpg]
[cdn.shopify.com/s/files/1/0921/8919/6588/files/Savor_-_May_7db5e.jpg]
[cdn.shopify.com/s/files/1/0921/8919/6588/files/Savor_-_May_702a4.jpg]
[cdn.shopify.com/s/files/1/0921/8919/6588/files/Savor_-_May_778f4.jpg]
[cdn.shopify.com/s/files/1/0921/8919/6588/files/Savor_-_May_7f5f5.jpg]
[cdn.shopify.com/s/files/1/0921/8919/6588/files/Savor_-_May_7367e.jpg]
[cdn.shopify.com/s/files/1/0921/8919/6588/files/Savor_-_May_77793.jpg]
[cdn.shopify.com/s/files/1/0921/8919/6588/files/Savor_-_May_7f993.jpg]
[cdn.shopify.com/s/files/1/0921/8919/6588/files/Savor_-_May_7225a.jpg]
[cdn.shopify.com/s/files/1/0921/8919/6588/files/Savor_-_May_7bfa4.jpg]
[cdn.shopify.com/s/files/1/0921/8919/6588/files/Savor_-_May_74da7.jpg]
[cdn.shopify.com/s/files/1/0921/8919/6588/files/Savor_-_May_7ef92.jpg]
[cdn.shopify.com/s/files/1/0921/8919/6588/files/Atelier_-_May_7f65c.jpg]
[cdn.shopify.com/s/files/1/0921/8919/6588/files/Atelier_-_May_74108.jpg]
[cdn.shopify.com/s/files/1/0921/8919/6588/files/Atelier_-_May_715d9.jpg]
[cdn.shopify.com/s/files/1/0921/8919/6588/files/Atelier_-_May_7e158.jpg]
[cdn.shopify.com/s/files/1/0921/8919/6588/files/Atelier_-_May_791e0.jpg]
[cdn.shopify.com/s/files/1/0921/8919/6588/files/Atelier_-_May_7f922.jpg]
[cdn.shopify.com/s/files/1/0921/8919/6588/files/Atelier_-_May_707b5.jpg]
[cdn.shopify.com/s/files/1/0921/8919/6588/files/Atelier_-_May_7f1b5.jpg]
[cdn.shopify.com/s/files/1/0921/8919/6588/files/Atelier_-_May_7b2d5.jpg]
[cdn.shopify.com/s/files/1/0921/8919/6588/files/Atelier_-_May_756d0.jpg]
[cdn.shopify.com/s/files/1/0921/8919/6588/files/Atelier_-_May_722d0.jpg]
[cdn.shopify.com/s/files/1/0921/8919/6588/files/Atelier_-_May_7b9eb.jpg]
[cdn.shopify.com/s/files/1/0921/8919/6588/files/Atelier_-_May_7cf1d.jpg]
[cdn.shopify.com/s/files/1/0921/8919/6588/files/Atelier_-_May_78177.jpg]
[cdn.shopify.com/s/files/1/0921/8919/6588/files/Atelier_-_May_7ee17.jpg]
[cdn.shopify.com/s/files/1/0921/8919/6588/files/Atelier_-_May_7b84e.jpg]
[cdn.shopify.com/s/files/1/0921/8919/6588/files/blockgenPosterDesktop7d51.png]
[cdn.shopify.com/s/files/1/0921/8919/6588/files/blockgenPosterDesktop02b7.png]
[cdn.shopify.com/s/files/1/0921/8919/6588/files/blockgenPosterDesktop7ff1.png]
[cdn.shopify.com/s/files/1/0921/8919/6588/files/blockgenPosterDesktopec77.png]
[cdn.shopify.com/s/files/1/0921/8919/6588/files/blockgenPosterDesktop0cef.png]
[cdn.shopify.com/s/files/1/0921/8919/6588/files/blockgenPosterDesktop9e80.png]
[cdn.shopify.com/s/files/1/0921/8919/6588/files/blockgenPosterDesktop0739.png]
[cdn.shopify.com/s/files/1/0921/8919/6588/files/blockgenPosterDesktop0ddd.png]
[cdn.shopify.com/s/files/1/0921/8919/6588/files/blockgenPosterDesktopa0a9.png]
[cdn.shopify.com/s/files/1/0921/8919/6588/files/blockgenPosterDesktop0a36.png]
[cdn.shopify.com/s/files/1/0921/8919/6588/files/blockgenmobileposter1c9c.png]
[cdn.shopify.com/s/files/1/0921/8919/6588/files/blockgenmobileposter6b83.png]
[cdn.shopify.com/s/files/1/0921/8919/6588/files/blockgenmobileposter34ae.png]
[cdn.shopify.com/s/files/1/0921/8919/6588/files/blockgenmobileposter710d.png]
[cdn.shopify.com/s/files/1/0921/8919/6588/files/blockgenmobileposterd2f7.png]
[cdn.shopify.com/s/files/1/0921/8919/6588/files/u5desktopPoster02bc.png]
[cdn.shopify.com/s/files/1/0921/8919/6588/files/u5desktopPoster7034.png]
[cdn.shopify.com/s/files/1/0921/8919/6588/files/u5desktopPostercece.png]
[cdn.shopify.com/s/files/1/0921/8919/6588/files/u5desktopPosterf9bf.png]
[cdn.shopify.com/s/files/1/0921/8919/6588/files/u5desktopPosterb71c.png]
[cdn.shopify.com/s/files/1/0921/8919/6588/files/u5desktopPosterf5c0.png]
[cdn.shopify.com/s/files/1/0921/8919/6588/files/u5desktopPoster371b.png]
[cdn.shopify.com/s/files/1/0921/8919/6588/files/u5desktopPosteraad4.png]
[cdn.shopify.com/s/files/1/0921/8919/6588/files/u5desktopPoster09fd.png]
[cdn.shopify.com/s/files/1/0921/8919/6588/files/u5desktopPoster7ad8.png]
[cdn.shopify.com/s/files/1/0921/8919/6588/files/u5desktopPoster7edf.png]
[cdn.shopify.com/s/files/1/0921/8919/6588/files/u5desktopPosterae46.png]
[cdn.shopify.com/s/files/1/0921/8919/6588/files/u5desktopPostera0ce.png]
[cdn.shopify.com/s/files/1/0921/8919/6588/files/u5desktopPosterb21d.png]
[cdn.shopify.com/s/files/1/0921/8919/6588/files/u5desktopPoster2a2b.png]
[cdn.shopify.com/s/files/1/0921/8919/6588/files/u5mobilePoster44af.png]
[cdn.shopify.com/s/files/1/0921/8919/6588/files/u5mobilePoster4808.png]
[cdn.shopify.com/s/files/1/0921/8919/6588/files/u5mobilePosteref1a.png]
[cdn.shopify.com/s/files/1/0921/8919/6588/files/u5mobilePosterf5a8.png]
[cdn.shopify.com/s/files/1/0921/8919/6588/files/u5mobilePosterd644.png]
[cdn.shopify.com/s/files/1/0921/8919/6588/files/u5mobilePostereaea.png]
[cdn.shopify.com/s/files/1/0921/8919/6588/files/u5mobilePoster2365.png]
[cdn.shopify.com/s/files/1/0921/8919/6588/files/u5mobilePoster3e28.png]
[cdn.shopify.com/s/files/1/0921/8919/6588/files/u5mobilePostere293.png]
[cdn.shopify.com/s/files/1/0921/8919/6588/files/preview_images/33329a9ed7234acb9f7afb1f822d5505.thumbnail.0000000000a6ea.jpg]
[cdn.shopify.com/s/files/1/0921/8919/6588/files/preview_images/33329a9ed7234acb9f7afb1f822d5505.thumbnail.0000000000d786.jpg]
[cdn.shopify.com/s/files/1/0921/8919/6588/files/preview_images/33329a9ed7234acb9f7afb1f822d5505.thumbnail.0000000000782b.jpg]
[cdn.shopify.com/s/files/1/0921/8919/6588/files/Alpha_mask4200.png]
[cdn.shopify.com/s/files/1/0921/8919/6588/files/Alpha_mask88c4.png]
[cdn.shopify.com/s/files/1/0921/8919/6588/files/Alpha_mask1ace.png]
[cdn.shopify.com/s/files/1/0921/8919/6588/files/Alpha_mask3d8d.png]
[cdn.shopify.com/s/files/1/0921/8919/6588/files/Alpha_maskae31.png]
[cdn.shopify.com/s/files/1/0921/8919/6588/files/Alpha_maska7c6.png]
[cdn.shopify.com/s/files/1/0921/8919/6588/files/Alpha_mask6ca9.png]
[cdn.shopify.com/s/files/1/0921/8919/6588/files/Alpha_mask81fa.png]
[cdn.shopify.com/s/files/1/0921/8919/6588/files/sidekickPreRollPoster_v29c71.png]
[cdn.shopify.com/s/files/1/0921/8919/6588/files/sidekickPreRollPoster_v296bb.png]
[cdn.shopify.com/s/files/1/0921/8919/6588/files/sidekickPreRollPoster_v2210c.png]
[cdn.shopify.com/s/files/1/0921/8919/6588/files/sidekickPreRollPoster_v23a0c.png]
[cdn.shopify.com/s/files/1/0921/8919/6588/files/sidekickPreRollPoster_v25c5e.png]
[cdn.shopify.com/s/files/1/0921/8919/6588/files/sidekickPreRollPoster_v25263.png]
[cdn.shopify.com/s/files/1/0921/8919/6588/files/sidekickPreRollPoster_v2674d.png]
[cdn.shopify.com/s/files/1/0921/8919/6588/files/sidekickPreRollPoster_v27148.png]
[cdn.shopify.com/s/files/1/0921/8919/6588/files/sidekickPreRollPoster_v2269e.png]
[cdn.shopify.com/s/files/1/0921/8919/6588/files/sidekickPreRollPoster_v2459f.png]
[cdn.shopify.com/s/files/1/0921/8919/6588/files/sidekickPreRollPoster_v268f5.png]
[cdn.shopify.com/s/files/1/0921/8919/6588/files/sidekickPreRollPoster_v28108.png]
[cdn.shopify.com/s/files/1/0921/8919/6588/files/sidekickPreRollPoster_v2e793.png]
[cdn.shopify.com/s/files/1/0921/8919/6588/files/sidekickPreRollPoster_v26b2c.png]
[cdn.shopify.com/s/files/1/0921/8919/6588/files/sidekickPreRollPoster_v2528c.png]
[cdn.shopify.com/s/files/1/0921/8919/6588/files/Light2851.png]
[cdn.shopify.com/s/files/1/0921/8919/6588/files/Lightc3cb.png]
[cdn.shopify.com/s/files/1/0921/8919/6588/files/Lightc075.png]
[cdn.shopify.com/s/files/1/0921/8919/6588/files/Lighte08e.png]
[cdn.shopify.com/s/files/1/0921/8919/6588/files/Lighteac2.png]
[cdn.shopify.com/s/files/1/0921/8919/6588/files/Lighta70c.png]
[cdn.shopify.com/s/files/1/0921/8919/6588/files/Lightbc9f.png]
[cdn.shopify.com/s/files/1/0921/8919/6588/files/Light89dd.png]
[cdn.shopify.com/s/files/1/0921/8919/6588/files/u141posterimagee2a0.png]
[cdn.shopify.com/s/files/1/0921/8919/6588/files/u141posterimagea64e.png]
[cdn.shopify.com/s/files/1/0921/8919/6588/files/u141posterimage6b74.png]
[cdn.shopify.com/s/files/1/0921/8919/6588/files/u141posterimage4211.png]
[cdn.shopify.com/s/files/1/0921/8919/6588/files/u141posterimage5804.png]
[cdn.shopify.com/s/files/1/0921/8919/6588/files/u141posterimage2809.png]
[cdn.shopify.com/s/files/1/0921/8919/6588/files/u141posterimage3817.png]
[cdn.shopify.com/s/files/1/0921/8919/6588/files/u141posterimage72d1.png]
[cdn.shopify.com/s/files/1/0921/8919/6588/files/u141posterimage14e7.png]
[cdn.shopify.com/s/files/1/0921/8919/6588/files/waves_light5e60.png]
[cdn.shopify.com/s/files/1/0921/8919/6588/files/waves_light3717.png]
[cdn.shopify.com/s/files/1/0921/8919/6588/files/waves_lightddc9.png]
[cdn.shopify.com/s/files/1/0921/8919/6588/files/waves_light9c22.png]
[cdn.shopify.com/s/files/1/0921/8919/6588/files/waves_light5922.png]
[cdn.shopify.com/s/files/1/0921/8919/6588/files/waves_lighta59f.png]
[cdn.shopify.com/s/files/1/0921/8919/6588/files/waves_lighte2d2.png]
[cdn.shopify.com/s/files/1/0921/8919/6588/files/waves_light984f.png]
[cdn.shopify.com/s/files/1/0921/8919/6588/files/u283_sidekick_image_gena4c9.png]
[cdn.shopify.com/s/files/1/0921/8919/6588/files/u283_sidekick_image_gen0e0e.png]
[cdn.shopify.com/s/files/1/0921/8919/6588/files/u283_sidekick_image_gen4df9.png]
[cdn.shopify.com/s/files/1/0921/8919/6588/files/u283_sidekick_image_gen489a.png]
[cdn.shopify.com/s/files/1/0921/8919/6588/files/u283_sidekick_image_gen6ca4.png]
[cdn.shopify.com/s/files/1/0921/8919/6588/files/u283_sidekick_image_gen19be.png]
[cdn.shopify.com/s/files/1/0921/8919/6588/files/u283_sidekick_image_gena5b1.png]
[cdn.shopify.com/s/files/1/0921/8919/6588/files/u283_sidekick_image_gen2cac.png]
[cdn.shopify.com/s/files/1/0921/8919/6588/files/Shadow2851.jpg]
[cdn.shopify.com/s/files/1/0921/8919/6588/files/Shadowc3cb.jpg]
[cdn.shopify.com/s/files/1/0921/8919/6588/files/Shadowc075.jpg]
[cdn.shopify.com/s/files/1/0921/8919/6588/files/Shadowe08e.jpg]
[cdn.shopify.com/s/files/1/0921/8919/6588/files/Shadoweac2.jpg]
[cdn.shopify.com/s/files/1/0921/8919/6588/files/Shadowa70c.jpg]
[cdn.shopify.com/s/files/1/0921/8919/6588/files/Shadowbc9f.jpg]
[cdn.shopify.com/s/files/1/0921/8919/6588/files/Shadow89dd.jpg]
[cdn.shopify.com/s/files/1/0921/8919/6588/files/posDesktopPreroll852d.png]
[cdn.shopify.com/s/files/1/0921/8919/6588/files/posDesktopPrerolleb31.png]
[cdn.shopify.com/s/files/1/0921/8919/6588/files/posDesktopPrerolla45c.png]
[cdn.shopify.com/s/files/1/0921/8919/6588/files/posDesktopPreroll5cda.png]
[cdn.shopify.com/s/files/1/0921/8919/6588/files/posDesktopPrerolld7e1.png]
[cdn.shopify.com/s/files/1/0921/8919/6588/files/posDesktopPrerollfa95.png]
[cdn.shopify.com/s/files/1/0921/8919/6588/files/posDesktopPreroll40c7.png]
[cdn.shopify.com/s/files/1/0921/8919/6588/files/posDesktopPrerollb74f.png]
[cdn.shopify.com/s/files/1/0921/8919/6588/files/posDesktopPreroll77a5.png]
[cdn.shopify.com/s/files/1/0921/8919/6588/files/posDesktopPreroll5ae4.png]
[cdn.shopify.com/s/files/1/0921/8919/6588/files/posDesktopPrerolld707.png]
[cdn.shopify.com/s/files/1/0921/8919/6588/files/posDesktopPrerollc278.png]
[cdn.shopify.com/s/files/1/0921/8919/6588/files/posDesktopPrerollb2bc.png]
[cdn.shopify.com/s/files/1/0921/8919/6588/files/posDesktopPreroll4517.png]
[cdn.shopify.com/s/files/1/0921/8919/6588/files/posDesktopPrerolle126.png]
[cdn.shopify.com/s/files/1/0921/8919/6588/files/u37posterImage2289.png]
[cdn.shopify.com/s/files/1/0921/8919/6588/files/u37posterImagec02c.png]
[cdn.shopify.com/s/files/1/0921/8919/6588/files/u37posterImage8bf7.png]
[cdn.shopify.com/s/files/1/0921/8919/6588/files/u37posterImagee4f2.png]
[cdn.shopify.com/s/files/1/0921/8919/6588/files/u37posterImage9e21.png]
[cdn.shopify.com/s/files/1/0921/8919/6588/files/u37posterImage464b.png]
[cdn.shopify.com/s/files/1/0921/8919/6588/files/u37posterImagee700.png]
[cdn.shopify.com/s/files/1/0921/8919/6588/files/u37posterImagedad2.png]
[cdn.shopify.com/s/files/1/0921/8919/6588/files/u37posterImaged511.png]
[cdn.shopify.com/s/files/1/0921/8919/6588/files/U29_ship_and_carryac88.png]
[cdn.shopify.com/s/files/1/0921/8919/6588/files/checkout-split_shippingf91d.png]
[cdn.shopify.com/s/files/1/0921/8919/6588/files/U89_temp_roblox27bc.png]
[cdn.shopify.com/s/files/1/0921/8919/6588/files/U87_Apple_Pay_as_a_payment_methodfd38.png]
[cdn.shopify.com/s/files/1/0921/8919/6588/files/U75_crypto-payments_Medium_84b33570-5c4c-4fa2-a010-bb0fb66d4277fcea.png]
[cdn.shopify.com/s/files/1/0921/8919/6588/files/CURRENCYb853.png]
[cdn.shopify.com/s/files/1/0921/8919/6588/files/CURRENCYf685.png]
[cdn.shopify.com/s/files/1/0921/8919/6588/files/CURRENCY6b4d.png]
[cdn.shopify.com/s/files/1/0921/8919/6588/files/CURRENCY0983.png]
[cdn.shopify.com/s/files/1/0921/8919/6588/files/CURRENCYc216.png]
[cdn.shopify.com/s/files/1/0921/8919/6588/files/CURRENCYcc72.png]
[cdn.shopify.com/s/files/1/0921/8919/6588/files/CURRENCY04cf.png]
[cdn.shopify.com/s/files/1/0921/8919/6588/files/CURRENCY43c8.png]
[cdn.shopify.com/s/files/1/0921/8919/6588/files/CURRENCY2ec5.png]
[cdn.shopify.com/s/files/1/0921/8919/6588/files/CURRENCYbbcb.png]
[cdn.shopify.com/s/files/1/0921/8919/6588/files/CURRENCY5b94.png]
[cdn.shopify.com/s/files/1/0921/8919/6588/files/CURRENCYe019.png]
[cdn.shopify.com/s/files/1/0921/8919/6588/files/CURRENCYa03f.png]
[cdn.shopify.com/s/files/1/0921/8919/6588/files/CURRENCY4455.png]
[cdn.shopify.com/s/files/1/0921/8919/6588/files/CURRENCY73f2.png]
[cdn.shopify.com/s/files/1/0921/8919/6588/files/mobile_currencybgffc9.png]
[cdn.shopify.com/s/files/1/0921/8919/6588/files/mobile_currencybgebb1.png]
[cdn.shopify.com/s/files/1/0921/8919/6588/files/mobile_currencybg488c.png]
[cdn.shopify.com/s/files/1/0921/8919/6588/files/mobile_currencybg5283.png]
[cdn.shopify.com/s/files/1/0921/8919/6588/files/mobile_currencybg71fc.png]
[cdn.shopify.com/s/files/1/0921/8919/6588/files/mobile_currencybg2169.png]
[cdn.shopify.com/s/files/1/0921/8919/6588/files/mobile_currencybgbc38.png]
[cdn.shopify.com/s/files/1/0921/8919/6588/files/mobile_currencybg9e9d.png]
[cdn.shopify.com/s/files/1/0921/8919/6588/files/u56desktopposter1141.png]
[cdn.shopify.com/s/files/1/0921/8919/6588/files/u56desktopposteraf4c.png]
[cdn.shopify.com/s/files/1/0921/8919/6588/files/u56desktopposter01ee.png]
[cdn.shopify.com/s/files/1/0921/8919/6588/files/u56desktopposter1e42.png]
[cdn.shopify.com/s/files/1/0921/8919/6588/files/u56desktopposter4be5.png]
[cdn.shopify.com/s/files/1/0921/8919/6588/files/u56desktoppostera83e.png]
[cdn.shopify.com/s/files/1/0921/8919/6588/files/u56desktopposterdf66.png]
[cdn.shopify.com/s/files/1/0921/8919/6588/files/u56desktopposter99e2.png]
[cdn.shopify.com/s/files/1/0921/8919/6588/files/u56desktopposter5f5c.png]
[cdn.shopify.com/s/files/1/0921/8919/6588/files/u56desktopposter8e25.png]
[cdn.shopify.com/s/files/1/0921/8919/6588/files/u56desktopposterb0a8.png]
[cdn.shopify.com/s/files/1/0921/8919/6588/files/u56desktopposter0750.png]
[cdn.shopify.com/s/files/1/0921/8919/6588/files/u56desktopposter4870.png]
[cdn.shopify.com/s/files/1/0921/8919/6588/files/u56desktopposterf1cc.png]
[cdn.shopify.com/s/files/1/0921/8919/6588/files/u56desktopposter400f.png]
[cdn.shopify.com/s/files/1/0921/8919/6588/files/multientitya0a8.png]
[cdn.shopify.com/s/files/1/0921/8919/6588/files/GLOBE20b9c.png]
[cdn.shopify.com/s/files/1/0921/8919/6588/files/GLOBE2564b.png]
[cdn.shopify.com/s/files/1/0921/8919/6588/files/GLOBE225ca.png]
[cdn.shopify.com/s/files/1/0921/8919/6588/files/GLOBE2968d.png]
[cdn.shopify.com/s/files/1/0921/8919/6588/files/GLOBE24b96.png]
[cdn.shopify.com/s/files/1/0921/8919/6588/files/GLOBE24fc1.png]
[cdn.shopify.com/s/files/1/0921/8919/6588/files/GLOBE21f15.png]
[cdn.shopify.com/s/files/1/0921/8919/6588/files/GLOBE25ae7.png]
[cdn.shopify.com/s/files/1/0921/8919/6588/files/GLOBE23bef.png]
[cdn.shopify.com/s/files/1/0921/8919/6588/files/Multi_currency6af0.png]
[cdn.shopify.com/s/files/1/0921/8919/6588/files/U45_markets-now-available_ALT_1d3d23e9-6496-4f7a-9b60-f02b195fe69dd2ea.png]
[cdn.shopify.com/s/files/1/0921/8919/6588/files/U112_Customer-accounts_markets_0f034365-fd1b-454d-a031-753128682ab39e8a.png]
[cdn.shopify.com/s/files/1/0921/8919/6588/files/multi-class_discounts5ac7.png]
[cdn.shopify.com/s/files/1/0921/8919/6588/files/U97_Segmentation_ShopifyQL_Medebc7.png]
[cdn.shopify.com/s/files/1/0921/8919/6588/files/Logo_Game_2_2eb5c.png]
[cdn.shopify.com/s/files/1/0921/8919/6588/files/horizon-drive-car980b.png]
[cdn.shopify.com/s/files/1/0921/8919/6588/files/U100_Collabs_Mobile_App_ALT_01447c4d-5ab1-49c3-b34e-f895a004857f1fb9.png]
[cdn.shopify.com/s/files/1/0921/8919/6588/files/U95_Campaigns2cc4.png]
[cdn.shopify.com/s/files/1/0921/8919/6588/files/u166desktopPoster17c5.png]
[cdn.shopify.com/s/files/1/0921/8919/6588/files/u166desktopPoster28b6.png]
[cdn.shopify.com/s/files/1/0921/8919/6588/files/u166desktopPoster7c01.png]
[cdn.shopify.com/s/files/1/0921/8919/6588/files/u166desktopPosterbdc6.png]
[cdn.shopify.com/s/files/1/0921/8919/6588/files/u166desktopPoster556c.png]
[cdn.shopify.com/s/files/1/0921/8919/6588/files/u166desktopPoster24e8.png]
[cdn.shopify.com/s/files/1/0921/8919/6588/files/u166desktopPoster21f9.png]
[cdn.shopify.com/s/files/1/0921/8919/6588/files/u166desktopPoster8a4b.png]
[cdn.shopify.com/s/files/1/0921/8919/6588/files/u166desktopPoster3dd3.png]
[cdn.shopify.com/s/files/1/0921/8919/6588/files/u166desktopPostereaeb.png]
[cdn.shopify.com/s/files/1/0921/8919/6588/files/u166desktopPoster9926.png]
[cdn.shopify.com/s/files/1/0921/8919/6588/files/u166desktopPoster74a9.png]
[cdn.shopify.com/s/files/1/0921/8919/6588/files/u166desktopPosterfe04.png]
[cdn.shopify.com/s/files/1/0921/8919/6588/files/u166desktopPoster0026.png]
[cdn.shopify.com/s/files/1/0921/8919/6588/files/u166desktopPostera9e8.png]
[cdn.shopify.com/s/files/1/0921/8919/6588/files/U164_sync_your_store_with_shop_2c506.png]
[cdn.shopify.com/s/files/1/0921/8919/6588/files/U168_Share_collections_6e5eb08f-e2d2-4cfc-8d2c-a6a814a9627341ee.png]
[cdn.shopify.com/s/files/1/0921/8919/6588/files/U59_Markets_B2B0264.png]
[cdn.shopify.com/s/files/1/0921/8919/6588/files/U59_Markets_B2B5939.png]
[cdn.shopify.com/s/files/1/0921/8919/6588/files/U59_Markets_B2Bc3f8.png]
[cdn.shopify.com/s/files/1/0921/8919/6588/files/U59_Markets_B2B11aa.png]
[cdn.shopify.com/s/files/1/0921/8919/6588/files/U59_Markets_B2B4392.png]
[cdn.shopify.com/s/files/1/0921/8919/6588/files/U59_Markets_B2Bbbc7.png]
[cdn.shopify.com/s/files/1/0921/8919/6588/files/U59_Markets_B2Be6b6.png]
[cdn.shopify.com/s/files/1/0921/8919/6588/files/U59_Markets_B2Bdab9.png]
[cdn.shopify.com/s/files/1/0921/8919/6588/files/U59_Markets_B2Be07f.png]
[cdn.shopify.com/s/files/1/0921/8919/6588/files/U59_Markets_B2Bdd5c.png]
[cdn.shopify.com/s/files/1/0921/8919/6588/files/U59_Markets_B2Bc956.png]
[cdn.shopify.com/s/files/1/0921/8919/6588/files/U59_Markets_B2B113a.png]
[cdn.shopify.com/s/files/1/0921/8919/6588/files/U59_Markets_B2B5582.png]
[cdn.shopify.com/s/files/1/0921/8919/6588/files/U59_Markets_B2B004d.png]
[cdn.shopify.com/s/files/1/0921/8919/6588/files/U59_Markets_B2B5c73.png]
[cdn.shopify.com/s/files/1/0921/8919/6588/files/VAT_number141b.png]
[cdn.shopify.com/s/files/1/0921/8919/6588/files/U58_Min-max48dd.png]
[cdn.shopify.com/s/files/1/0921/8919/6588/files/u115desktopPoster32d0.png]
[cdn.shopify.com/s/files/1/0921/8919/6588/files/u115desktopPoster2a5a.png]
[cdn.shopify.com/s/files/1/0921/8919/6588/files/u115desktopPosterf69d.png]
[cdn.shopify.com/s/files/1/0921/8919/6588/files/u115desktopPoster592d.png]
[cdn.shopify.com/s/files/1/0921/8919/6588/files/u115desktopPosterddc3.png]
[cdn.shopify.com/s/files/1/0921/8919/6588/files/u115desktopPoster7b65.png]
[cdn.shopify.com/s/files/1/0921/8919/6588/files/u115desktopPosterf268.png]
[cdn.shopify.com/s/files/1/0921/8919/6588/files/u115desktopPoster9923.png]
[cdn.shopify.com/s/files/1/0921/8919/6588/files/u115desktopPosterf80b.png]
[cdn.shopify.com/s/files/1/0921/8919/6588/files/u115desktopPoster1cf6.png]
[cdn.shopify.com/s/files/1/0921/8919/6588/files/u115desktopPoster8d73.png]
[cdn.shopify.com/s/files/1/0921/8919/6588/files/u115desktopPoster053b.png]
[cdn.shopify.com/s/files/1/0921/8919/6588/files/u115desktopPosterb14e.png]
[cdn.shopify.com/s/files/1/0921/8919/6588/files/u115desktopPoster108f.png]
[cdn.shopify.com/s/files/1/0921/8919/6588/files/u115desktopPosterecca.png]
[cdn.shopify.com/s/files/1/0921/8919/6588/files/U_131_Multi-shipment_tracking6b9d.png]
[cdn.shopify.com/s/files/1/0921/8919/6588/files/U119_Consolidated_delivery_methodsf849.png]
[cdn.shopify.com/s/files/1/0921/8919/6588/files/U125_Flat_rates_for_multi-location0c15.png]
[cdn.shopify.com/s/files/1/0921/8919/6588/files/U125_Flat_rates_for_multi-location9b51.png]
[cdn.shopify.com/s/files/1/0921/8919/6588/files/U133_Multiple_3PL_partners_in_the_new_SFNb3d3.png]
[cdn.shopify.com/s/files/1/0921/8919/6588/files/U93_Refund_to_store_credit7429.png]
[cdn.shopify.com/s/files/1/0921/8919/6588/files/U93_Refund_to_store_credit5568.png]
[cdn.shopify.com/s/files/1/0921/8919/6588/files/U93_Refund_to_store_creditc040.png]
[cdn.shopify.com/s/files/1/0921/8919/6588/files/U93_Refund_to_store_credit3229.png]
[cdn.shopify.com/s/files/1/0921/8919/6588/files/U93_Refund_to_store_credit9928.png]
[cdn.shopify.com/s/files/1/0921/8919/6588/files/U93_Refund_to_store_credit0033.png]
[cdn.shopify.com/s/files/1/0921/8919/6588/files/U93_Refund_to_store_credit935e.png]
[cdn.shopify.com/s/files/1/0921/8919/6588/files/U93_Refund_to_store_creditef39.png]
[cdn.shopify.com/s/files/1/0921/8919/6588/files/U93_Refund_to_store_creditbccf.png]
[cdn.shopify.com/s/files/1/0921/8919/6588/files/U93_Refund_to_store_credit09ee.png]
[cdn.shopify.com/s/files/1/0921/8919/6588/files/U93_Refund_to_store_credit66dd.png]
[cdn.shopify.com/s/files/1/0921/8919/6588/files/U93_Refund_to_store_creditf20e.png]
[cdn.shopify.com/s/files/1/0921/8919/6588/files/U93_Refund_to_store_crediteadf.png]
[cdn.shopify.com/s/files/1/0921/8919/6588/files/U93_Refund_to_store_credit4b9a.png]
[cdn.shopify.com/s/files/1/0921/8919/6588/files/U93_Refund_to_store_credite293.png]
[cdn.shopify.com/s/files/1/0921/8919/6588/files/Tap_to_pay_phone2cdc.png]
[cdn.shopify.com/s/files/1/0921/8919/6588/files/u157poster1c62.png]
[cdn.shopify.com/s/files/1/0921/8919/6588/files/u157poster646c.png]
[cdn.shopify.com/s/files/1/0921/8919/6588/files/u157poster579f.png]
[cdn.shopify.com/s/files/1/0921/8919/6588/files/u157poster6673.png]
[cdn.shopify.com/s/files/1/0921/8919/6588/files/u157poster1a4b.png]
[cdn.shopify.com/s/files/1/0921/8919/6588/files/u157posterf1e2.png]
[cdn.shopify.com/s/files/1/0921/8919/6588/files/u157posterb0d8.png]
[cdn.shopify.com/s/files/1/0921/8919/6588/files/u157poster168f.png]
[cdn.shopify.com/s/files/1/0921/8919/6588/files/u157poster3bac.png]
[cdn.shopify.com/s/files/1/0921/8919/6588/files/u27desktopPoster3854.png]
[cdn.shopify.com/s/files/1/0921/8919/6588/files/u27desktopPosterd3e9.png]
[cdn.shopify.com/s/files/1/0921/8919/6588/files/u27desktopPostere857.png]
[cdn.shopify.com/s/files/1/0921/8919/6588/files/u27desktopPoster4973.png]
[cdn.shopify.com/s/files/1/0921/8919/6588/files/u27desktopPoster9c5a.png]
[cdn.shopify.com/s/files/1/0921/8919/6588/files/u27desktopPosterdd68.png]
[cdn.shopify.com/s/files/1/0921/8919/6588/files/u27desktopPoster10d3.png]
[cdn.shopify.com/s/files/1/0921/8919/6588/files/u27desktopPoster41cb.png]
[cdn.shopify.com/s/files/1/0921/8919/6588/files/u27desktopPostera8a5.png]
[cdn.shopify.com/s/files/1/0921/8919/6588/files/Sample_data_in_flow26d0.png]
[cdn.shopify.com/s/files/1/0921/8919/6588/files/preview_images/ec08554c43d84297a6d8bd7e651ae522.thumbnail.000000000023c2.jpg]
[cdn.shopify.com/s/files/1/0921/8919/6588/files/preview_images/ec08554c43d84297a6d8bd7e651ae522.thumbnail.000000000064b4.jpg]
[cdn.shopify.com/s/files/1/0921/8919/6588/files/preview_images/ec08554c43d84297a6d8bd7e651ae522.thumbnail.0000000000b1d8.jpg]
[cdn.shopify.com/s/files/1/0921/8919/6588/files/consistent_dev_localhost20ae.png]
[cdn.shopify.com/s/files/1/0921/8919/6588/files/declarative_custom_datad7df.png]
[cdn.shopify.com/s/files/1/0921/8919/6588/files/Polaris_unified_UI_components7df0.png]
[cdn.shopify.com/s/files/1/0921/8919/6588/files/Storefronts_Components_ee17e358-92e6-418d-9df8-5e127a7eec3a0d2c.png]
[cdn.shopify.com/s/files/1/0921/8919/6588/files/u291poster09cb.png]
[cdn.shopify.com/s/files/1/0921/8919/6588/files/u291poster53ed.png]
[cdn.shopify.com/s/files/1/0921/8919/6588/files/u291poster2eb3.png]
[cdn.shopify.com/s/files/1/0921/8919/6588/files/u291posteraa07.png]
[cdn.shopify.com/s/files/1/0921/8919/6588/files/u291posteraa82.png]
[cdn.shopify.com/s/files/1/0921/8919/6588/files/u291poster444d.png]
[cdn.shopify.com/s/files/1/0921/8919/6588/files/u291postereca7.png]
[cdn.shopify.com/s/files/1/0921/8919/6588/files/u291posterd0e1.png]
[cdn.shopify.com/s/files/1/0921/8919/6588/files/u291poster9aa0.png]
[cdn.shopify.com/s/files/1/0921/8919/6588/files/u315posterimageb721.png]
[cdn.shopify.com/s/files/1/0921/8919/6588/files/u315posterimage9591.png]
[cdn.shopify.com/s/files/1/0921/8919/6588/files/u315posterimage7a35.png]
[cdn.shopify.com/s/files/1/0921/8919/6588/files/u315posterimagef9d7.png]
[cdn.shopify.com/s/files/1/0921/8919/6588/files/u315posterimage2293.png]
[cdn.shopify.com/s/files/1/0921/8919/6588/files/u315posterimage1879.png]
[cdn.shopify.com/s/files/1/0921/8919/6588/files/u315posterimagee4e1.png]
[cdn.shopify.com/s/files/1/0921/8919/6588/files/u315posterimage32b3.png]
[cdn.shopify.com/s/files/1/0921/8919/6588/files/u315posterimagedced.png]
[cdn.shopify.com/s/files/1/0921/8919/6588/files/u238desktopPosterd4d4.png]
[cdn.shopify.com/s/files/1/0921/8919/6588/files/u238desktopPoster3be6.png]
[cdn.shopify.com/s/files/1/0921/8919/6588/files/u238desktopPoster479d.png]
[cdn.shopify.com/s/files/1/0921/8919/6588/files/u238desktopPoster828e.png]
[cdn.shopify.com/s/files/1/0921/8919/6588/files/u238desktopPoster0189.png]
[cdn.shopify.com/s/files/1/0921/8919/6588/files/u238desktopPoster7b60.png]
[cdn.shopify.com/s/files/1/0921/8919/6588/files/u238desktopPosterd709.png]
[cdn.shopify.com/s/files/1/0921/8919/6588/files/u238desktopPoster0ff2.png]
[cdn.shopify.com/s/files/1/0921/8919/6588/files/u238desktopPoster0a98.png]
[cdn.shopify.com/s/files/1/0921/8919/6588/files/u238desktopPosterdcac.png]
[cdn.shopify.com/s/files/1/0921/8919/6588/files/u238desktopPoster3d7b.png]
[cdn.shopify.com/s/files/1/0921/8919/6588/files/u238desktopPoster4ac4.png]
[cdn.shopify.com/s/files/1/0921/8919/6588/files/u238desktopPostere91d.png]
[cdn.shopify.com/s/files/1/0921/8919/6588/files/u238desktopPoster38f8.png]
[cdn.shopify.com/s/files/1/0921/8919/6588/files/u238desktopPostercda5.png]
[cdn.shopify.com/s/files/1/0921/8919/6588/files/flow_http_test537b.png]
[cdn.shopify.com/s/files/1/0921/8919/6588/files/u298poster8f9f.png]
[cdn.shopify.com/s/files/1/0921/8919/6588/files/u298poster0e11.png]
[cdn.shopify.com/s/files/1/0921/8919/6588/files/u298postere375.png]
[cdn.shopify.com/s/files/1/0921/8919/6588/files/u298posterf68c.png]
[cdn.shopify.com/s/files/1/0921/8919/6588/files/u298poster7e89.png]
[cdn.shopify.com/s/files/1/0921/8919/6588/files/u298poster5b44.png]
[cdn.shopify.com/s/files/1/0921/8919/6588/files/u298posterbec5.png]
[cdn.shopify.com/s/files/1/0921/8919/6588/files/u298poster8ed9.png]
[cdn.shopify.com/s/files/1/0921/8919/6588/files/u298poster052b.png]
[cdn.shopify.com/s/files/1/0921/8919/6588/files/U300_BFS_annual_reviews_med86d7.png]
[cdn.shopify.com/s/files/1/0921/8919/6588/files/country_logicef66.png]
[cdn.shopify.com/s/files/1/0921/8919/6588/files/footer-imagefed6.jpg]
[cdn.shopify.com/s/files/1/0921/8919/6588/files/background8c30.jpg]
[cdn.shopify.com/s/files/1/0921/8919/6588/files/background_600xf58c.jpg]
[cdn.shopify.com/s/files/1/0921/8919/6588/files/background_900xf58c.jpg]
[cdn.shopify.com/s/files/1/0921/8919/6588/files/background_1200xf58c.jpg]
[cdn.shopify.com/s/files/1/0921/8919/6588/files/background_1600xf58c.jpg]
[cdn.shopify.com/oxygen-v2/40436/33939/71168/4075870/assets/manifest-81fa5643.js]
[cdn.shopify.com/oxygen-v2/40436/33939/71168/4075870/assets/entry.client-C7guVbXQ.js]
[cdn.shopify.com/oxygen-v2/40436/33939/71168/4075870/assets/components-CPMWcV2E.js]
[cdn.shopify.com/oxygen-v2/40436/33939/71168/4075870/assets/client-DUo4tr1U.js]
[cdn.shopify.com/oxygen-v2/40436/33939/71168/4075870/assets/constants-BmwGoqyb.js]
[cdn.shopify.com/oxygen-v2/40436/33939/71168/4075870/assets/constants-BiueD3iv.js]
[cdn.shopify.com/oxygen-v2/40436/33939/71168/4075870/assets/root-CbSnPO7j.js]
[cdn.shopify.com/oxygen-v2/40436/33939/71168/4075870/assets/index-DAmBVkoj.js]
[cdn.shopify.com/oxygen-v2/40436/33939/71168/4075870/assets/ConsoleArt-DTkB5pEo.js]
[cdn.shopify.com/oxygen-v2/40436/33939/71168/4075870/assets/Experience-CN1S_mam.js]
[cdn.shopify.com/oxygen-v2/40436/33939/71168/4075870/assets/CustomEase-C6TodC71.js]
[cdn.shopify.com/oxygen-v2/40436/33939/71168/4075870/assets/(_locale).editions.summer2025-C5E9kecC.js]
[cdn.shopify.com/s/files/1/0921/8919/6588/files/sidekickPreRollPoster_v2b074.png]
[cdn.shopify.com/s/files/1/0921/8919/6588/files/sidekickDiscountPreview9ef0.png]
[cdn.shopify.com/s/files/1/0921/8919/6588/files/sidekickHomepage37ea.png]
[cdn.shopify.com/s/files/1/0921/8919/6588/files/sidekickpreollmobileposter5b97.png]
[cdn.shopify.com/s/files/1/0921/8919/6588/files/Alpha_maskf452.png]
[cdn.shopify.com/s/files/1/0921/8919/6588/files/U141_Sidekick_languages_c1c7538f-27b8-4a58-85c2-eedf21d3e7573bb1.png]
[cdn.shopify.com/s/files/1/0921/8919/6588/files/u141posterimaged019.png]
[cdn.shopify.com/s/files/1/0921/8919/6588/files/sidekick_language6b7f.png]
[cdn.shopify.com/s/files/1/0921/8919/6588/files/Light5b50.png]
[cdn.shopify.com/s/files/1/0921/8919/6588/files/U283_Sidekick_image_gen_9b6c2965-6957-4fcf-9cbc-e7e4bab718f91d59.png]
[cdn.shopify.com/s/files/1/0921/8919/6588/files/u283_sidekick_image_gen96a1.png]
[cdn.shopify.com/s/files/1/0921/8919/6588/files/imageGen118c4.jpg]
[cdn.shopify.com/s/files/1/0921/8919/6588/files/imageGen2a15f.jpg]
[cdn.shopify.com/s/files/1/0921/8919/6588/files/sidekick_image_genc1c0.png]
[cdn.shopify.com/s/files/1/0921/8919/6588/files/waves_light0aa3.png]
[cdn.shopify.com/s/files/1/0921/8919/6588/files/posprerolldesktopposter63b3.png]
[cdn.shopify.com/s/files/1/0921/8919/6588/files/posDesktopPrerolld30e.png]
[cdn.shopify.com/s/files/1/0921/8919/6588/files/villaBrand045c5e5.jpg]
[cdn.shopify.com/s/files/1/0921/8919/6588/files/villaBrand046c5e5.jpg]
[cdn.shopify.com/s/files/1/0921/8919/6588/files/villaBrand01774e8.jpg]
[cdn.shopify.com/s/files/1/0921/8919/6588/files/villaBrand030c4d4.jpg]
[cdn.shopify.com/s/files/1/0921/8919/6588/files/villaHero1cc2.jpg]
[cdn.shopify.com/s/files/1/0921/8919/6588/files/ipadwithstande9d7.png]
[cdn.shopify.com/s/files/1/0921/8919/6588/files/Pos_fallback_mobile7a48.png]
[cdn.shopify.com/s/files/1/0921/8919/6588/files/posMobilePrerollc1b5.png]
[cdn.shopify.com/s/files/1/0921/8919/6588/files/Shadow5b50.jpg]
[cdn.shopify.com/s/files/1/0921/8919/6588/files/U37_brand_theming84e1.png]
[cdn.shopify.com/s/files/1/0921/8919/6588/files/u37posterImageff44.png]
[cdn.shopify.com/s/files/1/0921/8919/6588/files/rivePosTerminal0105.png]
[cdn.shopify.com/s/files/1/0921/8919/6588/files/villaBrand0274ce8.jpg]
[cdn.shopify.com/s/files/1/0921/8919/6588/files/villaBrand0105cd8.jpg]
[cdn.shopify.com/s/files/1/0921/8919/6588/files/villaBrand0198742.jpg]
[cdn.shopify.com/s/files/1/0921/8919/6588/files/U29_ship_and_carryf52f.png]
[cdn.shopify.com/s/files/1/0921/8919/6588/files/U29_ship_and_carry_mobile8696.png]
[cdn.shopify.com/s/files/1/0921/8919/6588/files/checkout-split_shipping1c2b.png]
[cdn.shopify.com/s/files/1/0921/8919/6588/files/U88_Checkout_split_shipping_mobilefb1b.png]
[cdn.shopify.com/s/files/1/0921/8919/6588/files/U89_temp_roblox385b.png]
[cdn.shopify.com/s/files/1/0921/8919/6588/files/U87_Apple_Pay_as_a_payment_method171a.png]
[cdn.shopify.com/s/files/1/0921/8919/6588/files/U75_crypto-payments_Medium_84b33570-5c4c-4fa2-a010-bb0fb66d4277f7b1.png]
[cdn.shopify.com/s/files/1/0921/8919/6588/files/U56_Shopify_payments_countries_ebdadb7c-24e3-4b1a-aa6f-9ec42cb1d5eb837f.png]
[cdn.shopify.com/s/files/1/0921/8919/6588/files/u56desktopposter3656.png]
[cdn.shopify.com/s/files/1/0921/8919/6588/files/riveiPhoneFrame6daa.png]
[cdn.shopify.com/s/files/1/0921/8919/6588/files/villaGrainbca8.png]
[cdn.shopify.com/s/files/1/0921/8919/6588/files/riveBulgariaecb9.jpg]
[cdn.shopify.com/s/files/1/0921/8919/6588/files/riveCroatiaecb9.jpg]
[cdn.shopify.com/s/files/1/0921/8919/6588/files/riveCyprusecb9.jpg]
[cdn.shopify.com/s/files/1/0921/8919/6588/files/riveEstoniaecb9.jpg]
[cdn.shopify.com/s/files/1/0921/8919/6588/files/riveGibraltarecb9.jpg]
[cdn.shopify.com/s/files/1/0921/8919/6588/files/riveGreeceecb9.jpg]
[cdn.shopify.com/s/files/1/0921/8919/6588/files/riveHungaryecb9.jpg]
[cdn.shopify.com/s/files/1/0921/8919/6588/files/riveLatviaecb9.jpg]
[cdn.shopify.com/s/files/1/0921/8919/6588/files/riveLiechtensteinecb9.jpg]
[cdn.shopify.com/s/files/1/0921/8919/6588/files/riveLithuaniaecb9.jpg]
[cdn.shopify.com/s/files/1/0921/8919/6588/files/riveLuxembourgecb9.jpg]
[cdn.shopify.com/s/files/1/0921/8919/6588/files/riveMaltaecb9.jpg]
[cdn.shopify.com/s/files/1/0921/8919/6588/files/riveMexicoecb9.jpg]
[cdn.shopify.com/s/files/1/0921/8919/6588/files/riveNorwayecb9.jpg]
[cdn.shopify.com/s/files/1/0921/8919/6588/files/rivePolandecb9.jpg]
[cdn.shopify.com/s/files/1/0921/8919/6588/files/riveSloveniaecb9.jpg]
[cdn.shopify.com/s/files/1/0921/8919/6588/files/U56_Shopify_payments_countries_mobile_static5366.png]
[cdn.shopify.com/s/files/1/0921/8919/6588/files/CURRENCYc1c7.png]
[cdn.shopify.com/s/files/1/0921/8919/6588/files/mobile_currencybg91b4.png]
[cdn.shopify.com/s/files/1/0921/8919/6588/files/multientity6c55.png]
[cdn.shopify.com/s/files/1/0921/8919/6588/files/U176_Multi_entity_mobilee23f.png]
[cdn.shopify.com/s/files/1/0921/8919/6588/files/Multi_currency9e83.png]
[cdn.shopify.com/s/files/1/0921/8919/6588/files/u249_Multi_currency_mobilec72a.png]
[cdn.shopify.com/s/files/1/0921/8919/6588/files/GLOBE2a8a0.png]
[cdn.shopify.com/s/files/1/0921/8919/6588/files/U45_markets-now-available_ALT_1d3d23e9-6496-4f7a-9b60-f02b195fe69d0a5c.png]
[cdn.shopify.com/s/files/1/0921/8919/6588/files/u45_region_markets_mobile71ae.png]
[cdn.shopify.com/s/files/1/0921/8919/6588/files/U112_Customer-accounts_markets_0f034365-fd1b-454d-a031-753128682ab30889.png]
[cdn.shopify.com/s/files/1/0921/8919/6588/files/U112_Customer_Accounts_markets_mobile3be1.png]
[cdn.shopify.com/s/files/1/0921/8919/6588/files/multi-class_discounts58e3.png]
[cdn.shopify.com/s/files/1/0921/8919/6588/files/U20_Multi-class_discounts_mobile5395.png]
[cdn.shopify.com/s/files/1/0921/8919/6588/files/U97_Segmentation_ShopifyQL_Medb7b0.png]
[cdn.shopify.com/s/files/1/0921/8919/6588/files/U97_Segmentation_ShopifyQL_mobileb208.png]
[cdn.shopify.com/s/files/1/0921/8919/6588/files/U100_Collabs_Mobile_App_ALT_01447c4d-5ab1-49c3-b34e-f895a004857f42f2.png]
[cdn.shopify.com/s/files/1/0921/8919/6588/files/U100_Collabs_Mobile_Appbb6d.png]
[cdn.shopify.com/s/files/1/0921/8919/6588/files/U95_Campaigns9e6f.png]
[cdn.shopify.com/s/files/1/0921/8919/6588/files/U166_Smarter_Shop_f24354da-5cd4-4f8a-955a-c9143bfb72f4325a.png]
[cdn.shopify.com/s/files/1/0921/8919/6588/files/u166desktopPoster2144.png]
[cdn.shopify.com/s/files/1/0921/8919/6588/files/villaBrand00301bf.jpg]
[cdn.shopify.com/s/files/1/0921/8919/6588/files/villaBrand0114da3.jpg]
[cdn.shopify.com/s/files/1/0921/8919/6588/files/villaBrand01389ca.jpg]
[cdn.shopify.com/s/files/1/0921/8919/6588/files/villaBrand020f34f.jpg]
[cdn.shopify.com/s/files/1/0921/8919/6588/files/villaBrand026dc6d.jpg]
[cdn.shopify.com/s/files/1/0921/8919/6588/files/villaBrand0361e8d.jpg]
[cdn.shopify.com/s/files/1/0921/8919/6588/files/riveAsset22ae23.png]
[cdn.shopify.com/s/files/1/0921/8919/6588/files/riveShop157e6.jpg]
[cdn.shopify.com/s/files/1/0921/8919/6588/files/riveShop1057e6.jpg]
[cdn.shopify.com/s/files/1/0921/8919/6588/files/riveShop1157e6.jpg]
[cdn.shopify.com/s/files/1/0921/8919/6588/files/riveShop1257e6.png]
[cdn.shopify.com/s/files/1/0921/8919/6588/files/riveShop1357e6.png]
[cdn.shopify.com/s/files/1/0921/8919/6588/files/riveShop1457e6.jpg]
[cdn.shopify.com/s/files/1/0921/8919/6588/files/riveShop1557e6.jpg]
[cdn.shopify.com/s/files/1/0921/8919/6588/files/riveShop1657e6.jpg]
[cdn.shopify.com/s/files/1/0921/8919/6588/files/riveShop1757e6.jpg]
[cdn.shopify.com/s/files/1/0921/8919/6588/files/riveShop1857e6.jpg]
[cdn.shopify.com/s/files/1/0921/8919/6588/files/riveShop1957e6.jpg]
[cdn.shopify.com/s/files/1/0921/8919/6588/files/riveShop257e6.jpg]
[cdn.shopify.com/s/files/1/0921/8919/6588/files/riveShop2057e6.jpg]
[cdn.shopify.com/s/files/1/0921/8919/6588/files/riveShop357e6.jpg]
[cdn.shopify.com/s/files/1/0921/8919/6588/files/riveShop457e6.jpg]
[cdn.shopify.com/s/files/1/0921/8919/6588/files/riveShop557e6.jpg]
[cdn.shopify.com/s/files/1/0921/8919/6588/files/riveShop657e6.jpg]
[cdn.shopify.com/s/files/1/0921/8919/6588/files/riveShop757e6.jpg]
[cdn.shopify.com/s/files/1/0921/8919/6588/files/riveShop857e6.jpg]
[cdn.shopify.com/s/files/1/0921/8919/6588/files/riveShop957e6.jpg]
[cdn.shopify.com/s/files/1/0921/8919/6588/files/U166_Smarter_Shop_mobile5f8f.png]
[cdn.shopify.com/s/files/1/0921/8919/6588/files/u166mobilePoster099d.png]
[cdn.shopify.com/s/files/1/0921/8919/6588/files/U164_sync_your_store_with_shop_22d67.png]
[cdn.shopify.com/s/files/1/0921/8919/6588/files/U168_Share_collections_6e5eb08f-e2d2-4cfc-8d2c-a6a814a96273e0fc.png]
[cdn.shopify.com/s/files/1/0921/8919/6588/files/U59_Markets_B2B_626ebfc7-b664-47a6-9764-19f15aaa9b04a989.png]
[cdn.shopify.com/s/files/1/0921/8919/6588/files/U59_Markets_B2Bdf4e.png]
[cdn.shopify.com/s/files/1/0921/8919/6588/files/villaBrand008be03.jpg]
[cdn.shopify.com/s/files/1/0921/8919/6588/files/villaBrand009baeb.jpg]
[cdn.shopify.com/s/files/1/0921/8919/6588/files/villaBrand0148fd8.jpg]
[cdn.shopify.com/s/files/1/0921/8919/6588/files/villaBrand037764d.jpg]
[cdn.shopify.com/s/files/1/0921/8919/6588/files/villaBrand038764d.jpg]
[cdn.shopify.com/s/files/1/0921/8919/6588/files/villaBrand039764d.jpg]
[cdn.shopify.com/s/files/1/0921/8919/6588/files/villaBrand0402696.jpg]
[cdn.shopify.com/s/files/1/0921/8919/6588/files/U59_Markets_B2B_mobilead58.png]
[cdn.shopify.com/s/files/1/0921/8919/6588/files/u59mobilePostera87d.png]
[cdn.shopify.com/s/files/1/0921/8919/6588/files/VAT_number6bb6.png]
[cdn.shopify.com/s/files/1/0921/8919/6588/files/U67_VAT_validation_mobile4874.png]
[cdn.shopify.com/s/files/1/0921/8919/6588/files/U58_Min-max60fe.png]
[cdn.shopify.com/s/files/1/0921/8919/6588/files/U58_Checkout_Blocks_mobileb169.png]
[cdn.shopify.com/s/files/1/0921/8919/6588/files/U115_Printed_pick_list62d9.png]
[cdn.shopify.com/s/files/1/0921/8919/6588/files/U115_Printed_pick_list_76c8a2a2-c060-43a4-a9cd-adb60bf969d1d08f.png]
[cdn.shopify.com/s/files/1/0921/8919/6588/files/u115desktopPoster5fc9.png]
[cdn.shopify.com/s/files/1/0921/8919/6588/files/rivePrinter7aa6.png]
[cdn.shopify.com/s/files/1/0921/8919/6588/files/U115_Printed_pick_list_mobile6ede.png]
[cdn.shopify.com/s/files/1/0921/8919/6588/files/U_131_Multi-shipment_tracking172c.png]
[cdn.shopify.com/s/files/1/0921/8919/6588/files/U131_Multi-shipment_tracking_mobilef262.png]
[cdn.shopify.com/s/files/1/0921/8919/6588/files/U119_Consolidated_delivery_methods6d4c.png]
[cdn.shopify.com/s/files/1/0921/8919/6588/files/U119_Consolidated_delivery_methods_mobileaf31.png]
[cdn.shopify.com/s/files/1/0921/8919/6588/files/U125_Flat_rates_for_multi-location_mobile4c57.png]
[cdn.shopify.com/s/files/1/0921/8919/6588/files/U133_Multiple_3PL_partners_in_the_new_SFN102f.png]
[cdn.shopify.com/s/files/1/0921/8919/6588/files/U133_Multiple_3PL_partners_in_the_new_SFN_mobile2cc4.png]
[cdn.shopify.com/s/files/1/0921/8919/6588/files/U93_Refund_to_store_credit5156.png]
[cdn.shopify.com/s/files/1/0921/8919/6588/files/villaBrand004ae44.jpg]
[cdn.shopify.com/s/files/1/0921/8919/6588/files/u93mobileposterv27425.png]
[cdn.shopify.com/s/files/1/0921/8919/6588/files/Tap_to_pay_phone76ba.png]
[cdn.shopify.com/s/files/1/0921/8919/6588/files/U157_Shopify_App_Navigation149c.png]
[cdn.shopify.com/s/files/1/0921/8919/6588/files/u157poster3c66.png]
[cdn.shopify.com/s/files/1/0921/8919/6588/files/villaBrand041fae2.jpg]
[cdn.shopify.com/s/files/1/0921/8919/6588/files/villaBrand042fae2.jpg]
[cdn.shopify.com/s/files/1/0921/8919/6588/files/villaBrand043fae2.jpg]
[cdn.shopify.com/s/files/1/0921/8919/6588/files/villaBrand044fae2.jpg]
[cdn.shopify.com/s/files/1/0921/8919/6588/files/villaBrand01602b1.jpg]
[cdn.shopify.com/s/files/1/0921/8919/6588/files/riveAsset6ae23.png]
[cdn.shopify.com/s/files/1/0921/8919/6588/files/Shopify_App_Mobile_Nav0670.png]
[cdn.shopify.com/s/files/1/0921/8919/6588/files/U27_replatormers_import_data_mobile_fallback7407.png]
[cdn.shopify.com/s/files/1/0921/8919/6588/files/u27desktopPostera072.png]
[cdn.shopify.com/s/files/1/0921/8919/6588/files/villaBrand0010d3e.jpg]
[cdn.shopify.com/s/files/1/0921/8919/6588/files/villaBrand0025398.jpg]
[cdn.shopify.com/s/files/1/0921/8919/6588/files/villaBrand0061652.jpg]
[cdn.shopify.com/s/files/1/0921/8919/6588/files/villaBrand012698f.jpg]
[cdn.shopify.com/s/files/1/0921/8919/6588/files/villaBrand021a272.jpg]
[cdn.shopify.com/s/files/1/0921/8919/6588/files/villaBrand022e5c5.jpg]
[cdn.shopify.com/s/files/1/0921/8919/6588/files/villaBrand02482df.jpg]
[cdn.shopify.com/s/files/1/0921/8919/6588/files/riveAsset15ae23.png]
[cdn.shopify.com/s/files/1/0921/8919/6588/files/riveAsset18ae23.png]
[cdn.shopify.com/s/files/1/0921/8919/6588/files/riveAsset19ae23.png]
[cdn.shopify.com/s/files/1/0921/8919/6588/files/riveAsset2ae23.png]
[cdn.shopify.com/s/files/1/0921/8919/6588/files/riveAsset20ae23.png]
[cdn.shopify.com/s/files/1/0921/8919/6588/files/riveAsset25ae23.png]
[cdn.shopify.com/s/files/1/0921/8919/6588/files/riveAsset5ae23.png]
[cdn.shopify.com/s/files/1/0921/8919/6588/files/riveAsset9ae23.png]
[cdn.shopify.com/s/files/1/0921/8919/6588/files/riveAsset1ae23.png]
[cdn.shopify.com/s/files/1/0921/8919/6588/files/riveAsset11ae23.png]
[cdn.shopify.com/s/files/1/0921/8919/6588/files/riveAsset12ae23.png]
[cdn.shopify.com/s/files/1/0921/8919/6588/files/riveAsset16ae23.png]
[cdn.shopify.com/s/files/1/0921/8919/6588/files/riveAsset17ae23.png]
[cdn.shopify.com/s/files/1/0921/8919/6588/files/riveAsset21ae23.png]
[cdn.shopify.com/s/files/1/0921/8919/6588/files/riveAsset23ae23.png]
[cdn.shopify.com/s/files/1/0921/8919/6588/files/riveAsset24ae23.png]
[cdn.shopify.com/s/files/1/0921/8919/6588/files/riveAsset26ae23.png]
[cdn.shopify.com/s/files/1/0921/8919/6588/files/riveAsset27ae23.png]
[cdn.shopify.com/s/files/1/0921/8919/6588/files/riveAsset28ae23.png]
[cdn.shopify.com/s/files/1/0921/8919/6588/files/riveAsset29ae23.png]
[cdn.shopify.com/s/files/1/0921/8919/6588/files/riveAsset3ae23.png]
[cdn.shopify.com/s/files/1/0921/8919/6588/files/riveAsset30ae23.png]
[cdn.shopify.com/s/files/1/0921/8919/6588/files/riveAsset4ae23.png]
[cdn.shopify.com/s/files/1/0921/8919/6588/files/riveAsset7ae23.png]
[cdn.shopify.com/s/files/1/0921/8919/6588/files/riveAsset8ae23.png]
[cdn.shopify.com/s/files/1/0921/8919/6588/files/u27mobilePoster3d9c.png]
[cdn.shopify.com/s/files/1/0921/8919/6588/files/riveAsset13ae23.png]
[cdn.shopify.com/s/files/1/0921/8919/6588/files/riveAsset14ae23.png]
[cdn.shopify.com/s/files/1/0921/8919/6588/files/Sample_data_in_flowb534.png]
[cdn.shopify.com/s/files/1/0921/8919/6588/files/U156_Sample_data_flow_mobile2a5e.png]
[cdn.shopify.com/s/files/1/0921/8919/6588/files/consistent_dev_localhostb4f3.png]
[cdn.shopify.com/s/files/1/0921/8919/6588/files/U297_consistent_dev_localhost_mobile3095.png]
[cdn.shopify.com/s/files/1/0921/8919/6588/files/declarative_custom_data999d.png]
[cdn.shopify.com/s/files/1/0921/8919/6588/files/U240_declarative_custom_data_mobile2652.png]
[cdn.shopify.com/s/files/1/0921/8919/6588/files/Polaris_unified_UI_componentsda65.png]
[cdn.shopify.com/s/files/1/0921/8919/6588/files/U195_Polaris_unified_UI_mobile77b3.png]
[cdn.shopify.com/s/files/1/0921/8919/6588/files/SE25_HORIZON_ANIMATIC_V18.01_02_22_13.Still0055f2e.png]
[cdn.shopify.com/s/files/1/0921/8919/6588/files/preview_images/ec08554c43d84297a6d8bd7e651ae522.thumbnail.0000000000f188.jpg]
[cdn.shopify.com/s/files/1/0921/8919/6588/files/Storefronts_Components_ee17e358-92e6-418d-9df8-5e127a7eec3af813.png]
[cdn.shopify.com/s/files/1/0921/8919/6588/files/Storefront_Components_-_static_mobile9ced.png]
[cdn.shopify.com/s/files/1/0921/8919/6588/files/U291_consumer_agent_platformdab6.png]
[cdn.shopify.com/s/files/1/0921/8919/6588/files/u291poster809f.png]
[cdn.shopify.com/s/files/1/0921/8919/6588/files/u291mobilepostera537.png]
[cdn.shopify.com/s/files/1/0921/8919/6588/files/u315_global_catalog_cf9de12e-bff6-4bcd-8c3b-e2b2171a8f56c5bc.png]
[cdn.shopify.com/s/files/1/0921/8919/6588/files/u315posterimage1a2f.png]
[cdn.shopify.com/s/files/1/0921/8919/6588/files/riveCatalog1ac86.jpg]
[cdn.shopify.com/s/files/1/0921/8919/6588/files/riveCatalog2ac86.jpg]
[cdn.shopify.com/s/files/1/0921/8919/6588/files/riveCatalog3ac86.jpg]
[cdn.shopify.com/s/files/1/0921/8919/6588/files/riveCatalog4ac86.jpg]
[cdn.shopify.com/s/files/1/0921/8919/6588/files/riveCatalog5ac86.jpg]
[cdn.shopify.com/s/files/1/0921/8919/6588/files/riveCatalog6ac86.jpg]
[cdn.shopify.com/s/files/1/0921/8919/6588/files/riveCatalog7ac86.jpg]
[cdn.shopify.com/s/files/1/0921/8919/6588/files/riveCatalog8ac86.jpg]
[cdn.shopify.com/s/files/1/0921/8919/6588/files/U315_Global_catalog60ef.png]
[cdn.shopify.com/s/files/1/0921/8919/6588/files/U238_functions_.dev_LGed0f.png]
[cdn.shopify.com/s/files/1/0921/8919/6588/files/u238desktopPosterbce5.png]
[cdn.shopify.com/s/files/1/0921/8919/6588/files/U238_functions_.dev_mobile66c6.png]
[cdn.shopify.com/s/files/1/0921/8919/6588/files/u238mobilePoster7816.png]
[cdn.shopify.com/s/files/1/0921/8919/6588/files/flow_http_test11c0.png]
[cdn.shopify.com/s/files/1/0921/8919/6588/files/U236_FLow_HTTP_request_mobile8959.png]
[cdn.shopify.com/s/files/1/0921/8919/6588/files/BFS_CARD_IMAGE9dd4.png]
[cdn.shopify.com/s/files/1/0921/8919/6588/files/u298poster4ced.png]
[cdn.shopify.com/s/files/1/0921/8919/6588/files/BFSappIcon1c5fb.jpg]
[cdn.shopify.com/s/files/1/0921/8919/6588/files/BFSappIcon2c5fb.jpg]
[cdn.shopify.com/s/files/1/0921/8919/6588/files/BFSappIcon3c5fb.jpg]
[cdn.shopify.com/s/files/1/0921/8919/6588/files/BFSappIcon4c5fb.jpg]
[cdn.shopify.com/s/files/1/0921/8919/6588/files/BFSappIcon5c5fb.jpg]
[cdn.shopify.com/s/files/1/0921/8919/6588/files/BFSappIcon6c5fb.jpg]
[cdn.shopify.com/s/files/1/0921/8919/6588/files/BFSappIcon7c5fb.jpg]
[cdn.shopify.com/s/files/1/0921/8919/6588/files/BFSappIcon8c5fb.jpg]
[cdn.shopify.com/s/files/1/0921/8919/6588/files/BFSappIcon9c5fb.jpg]
[cdn.shopify.com/s/files/1/0921/8919/6588/files/u298_BFS_simplified0d08.png]
[cdn.shopify.com/s/files/1/0921/8919/6588/files/U300_BFS_annual_reviews_med17d7.png]
[cdn.shopify.com/s/files/1/0921/8919/6588/files/u300_BFS_annual_mobile_46a64737-db03-43d3-bf3a-a0ac952445b20f9a.png]
[cdn.shopify.com/s/files/1/0921/8919/6588/files/country_logic8334.png]
[cdn.shopify.com/s/files/1/0921/8919/6588/files/U113_Access_country_and_company-_mobilef98b.png]
[cdn.shopify.com/s/files/1/0921/8919/6588/files/villaBrand0239a43.jpg]
[cdn.shopify.com/s/files/1/0921/8919/6588/files/villaBrand0253ebd.jpg]
[cdn.shopify.com/s/files/1/0921/8919/6588/files/villaBrand0286b27.jpg]
[cdn.shopify.com/s/files/1/0921/8919/6588/files/villaBrand0299d99.jpg]
[cdn.shopify.com/s/files/1/0921/8919/6588/files/villaBrand0319c86.jpg]
[cdn.shopify.com/s/files/1/0921/8919/6588/files/Ritual_-_May_7c03f.jpg]
[cdn.shopify.com/s/files/1/0921/8919/6588/files/FABRIC-_May_739db.jpg]
[cdn.shopify.com/s/files/1/0921/8919/6588/files/Tinker_-_May_7782d.jpg]
[cdn.shopify.com/s/files/1/0921/8919/6588/files/DWELL_-_MAY_7133c.jpg]
[cdn.shopify.com/s/files/1/0921/8919/6588/files/PITCH_MAY_7ef0e.jpg]
[cdn.shopify.com/s/files/1/0921/8919/6588/files/Vessel_-_May_7259c.jpg]
[cdn.shopify.com/s/files/1/0921/8919/6588/files/Heritage-_MAY_7853f.jpg]
[cdn.shopify.com/s/files/1/0921/8919/6588/files/Savor_-_May_7d114.jpg]
[cdn.shopify.com/s/files/1/0921/8919/6588/files/Atelier_-_May_76471.jpg]
[cdn.shopify.com/s/files/1/0921/8919/6588/files/SE25_HORIZON_ANIMATIC_V18.01_02_22_29.Still0042b46.png]
[cdn.shopify.com/s/files/1/0921/8919/6588/files/preview_images/33329a9ed7234acb9f7afb1f822d5505.thumbnail.0000000000a515.jpg]
[cdn.shopify.com/s/files/1/0921/8919/6588/files/U3_block_gen_static_mobile5bf7.png]
[cdn.shopify.com/s/files/1/0921/8919/6588/files/blockgenmobileposter2002.png]
[cdn.shopify.com/s/files/1/0921/8919/6588/files/villaBrand0328ef8.jpg]
[cdn.shopify.com/s/files/1/0921/8919/6588/files/villaBrand0330b2b.jpg]
[cdn.shopify.com/s/files/1/0921/8919/6588/files/villaBrand035d373.png]
[cdn.shopify.com/s/files/1/0921/8919/6588/files/villaGrainWhiteec26.png]
[cdn.shopify.com/s/files/1/0921/8919/6588/files/U3_block_gen_static76ac.png]
[cdn.shopify.com/s/files/1/0921/8919/6588/files/blockgenPosterDesktop8d19.png]
[cdn.shopify.com/s/files/1/0921/8919/6588/files/Group_173933044955e8.png]
[cdn.shopify.com/s/files/1/0921/8919/6588/files/U5_Ai_store_builder_mobile_staticdac4.png]
[cdn.shopify.com/s/files/1/0921/8919/6588/files/u5mobilePoster6a12.png]
[cdn.shopify.com/s/files/1/0921/8919/6588/files/riveStoreBuilder464c0.jpg]
[cdn.shopify.com/s/files/1/0921/8919/6588/files/riveStoreBuilder564c0.jpg]
[cdn.shopify.com/s/files/1/0921/8919/6588/files/riveStoreBuilder26066.jpg]
[cdn.shopify.com/s/files/1/0921/8919/6588/files/U5_Ai_store_builder_7aebcdd6-ee80-4ece-a7bc-a8a57f6dfa58805d.png]
[cdn.shopify.com/s/files/1/0921/8919/6588/files/u5desktopPoster7424.png]
[cdn.shopify.com/s/files/1/0921/8919/6588/files/air-refreshener-tag38aa.png]
[cdn.shopify.com/s/files/1/0921/8919/6588/files/accessories-collection6781.png]
[cdn.shopify.com/s/files/1/0921/8919/6588/files/womens-collection6781.png]
[cdn.shopify.com/s/files/1/0921/8919/6588/files/mens-collection6781.png]
[cdn.shopify.com/s/files/1/0921/8919/6588/files/Screenshot_2025-06-11_at_1.08.53_PM399e.png]
[cdn.shopify.com/b/shopify-brochure2-assets/2d741e8c4989bd107dcef0ed1f5044a0.mov]
[cdn.shopify.com/s/files/1/0921/8919/6588/files/AgaveSunglasses7bbf.jpg]
[cdn.shopify.com/s/files/1/0921/8919/6588/files/ObsidianBikinif15b.jpg]
[cdn.shopify.com/s/files/1/0921/8919/6588/files/ArecaShortsf15b.jpg]
[cdn.shopify.com/s/files/1/0921/8919/6588/files/Areca1ca7c.png]
[cdn.shopify.com/s/files/1/0921/8919/6588/files/Areca2ca7c.png]
[cdn.shopify.com/s/files/1/0921/8919/6588/files/PalmaOversizedShirtf15b.jpg]
[cdn.shopify.com/s/files/1/0921/8919/6588/files/Palma1ca7c.png]
[cdn.shopify.com/s/files/1/0921/8919/6588/files/Palma2ca7c.png]
[cdn.shopify.com/s/files/1/0921/8919/6588/files/new-arrival-14fd3.png]
[cdn.shopify.com/s/files/1/0921/8919/6588/files/new-arrival-44fd3.png]
[cdn.shopify.com/s/files/1/0921/8919/6588/files/DuneToteBlue284a.png]
[cdn.shopify.com/s/files/1/0921/8919/6588/files/new-arrival-3bfa3.png]
[cdn.shopify.com/s/files/1/0921/8919/6588/files/swatch-18524.png]
[cdn.shopify.com/s/files/1/0921/8919/6588/files/swatch-2_b436ad9e-cf6a-4e06-a05f-d9b98cfd17c98524.png]
[cdn.shopify.com/s/files/1/0921/8919/6588/files/new-arrival-24fd3.png]
[cdn.shopify.com/s/files/1/0921/8919/6588/files/swatch-3_9be4042a-68fe-4df9-b16f-94518352d3af8524.png]
[cdn.shopify.com/s/files/1/0921/8919/6588/files/TowerSandal7bbf.jpg]
[cdn.shopify.com/s/files/1/0921/8919/6588/files/LuxeTowel7bbf.jpg]
[cdn.shopify.com/s/files/1/0921/8919/6588/files/SonoranHatf15b.jpg]
[cdn.shopify.com/s/files/1/0921/8919/6588/files/PalmeraSetf15b.jpg]
[www.shopify.com/editions/summer2025.html]
[cdn.shopify.com/s/files/1/0702/3204/7829/files/EW25_SocialShare_1200x630_189c74e9-2646-4c43-ab65-fec906b5d2dc48d4.png]
[cdn.shopify.com/oxygen-v2/34812/25874/53819/4075852/assets/ozempic-BLh6bcCS.css]
[cdn.shopify.com/s/files/1/0702/3204/7829/files/favicon_32599d.png]
[cdn.shopify.com/s/files/1/0702/3204/7829/files/Favicon-800x80045f2.png]
[www.shopify.com/editions/winter2025/tv.html]
[cdn.shopify.com/s/files/1/0702/3204/7829/files/preview_images/c37775ef78d7475a95687881aaeeb566.thumbnail.0000000000496c.jpg]
[cdn.shopify.com/s/files/1/0702/3204/7829/files/preview_images/c37775ef78d7475a95687881aaeeb566.thumbnail.000000000042d8.jpg]
[cdn.shopify.com/s/files/1/0702/3204/7829/files/preview_images/c37775ef78d7475a95687881aaeeb566.thumbnail.0000000000952c.jpg]
[cdn.shopify.com/s/files/1/0702/3204/7829/files/preview_images/c37775ef78d7475a95687881aaeeb566.thumbnail.0000000000421b.jpg]
[cdn.shopify.com/s/files/1/0702/3204/7829/files/preview_images/c37775ef78d7475a95687881aaeeb566.thumbnail.00000000004426.jpg]
[cdn.shopify.com/s/files/1/0702/3204/7829/files/S_D_configure_parent_or_child512b.jpg]
[cdn.shopify.com/s/files/1/0702/3204/7829/files/S_D_configure_parent_or_child36ec.jpg]
[cdn.shopify.com/s/files/1/0702/3204/7829/files/S_D_configure_parent_or_child65f3.jpg]
[cdn.shopify.com/s/files/1/0702/3204/7829/files/S_D_configure_parent_or_childe72d.jpg]
[cdn.shopify.com/s/files/1/0702/3204/7829/files/S_D_configure_parent_or_child4aee.jpg]
[cdn.shopify.com/s/files/1/0702/3204/7829/files/S_D_configure_parent_or_child775e.jpg]
[cdn.shopify.com/s/files/1/0702/3204/7829/files/S_D_configure_parent_or_child3e16.jpg]
[cdn.shopify.com/s/files/1/0702/3204/7829/files/S_D_configure_parent_or_child9935.jpg]
[cdn.shopify.com/s/files/1/0702/3204/7829/files/S_D_configure_parent_or_childacf3.jpg]
[cdn.shopify.com/s/files/1/0702/3204/7829/files/S_D_configure_parent_or_childbdaa.jpg]
[cdn.shopify.com/s/files/1/0702/3204/7829/files/S_D_configure_parent_or_childc3a5.jpg]
[cdn.shopify.com/s/files/1/0702/3204/7829/files/Global_content_ea15b0aa-7741-4e23-8fdf-53a362b79e2ee17a.jpg]
[cdn.shopify.com/s/files/1/0702/3204/7829/files/Global_content_ea15b0aa-7741-4e23-8fdf-53a362b79e2e85bb.jpg]
[cdn.shopify.com/s/files/1/0702/3204/7829/files/Global_content_ea15b0aa-7741-4e23-8fdf-53a362b79e2eb0bb.jpg]
[cdn.shopify.com/s/files/1/0702/3204/7829/files/Global_content_ea15b0aa-7741-4e23-8fdf-53a362b79e2ed20e.jpg]
[cdn.shopify.com/s/files/1/0702/3204/7829/files/Global_content_ea15b0aa-7741-4e23-8fdf-53a362b79e2e1647.jpg]
[cdn.shopify.com/s/files/1/0702/3204/7829/files/Global_content_ea15b0aa-7741-4e23-8fdf-53a362b79e2e5370.jpg]
[cdn.shopify.com/s/files/1/0702/3204/7829/files/Global_content_ea15b0aa-7741-4e23-8fdf-53a362b79e2e9b23.jpg]
[cdn.shopify.com/s/files/1/0702/3204/7829/files/Global_content_ea15b0aa-7741-4e23-8fdf-53a362b79e2ef159.jpg]
[cdn.shopify.com/s/files/1/0702/3204/7829/files/Global_content_ea15b0aa-7741-4e23-8fdf-53a362b79e2e9003.jpg]
[cdn.shopify.com/s/files/1/0702/3204/7829/files/Global_content_ea15b0aa-7741-4e23-8fdf-53a362b79e2ed668.jpg]
[cdn.shopify.com/s/files/1/0702/3204/7829/files/Global_content_ea15b0aa-7741-4e23-8fdf-53a362b79e2ecefb.jpg]
[cdn.shopify.com/s/files/1/0702/3204/7829/files/bundles_grouped-croppeddc17.jpg]
[cdn.shopify.com/s/files/1/0702/3204/7829/files/bundles_grouped-cropped07c2.jpg]
[cdn.shopify.com/s/files/1/0702/3204/7829/files/bundles_grouped-cropped56a6.jpg]
[cdn.shopify.com/s/files/1/0702/3204/7829/files/bundles_grouped-cropped20a8.jpg]
[cdn.shopify.com/s/files/1/0702/3204/7829/files/bundles_grouped-croppedf5ad.jpg]
[cdn.shopify.com/s/files/1/0702/3204/7829/files/bundles_grouped-cropped6b8c.jpg]
[cdn.shopify.com/s/files/1/0702/3204/7829/files/bundles_grouped-cropped1b96.jpg]
[cdn.shopify.com/s/files/1/0702/3204/7829/files/bundles_grouped-cropped7b54.jpg]
[cdn.shopify.com/s/files/1/0702/3204/7829/files/bundles_grouped-cropped6dbf.jpg]
[cdn.shopify.com/s/files/1/0702/3204/7829/files/bundles_grouped-croppedfebf.jpg]
[cdn.shopify.com/s/files/1/0702/3204/7829/files/bundles_grouped-cropped2864.jpg]
[cdn.shopify.com/s/files/1/0702/3204/7829/files/OSE_editor_croppedfd09.jpg]
[cdn.shopify.com/s/files/1/0702/3204/7829/files/OSE_editor_croppedbee1.jpg]
[cdn.shopify.com/s/files/1/0702/3204/7829/files/OSE_editor_croppedb3d9.jpg]
[cdn.shopify.com/s/files/1/0702/3204/7829/files/OSE_editor_cropped3e02.jpg]
[cdn.shopify.com/s/files/1/0702/3204/7829/files/OSE_editor_croppedc538.jpg]
[cdn.shopify.com/s/files/1/0702/3204/7829/files/OSE_editor_cropped4db9.jpg]
[cdn.shopify.com/s/files/1/0702/3204/7829/files/OSE_editor_croppeda8db.jpg]
[cdn.shopify.com/s/files/1/0702/3204/7829/files/OSE_editor_croppedd16f.jpg]
[cdn.shopify.com/s/files/1/0702/3204/7829/files/OSE_editor_croppeda997.jpg]
[cdn.shopify.com/s/files/1/0702/3204/7829/files/OSE_editor_cropped183e.jpg]
[cdn.shopify.com/s/files/1/0702/3204/7829/files/OSE_editor_cropped48ce.jpg]
[cdn.shopify.com/s/files/1/0702/3204/7829/files/OSE_editor_cropped8bc3.jpg]
[cdn.shopify.com/s/files/1/0702/3204/7829/files/Split_screen_searchd9aa.jpg]
[cdn.shopify.com/s/files/1/0702/3204/7829/files/Split_screen_search26e7.jpg]
[cdn.shopify.com/s/files/1/0702/3204/7829/files/Split_screen_searchf845.jpg]
[cdn.shopify.com/s/files/1/0702/3204/7829/files/Split_screen_search7ce0.jpg]
[cdn.shopify.com/s/files/1/0702/3204/7829/files/Split_screen_search0be9.jpg]
[cdn.shopify.com/s/files/1/0702/3204/7829/files/Split_screen_search1163.jpg]
[cdn.shopify.com/s/files/1/0702/3204/7829/files/Split_screen_search2aea.jpg]
[cdn.shopify.com/s/files/1/0702/3204/7829/files/Split_screen_search14f1.jpg]
[cdn.shopify.com/s/files/1/0702/3204/7829/files/Split_screen_searche08b.jpg]
[cdn.shopify.com/s/files/1/0702/3204/7829/files/Split_screen_searchd807.jpg]
[cdn.shopify.com/s/files/1/0702/3204/7829/files/Split_screen_search0fe6.jpg]
[cdn.shopify.com/s/files/1/0702/3204/7829/files/Customer_view_improvements_fulle03a.jpg]
[cdn.shopify.com/s/files/1/0702/3204/7829/files/Customer_view_improvements_full6ab3.jpg]
[cdn.shopify.com/s/files/1/0702/3204/7829/files/Customer_view_improvements_full396c.jpg]
[cdn.shopify.com/s/files/1/0702/3204/7829/files/Customer_view_improvements_full0aff.jpg]
[cdn.shopify.com/s/files/1/0702/3204/7829/files/Customer_view_improvements_full6074.jpg]
[cdn.shopify.com/s/files/1/0702/3204/7829/files/Customer_view_improvements_fulla787.jpg]
[cdn.shopify.com/s/files/1/0702/3204/7829/files/Customer_view_improvements_fulle7e6.jpg]
[cdn.shopify.com/s/files/1/0702/3204/7829/files/Customer_view_improvements_full8fbf.jpg]
[cdn.shopify.com/s/files/1/0702/3204/7829/files/Customer_view_improvements_fullb944.jpg]
[cdn.shopify.com/s/files/1/0702/3204/7829/files/Customer_view_improvements_fullf14d.jpg]
[cdn.shopify.com/s/files/1/0702/3204/7829/files/Customer_view_improvements_full48eb.jpg]
[cdn.shopify.com/s/files/1/0702/3204/7829/files/Customer_view_improvements_fulldb69.jpg]
[cdn.shopify.com/s/files/1/0702/3204/7829/files/POS_info_density_cropped89e8.jpg]
[cdn.shopify.com/s/files/1/0702/3204/7829/files/POS_info_density_cropped9fb9.jpg]
[cdn.shopify.com/s/files/1/0702/3204/7829/files/POS_info_density_cropped8d9e.jpg]
[cdn.shopify.com/s/files/1/0702/3204/7829/files/POS_info_density_croppedcea6.jpg]
[cdn.shopify.com/s/files/1/0702/3204/7829/files/POS_info_density_cropped05e5.jpg]
[cdn.shopify.com/s/files/1/0702/3204/7829/files/POS_info_density_cropped8135.jpg]
[cdn.shopify.com/s/files/1/0702/3204/7829/files/POS_info_density_cropped0797.jpg]
[cdn.shopify.com/s/files/1/0702/3204/7829/files/POS_info_density_cropped896c.jpg]
[cdn.shopify.com/s/files/1/0702/3204/7829/files/POS_info_density_cropped45c8.jpg]
[cdn.shopify.com/s/files/1/0702/3204/7829/files/POS_info_density_cropped870f.jpg]
[cdn.shopify.com/s/files/1/0702/3204/7829/files/POS_info_density_cropped21a2.jpg]
[cdn.shopify.com/s/files/1/0702/3204/7829/files/Location_filters_cropped1b38.jpg]
[cdn.shopify.com/s/files/1/0702/3204/7829/files/Location_filters_croppedc1a3.jpg]
[cdn.shopify.com/s/files/1/0702/3204/7829/files/Location_filters_croppedb822.jpg]
[cdn.shopify.com/s/files/1/0702/3204/7829/files/Location_filters_cropped85c2.jpg]
[cdn.shopify.com/s/files/1/0702/3204/7829/files/Location_filters_croppedbd87.jpg]
[cdn.shopify.com/s/files/1/0702/3204/7829/files/Location_filters_croppedb462.jpg]
[cdn.shopify.com/s/files/1/0702/3204/7829/files/Location_filters_croppedd80a.jpg]
[cdn.shopify.com/s/files/1/0702/3204/7829/files/Location_filters_cropped31a2.jpg]
[cdn.shopify.com/s/files/1/0702/3204/7829/files/Location_filters_croppedbd01.jpg]
[cdn.shopify.com/s/files/1/0702/3204/7829/files/Location_filters_cropped8b86.jpg]
[cdn.shopify.com/s/files/1/0702/3204/7829/files/Location_filters_croppeda224.jpg]
[cdn.shopify.com/s/files/1/0702/3204/7829/files/metafields-POS_cropped4f48.jpg]
[cdn.shopify.com/s/files/1/0702/3204/7829/files/metafields-POS_croppedd692.jpg]
[cdn.shopify.com/s/files/1/0702/3204/7829/files/metafields-POS_cropped1639.jpg]
[cdn.shopify.com/s/files/1/0702/3204/7829/files/metafields-POS_croppede558.jpg]
[cdn.shopify.com/s/files/1/0702/3204/7829/files/metafields-POS_croppeddb92.jpg]
[cdn.shopify.com/s/files/1/0702/3204/7829/files/metafields-POS_croppedad07.jpg]
[cdn.shopify.com/s/files/1/0702/3204/7829/files/metafields-POS_croppedd1a5.jpg]
[cdn.shopify.com/s/files/1/0702/3204/7829/files/metafields-POS_cropped6b14.jpg]
[cdn.shopify.com/s/files/1/0702/3204/7829/files/metafields-POS_cropped04f1.jpg]
[cdn.shopify.com/s/files/1/0702/3204/7829/files/metafields-POS_croppedf1b9.jpg]
[cdn.shopify.com/s/files/1/0702/3204/7829/files/metafields-POS_cropped9731.jpg]
[cdn.shopify.com/s/files/1/0702/3204/7829/files/checkout_blocks_croppedc5ab.jpg]
[cdn.shopify.com/s/files/1/0702/3204/7829/files/checkout_blocks_cropped2cbf.jpg]
[cdn.shopify.com/s/files/1/0702/3204/7829/files/checkout_blocks_cropped518d.jpg]
[cdn.shopify.com/s/files/1/0702/3204/7829/files/checkout_blocks_cropped54d3.jpg]
[cdn.shopify.com/s/files/1/0702/3204/7829/files/checkout_blocks_cropped7b40.jpg]
[cdn.shopify.com/s/files/1/0702/3204/7829/files/checkout_blocks_croppedcb92.jpg]
[cdn.shopify.com/s/files/1/0702/3204/7829/files/checkout_blocks_croppedfeef.jpg]
[cdn.shopify.com/s/files/1/0702/3204/7829/files/checkout_blocks_croppedb11e.jpg]
[cdn.shopify.com/s/files/1/0702/3204/7829/files/checkout_blocks_croppedbf94.jpg]
[cdn.shopify.com/s/files/1/0702/3204/7829/files/checkout_blocks_cropped381c.jpg]
[cdn.shopify.com/s/files/1/0702/3204/7829/files/checkout_blocks_cropped75a7.jpg]
[cdn.shopify.com/s/files/1/0702/3204/7829/files/preview_images/thumbnail_carts_cc3a18a9-2949-4413-bdc1-a554cf2f8d93979f.png]
[cdn.shopify.com/s/files/1/0702/3204/7829/files/preview_images/thumbnail_carts_cc3a18a9-2949-4413-bdc1-a554cf2f8d93afc3.png]
[cdn.shopify.com/s/files/1/0702/3204/7829/files/preview_images/thumbnail_carts_cc3a18a9-2949-4413-bdc1-a554cf2f8d93a04b.png]
[cdn.shopify.com/s/files/1/0702/3204/7829/files/preview_images/thumbnail_carts_cc3a18a9-2949-4413-bdc1-a554cf2f8d939c8a.png]
[cdn.shopify.com/s/files/1/0702/3204/7829/files/preview_images/thumbnail_carts_cc3a18a9-2949-4413-bdc1-a554cf2f8d933e02.png]
[cdn.shopify.com/s/files/1/0702/3204/7829/files/preview_images/thumbnail_carts_cc3a18a9-2949-4413-bdc1-a554cf2f8d936f2a.png]
[cdn.shopify.com/s/files/1/0702/3204/7829/files/preview_images/thumbnail_carts_cc3a18a9-2949-4413-bdc1-a554cf2f8d93513f.png]
[cdn.shopify.com/s/files/1/0702/3204/7829/files/preview_images/thumbnail_carts_cc3a18a9-2949-4413-bdc1-a554cf2f8d93764e.png]
[cdn.shopify.com/s/files/1/0702/3204/7829/files/preview_images/thumbnail_carts_cc3a18a9-2949-4413-bdc1-a554cf2f8d93bab5.png]
[cdn.shopify.com/s/files/1/0702/3204/7829/files/preview_images/thumbnail_carts_cc3a18a9-2949-4413-bdc1-a554cf2f8d936292.png]
[cdn.shopify.com/s/files/1/0702/3204/7829/files/preview_images/thumbnail_carts_cc3a18a9-2949-4413-bdc1-a554cf2f8d93af70.png]
[cdn.shopify.com/s/files/1/0702/3204/7829/files/preview_images/thumbnail_carts_cc3a18a9-2949-4413-bdc1-a554cf2f8d932cf8.png]
[cdn.shopify.com/s/files/1/0702/3204/7829/files/preview_images/thumbnail_carts_cc3a18a9-2949-4413-bdc1-a554cf2f8d9354d8.png]
[cdn.shopify.com/s/files/1/0702/3204/7829/files/functions_draft_orders_croppeddaf9.jpg]
[cdn.shopify.com/s/files/1/0702/3204/7829/files/functions_draft_orders_croppeda627.jpg]
[cdn.shopify.com/s/files/1/0702/3204/7829/files/functions_draft_orders_croppede126.jpg]
[cdn.shopify.com/s/files/1/0702/3204/7829/files/functions_draft_orders_cropped7069.jpg]
[cdn.shopify.com/s/files/1/0702/3204/7829/files/functions_draft_orders_cropped8641.jpg]
[cdn.shopify.com/s/files/1/0702/3204/7829/files/functions_draft_orders_cropped24db.jpg]
[cdn.shopify.com/s/files/1/0702/3204/7829/files/functions_draft_orders_cropped2911.jpg]
[cdn.shopify.com/s/files/1/0702/3204/7829/files/functions_draft_orders_croppeda183.jpg]
[cdn.shopify.com/s/files/1/0702/3204/7829/files/functions_draft_orders_croppedaab6.jpg]
[cdn.shopify.com/s/files/1/0702/3204/7829/files/functions_draft_orders_croppeda935.jpg]
[cdn.shopify.com/s/files/1/0702/3204/7829/files/functions_draft_orders_cropped413e.jpg]
[cdn.shopify.com/s/files/1/0702/3204/7829/files/preview_images/63720cfb6da04295b4be327bc1b68c9b.thumbnail.0000000000426c.jpg]
[cdn.shopify.com/s/files/1/0702/3204/7829/files/preview_images/63720cfb6da04295b4be327bc1b68c9b.thumbnail.0000000000358a.jpg]
[cdn.shopify.com/s/files/1/0702/3204/7829/files/preview_images/63720cfb6da04295b4be327bc1b68c9b.thumbnail.0000000000cfd4.jpg]
[cdn.shopify.com/s/files/1/0702/3204/7829/files/preview_images/63720cfb6da04295b4be327bc1b68c9b.thumbnail.0000000000695b.jpg]
[cdn.shopify.com/s/files/1/0702/3204/7829/files/preview_images/63720cfb6da04295b4be327bc1b68c9b.thumbnail.0000000000c01a.jpg]
[cdn.shopify.com/s/files/1/0702/3204/7829/files/preview_images/63720cfb6da04295b4be327bc1b68c9b.thumbnail.000000000078f0.jpg]
[cdn.shopify.com/s/files/1/0702/3204/7829/files/preview_images/63720cfb6da04295b4be327bc1b68c9b.thumbnail.0000000000093a.jpg]
[cdn.shopify.com/s/files/1/0702/3204/7829/files/preview_images/63720cfb6da04295b4be327bc1b68c9b.thumbnail.00000000007306.jpg]
[cdn.shopify.com/s/files/1/0702/3204/7829/files/preview_images/63720cfb6da04295b4be327bc1b68c9b.thumbnail.00000000003824.jpg]
[cdn.shopify.com/s/files/1/0702/3204/7829/files/preview_images/63720cfb6da04295b4be327bc1b68c9b.thumbnail.0000000000b137.jpg]
[cdn.shopify.com/s/files/1/0702/3204/7829/files/preview_images/63720cfb6da04295b4be327bc1b68c9b.thumbnail.0000000000b48b.jpg]
[cdn.shopify.com/s/files/1/0702/3204/7829/files/preview_images/63720cfb6da04295b4be327bc1b68c9b.thumbnail.00000000000543.jpg]
[cdn.shopify.com/s/files/1/0702/3204/7829/files/preview_images/63720cfb6da04295b4be327bc1b68c9b.thumbnail.00000000006f4c.jpg]
[cdn.shopify.com/s/files/1/0702/3204/7829/files/account_extensions_cropped_044b7ad4-29d7-44e2-9925-547c6689ae408bf8.jpg]
[cdn.shopify.com/s/files/1/0702/3204/7829/files/account_extensions_cropped_044b7ad4-29d7-44e2-9925-547c6689ae4065db.jpg]
[cdn.shopify.com/s/files/1/0702/3204/7829/files/account_extensions_cropped_044b7ad4-29d7-44e2-9925-547c6689ae40a19b.jpg]
[cdn.shopify.com/s/files/1/0702/3204/7829/files/account_extensions_cropped_044b7ad4-29d7-44e2-9925-547c6689ae40a906.jpg]
[cdn.shopify.com/s/files/1/0702/3204/7829/files/account_extensions_cropped_044b7ad4-29d7-44e2-9925-547c6689ae40d602.jpg]
[cdn.shopify.com/s/files/1/0702/3204/7829/files/account_extensions_cropped_044b7ad4-29d7-44e2-9925-547c6689ae40d876.jpg]
[cdn.shopify.com/s/files/1/0702/3204/7829/files/account_extensions_cropped_044b7ad4-29d7-44e2-9925-547c6689ae4061a8.jpg]
[cdn.shopify.com/s/files/1/0702/3204/7829/files/account_extensions_cropped_044b7ad4-29d7-44e2-9925-547c6689ae407485.jpg]
[cdn.shopify.com/s/files/1/0702/3204/7829/files/account_extensions_cropped_044b7ad4-29d7-44e2-9925-547c6689ae40fb72.jpg]
[cdn.shopify.com/s/files/1/0702/3204/7829/files/account_extensions_cropped_044b7ad4-29d7-44e2-9925-547c6689ae40ad69.jpg]
[cdn.shopify.com/s/files/1/0702/3204/7829/files/account_extensions_cropped_044b7ad4-29d7-44e2-9925-547c6689ae408e57.jpg]
[cdn.shopify.com/s/files/1/0702/3204/7829/files/preview_images/thumbnail_brush20c4.png]
[cdn.shopify.com/s/files/1/0702/3204/7829/files/preview_images/thumbnail_brush8de8.png]
[cdn.shopify.com/s/files/1/0702/3204/7829/files/preview_images/thumbnail_brushe014.png]
[cdn.shopify.com/s/files/1/0702/3204/7829/files/preview_images/thumbnail_brush9c91.png]
[cdn.shopify.com/s/files/1/0702/3204/7829/files/preview_images/thumbnail_brush9aee.png]
[cdn.shopify.com/s/files/1/0702/3204/7829/files/preview_images/thumbnail_brush6c3a.png]
[cdn.shopify.com/s/files/1/0702/3204/7829/files/preview_images/thumbnail_brushdeab.png]
[cdn.shopify.com/s/files/1/0702/3204/7829/files/preview_images/thumbnail_brushc030.png]
[cdn.shopify.com/s/files/1/0702/3204/7829/files/preview_images/thumbnail_brushe6fd.png]
[cdn.shopify.com/s/files/1/0702/3204/7829/files/preview_images/thumbnail_brush39ac.png]
[cdn.shopify.com/s/files/1/0702/3204/7829/files/preview_images/thumbnail_brush4f82.png]
[cdn.shopify.com/s/files/1/0702/3204/7829/files/preview_images/thumbnail_brush5247.png]
[cdn.shopify.com/s/files/1/0702/3204/7829/files/preview_images/thumbnail_brushfaab.png]
[cdn.shopify.com/s/files/1/0702/3204/7829/files/Email_templates_404b1fe1-de87-4370-88ae-b03170fa099cd718.jpg]
[cdn.shopify.com/s/files/1/0702/3204/7829/files/Email_templates_404b1fe1-de87-4370-88ae-b03170fa099c0f05.jpg]
[cdn.shopify.com/s/files/1/0702/3204/7829/files/Email_templates_404b1fe1-de87-4370-88ae-b03170fa099cd18a.jpg]
[cdn.shopify.com/s/files/1/0702/3204/7829/files/Email_templates_404b1fe1-de87-4370-88ae-b03170fa099c8099.jpg]
[cdn.shopify.com/s/files/1/0702/3204/7829/files/Email_templates_404b1fe1-de87-4370-88ae-b03170fa099c3a25.jpg]
[cdn.shopify.com/s/files/1/0702/3204/7829/files/Email_templates_404b1fe1-de87-4370-88ae-b03170fa099cea84.jpg]
[cdn.shopify.com/s/files/1/0702/3204/7829/files/Email_templates_404b1fe1-de87-4370-88ae-b03170fa099c7d9e.jpg]
[cdn.shopify.com/s/files/1/0702/3204/7829/files/Email_templates_404b1fe1-de87-4370-88ae-b03170fa099cfa74.jpg]
[cdn.shopify.com/s/files/1/0702/3204/7829/files/Email_templates_404b1fe1-de87-4370-88ae-b03170fa099caec7.jpg]
[cdn.shopify.com/s/files/1/0702/3204/7829/files/Email_templates_404b1fe1-de87-4370-88ae-b03170fa099c22e9.jpg]
[cdn.shopify.com/s/files/1/0702/3204/7829/files/Email_templates_404b1fe1-de87-4370-88ae-b03170fa099c4439.jpg]
[cdn.shopify.com/s/files/1/0702/3204/7829/files/segment_triggers_cropped_d8d008ae-098a-4c0d-929c-8844c50c46fa3a7e.jpg]
[cdn.shopify.com/s/files/1/0702/3204/7829/files/segment_triggers_cropped_d8d008ae-098a-4c0d-929c-8844c50c46fa952b.jpg]
[cdn.shopify.com/s/files/1/0702/3204/7829/files/segment_triggers_cropped_d8d008ae-098a-4c0d-929c-8844c50c46fa87ce.jpg]
[cdn.shopify.com/s/files/1/0702/3204/7829/files/segment_triggers_cropped_d8d008ae-098a-4c0d-929c-8844c50c46fa879f.jpg]
[cdn.shopify.com/s/files/1/0702/3204/7829/files/segment_triggers_cropped_d8d008ae-098a-4c0d-929c-8844c50c46fab527.jpg]
[cdn.shopify.com/s/files/1/0702/3204/7829/files/segment_triggers_cropped_d8d008ae-098a-4c0d-929c-8844c50c46faf576.jpg]
[cdn.shopify.com/s/files/1/0702/3204/7829/files/segment_triggers_cropped_d8d008ae-098a-4c0d-929c-8844c50c46fa22f4.jpg]
[cdn.shopify.com/s/files/1/0702/3204/7829/files/segment_triggers_cropped_d8d008ae-098a-4c0d-929c-8844c50c46fa700a.jpg]
[cdn.shopify.com/s/files/1/0702/3204/7829/files/segment_triggers_cropped_d8d008ae-098a-4c0d-929c-8844c50c46fa241e.jpg]
[cdn.shopify.com/s/files/1/0702/3204/7829/files/segment_triggers_cropped_d8d008ae-098a-4c0d-929c-8844c50c46faae71.jpg]
[cdn.shopify.com/s/files/1/0702/3204/7829/files/segment_triggers_cropped_d8d008ae-098a-4c0d-929c-8844c50c46fa7ff0.jpg]
[cdn.shopify.com/s/files/1/0702/3204/7829/files/Inbox_profile_photos_cropped75ab.jpg]
[cdn.shopify.com/s/files/1/0702/3204/7829/files/Inbox_profile_photos_cropped7cf5.jpg]
[cdn.shopify.com/s/files/1/0702/3204/7829/files/Inbox_profile_photos_croppedfadf.jpg]
[cdn.shopify.com/s/files/1/0702/3204/7829/files/Inbox_profile_photos_croppede097.jpg]
[cdn.shopify.com/s/files/1/0702/3204/7829/files/Inbox_profile_photos_croppede65a.jpg]
[cdn.shopify.com/s/files/1/0702/3204/7829/files/Inbox_profile_photos_cropped9b9a.jpg]
[cdn.shopify.com/s/files/1/0702/3204/7829/files/Inbox_profile_photos_croppedc382.jpg]
[cdn.shopify.com/s/files/1/0702/3204/7829/files/Inbox_profile_photos_cropped5a40.jpg]
[cdn.shopify.com/s/files/1/0702/3204/7829/files/Inbox_profile_photos_croppedadad.jpg]
[cdn.shopify.com/s/files/1/0702/3204/7829/files/Inbox_profile_photos_cropped4467.jpg]
[cdn.shopify.com/s/files/1/0702/3204/7829/files/Inbox_profile_photos_croppedde28.jpg]
[cdn.shopify.com/s/files/1/0702/3204/7829/files/forms_metafields_Cropped_7c731297-a901-437c-a0f9-32a5e1c4218fb4b0.jpg]
[cdn.shopify.com/s/files/1/0702/3204/7829/files/forms_metafields_Cropped_7c731297-a901-437c-a0f9-32a5e1c4218f0f64.jpg]
[cdn.shopify.com/s/files/1/0702/3204/7829/files/forms_metafields_Cropped_7c731297-a901-437c-a0f9-32a5e1c4218fc882.jpg]
[cdn.shopify.com/s/files/1/0702/3204/7829/files/forms_metafields_Cropped_7c731297-a901-437c-a0f9-32a5e1c4218ff413.jpg]
[cdn.shopify.com/s/files/1/0702/3204/7829/files/forms_metafields_Cropped_7c731297-a901-437c-a0f9-32a5e1c4218fe301.jpg]
[cdn.shopify.com/s/files/1/0702/3204/7829/files/forms_metafields_Cropped_7c731297-a901-437c-a0f9-32a5e1c4218f9631.jpg]
[cdn.shopify.com/s/files/1/0702/3204/7829/files/forms_metafields_Cropped_7c731297-a901-437c-a0f9-32a5e1c4218f8c40.jpg]
[cdn.shopify.com/s/files/1/0702/3204/7829/files/forms_metafields_Cropped_7c731297-a901-437c-a0f9-32a5e1c4218f365a.jpg]
[cdn.shopify.com/s/files/1/0702/3204/7829/files/forms_metafields_Cropped_7c731297-a901-437c-a0f9-32a5e1c4218f53ed.jpg]
[cdn.shopify.com/s/files/1/0702/3204/7829/files/forms_metafields_Cropped_7c731297-a901-437c-a0f9-32a5e1c4218f097b.jpg]
[cdn.shopify.com/s/files/1/0702/3204/7829/files/forms_metafields_Cropped_7c731297-a901-437c-a0f9-32a5e1c4218f6631.jpg]
[cdn.shopify.com/s/files/1/0702/3204/7829/files/shopwinback_cropped6a79.jpg]
[cdn.shopify.com/s/files/1/0702/3204/7829/files/shopwinback_croppede7e3.jpg]
[cdn.shopify.com/s/files/1/0702/3204/7829/files/shopwinback_cropped9fdd.jpg]
[cdn.shopify.com/s/files/1/0702/3204/7829/files/shopwinback_croppedfbeb.jpg]
[cdn.shopify.com/s/files/1/0702/3204/7829/files/shopwinback_cropped3cd4.jpg]
[cdn.shopify.com/s/files/1/0702/3204/7829/files/shopwinback_cropped636a.jpg]
[cdn.shopify.com/s/files/1/0702/3204/7829/files/shopwinback_cropped8b0d.jpg]
[cdn.shopify.com/s/files/1/0702/3204/7829/files/shopwinback_cropped96dd.jpg]
[cdn.shopify.com/s/files/1/0702/3204/7829/files/shopwinback_cropped71db.jpg]
[cdn.shopify.com/s/files/1/0702/3204/7829/files/shopwinback_cropped4837.jpg]
[cdn.shopify.com/s/files/1/0702/3204/7829/files/shopwinback_cropped56f8.jpg]
[cdn.shopify.com/s/files/1/0702/3204/7829/files/Draft_orders_Cropped0cba.jpg]
[cdn.shopify.com/s/files/1/0702/3204/7829/files/Draft_orders_Croppeddb52.jpg]
[cdn.shopify.com/s/files/1/0702/3204/7829/files/Draft_orders_Cropped9812.jpg]
[cdn.shopify.com/s/files/1/0702/3204/7829/files/Draft_orders_Cropped0fa3.jpg]
[cdn.shopify.com/s/files/1/0702/3204/7829/files/Draft_orders_Cropped1559.jpg]
[cdn.shopify.com/s/files/1/0702/3204/7829/files/Draft_orders_Croppedd39d.jpg]
[cdn.shopify.com/s/files/1/0702/3204/7829/files/Draft_orders_Croppedecdc.jpg]
[cdn.shopify.com/s/files/1/0702/3204/7829/files/Draft_orders_Cropped76b2.jpg]
[cdn.shopify.com/s/files/1/0702/3204/7829/files/Draft_orders_Cropped32e5.jpg]
[cdn.shopify.com/s/files/1/0702/3204/7829/files/Draft_orders_Cropped330a.jpg]
[cdn.shopify.com/s/files/1/0702/3204/7829/files/Draft_orders_Croppedc9b9.jpg]
[cdn.shopify.com/s/files/1/0702/3204/7829/files/Draft_orders_Cropped1904.jpg]
[cdn.shopify.com/s/files/1/0702/3204/7829/files/account_extensions_croppede322.jpg]
[cdn.shopify.com/s/files/1/0702/3204/7829/files/account_extensions_croppedee67.jpg]
[cdn.shopify.com/s/files/1/0702/3204/7829/files/account_extensions_cropped00c3.jpg]
[cdn.shopify.com/s/files/1/0702/3204/7829/files/account_extensions_croppedc210.jpg]
[cdn.shopify.com/s/files/1/0702/3204/7829/files/account_extensions_cropped7034.jpg]
[cdn.shopify.com/s/files/1/0702/3204/7829/files/account_extensions_cropped4409.jpg]
[cdn.shopify.com/s/files/1/0702/3204/7829/files/account_extensions_croppedf0b1.jpg]
[cdn.shopify.com/s/files/1/0702/3204/7829/files/account_extensions_cropped9ab2.jpg]
[cdn.shopify.com/s/files/1/0702/3204/7829/files/account_extensions_croppedb5d3.jpg]
[cdn.shopify.com/s/files/1/0702/3204/7829/files/account_extensions_croppedd3ed.jpg]
[cdn.shopify.com/s/files/1/0702/3204/7829/files/account_extensions_cropped94f5.jpg]
[cdn.shopify.com/s/files/1/0702/3204/7829/files/login_branding_269c8f54-c0d2-4276-98ce-6890f9c338a74611.jpg]
[cdn.shopify.com/s/files/1/0702/3204/7829/files/login_branding_269c8f54-c0d2-4276-98ce-6890f9c338a726ad.jpg]
[cdn.shopify.com/s/files/1/0702/3204/7829/files/login_branding_269c8f54-c0d2-4276-98ce-6890f9c338a7c44d.jpg]
[cdn.shopify.com/s/files/1/0702/3204/7829/files/login_branding_269c8f54-c0d2-4276-98ce-6890f9c338a7a759.jpg]
[cdn.shopify.com/s/files/1/0702/3204/7829/files/login_branding_269c8f54-c0d2-4276-98ce-6890f9c338a725c2.jpg]
[cdn.shopify.com/s/files/1/0702/3204/7829/files/login_branding_269c8f54-c0d2-4276-98ce-6890f9c338a7f99e.jpg]
[cdn.shopify.com/s/files/1/0702/3204/7829/files/login_branding_269c8f54-c0d2-4276-98ce-6890f9c338a7eb9d.jpg]
[cdn.shopify.com/s/files/1/0702/3204/7829/files/login_branding_269c8f54-c0d2-4276-98ce-6890f9c338a7eaf4.jpg]
[cdn.shopify.com/s/files/1/0702/3204/7829/files/login_branding_269c8f54-c0d2-4276-98ce-6890f9c338a79cd3.jpg]
[cdn.shopify.com/s/files/1/0702/3204/7829/files/login_branding_269c8f54-c0d2-4276-98ce-6890f9c338a7eb9f.jpg]
[cdn.shopify.com/s/files/1/0702/3204/7829/files/login_branding_269c8f54-c0d2-4276-98ce-6890f9c338a765c7.jpg]
[cdn.shopify.com/s/files/1/0702/3204/7829/files/collective_return_croppeda9e8.jpg]
[cdn.shopify.com/s/files/1/0702/3204/7829/files/collective_return_croppede673.jpg]
[cdn.shopify.com/s/files/1/0702/3204/7829/files/collective_return_cropped64d6.jpg]
[cdn.shopify.com/s/files/1/0702/3204/7829/files/collective_return_croppedaa6b.jpg]
[cdn.shopify.com/s/files/1/0702/3204/7829/files/collective_return_croppedf1a7.jpg]
[cdn.shopify.com/s/files/1/0702/3204/7829/files/collective_return_cropped1951.jpg]
[cdn.shopify.com/s/files/1/0702/3204/7829/files/collective_return_cropped0a35.jpg]
[cdn.shopify.com/s/files/1/0702/3204/7829/files/collective_return_croppedafa4.jpg]
[cdn.shopify.com/s/files/1/0702/3204/7829/files/collective_return_cropped220e.jpg]
[cdn.shopify.com/s/files/1/0702/3204/7829/files/collective_return_cropped41c2.jpg]
[cdn.shopify.com/s/files/1/0702/3204/7829/files/collective_return_croppedb3e0.jpg]
[cdn.shopify.com/s/files/1/0702/3204/7829/files/Semantic_search_languagesb4a2.jpg]
[cdn.shopify.com/s/files/1/0702/3204/7829/files/Semantic_search_languages4bbf.jpg]
[cdn.shopify.com/s/files/1/0702/3204/7829/files/Semantic_search_languages8a79.jpg]
[cdn.shopify.com/s/files/1/0702/3204/7829/files/Semantic_search_languages12a2.jpg]
[cdn.shopify.com/s/files/1/0702/3204/7829/files/Semantic_search_languagese0b6.jpg]
[cdn.shopify.com/s/files/1/0702/3204/7829/files/Semantic_search_languages1975.jpg]
[cdn.shopify.com/s/files/1/0702/3204/7829/files/Semantic_search_languages1a2b.jpg]
[cdn.shopify.com/s/files/1/0702/3204/7829/files/Semantic_search_languages898b.jpg]
[cdn.shopify.com/s/files/1/0702/3204/7829/files/Semantic_search_languages841d.jpg]
[cdn.shopify.com/s/files/1/0702/3204/7829/files/Semantic_search_languagesc3b5.jpg]
[cdn.shopify.com/s/files/1/0702/3204/7829/files/Semantic_search_languages8641.jpg]
[cdn.shopify.com/s/files/1/0702/3204/7829/files/Semantic_search_languages2371.jpg]
[cdn.shopify.com/s/files/1/0702/3204/7829/files/preview_images/thumbnail_globes2115.png]
[cdn.shopify.com/s/files/1/0702/3204/7829/files/preview_images/thumbnail_globes48b2.png]
[cdn.shopify.com/s/files/1/0702/3204/7829/files/preview_images/thumbnail_globes67c2.png]
[cdn.shopify.com/s/files/1/0702/3204/7829/files/preview_images/thumbnail_globes2be1.png]
[cdn.shopify.com/s/files/1/0702/3204/7829/files/preview_images/thumbnail_globes6fe1.png]
[cdn.shopify.com/s/files/1/0702/3204/7829/files/preview_images/thumbnail_globes540a.png]
[cdn.shopify.com/s/files/1/0702/3204/7829/files/preview_images/thumbnail_globese965.png]
[cdn.shopify.com/s/files/1/0702/3204/7829/files/preview_images/thumbnail_globesac78.png]
[cdn.shopify.com/s/files/1/0702/3204/7829/files/preview_images/thumbnail_globesc9f3.png]
[cdn.shopify.com/s/files/1/0702/3204/7829/files/preview_images/thumbnail_globes3b58.png]
[cdn.shopify.com/s/files/1/0702/3204/7829/files/preview_images/thumbnail_globesacdb.png]
[cdn.shopify.com/s/files/1/0702/3204/7829/files/preview_images/thumbnail_globesad07.png]
[cdn.shopify.com/s/files/1/0702/3204/7829/files/preview_images/thumbnail_globes4eb8.png]
[cdn.shopify.com/s/files/1/0702/3204/7829/files/taxinclusivity_cropped6856.jpg]
[cdn.shopify.com/s/files/1/0702/3204/7829/files/taxinclusivity_cropped03ec.jpg]
[cdn.shopify.com/s/files/1/0702/3204/7829/files/taxinclusivity_cropped3c59.jpg]
[cdn.shopify.com/s/files/1/0702/3204/7829/files/taxinclusivity_croppede6f1.jpg]
[cdn.shopify.com/s/files/1/0702/3204/7829/files/taxinclusivity_cropped9ed8.jpg]
[cdn.shopify.com/s/files/1/0702/3204/7829/files/taxinclusivity_cropped6b1c.jpg]
[cdn.shopify.com/s/files/1/0702/3204/7829/files/taxinclusivity_croppedd431.jpg]
[cdn.shopify.com/s/files/1/0702/3204/7829/files/taxinclusivity_cropped58ad.jpg]
[cdn.shopify.com/s/files/1/0702/3204/7829/files/taxinclusivity_cropped3878.jpg]
[cdn.shopify.com/s/files/1/0702/3204/7829/files/taxinclusivity_cropped2c09.jpg]
[cdn.shopify.com/s/files/1/0702/3204/7829/files/taxinclusivity_croppedc4de.jpg]
[cdn.shopify.com/s/files/1/0702/3204/7829/files/order_editing0caf.jpg]
[cdn.shopify.com/s/files/1/0702/3204/7829/files/order_editingc998.jpg]
[cdn.shopify.com/s/files/1/0702/3204/7829/files/order_editing3f81.jpg]
[cdn.shopify.com/s/files/1/0702/3204/7829/files/order_editing7f92.jpg]
[cdn.shopify.com/s/files/1/0702/3204/7829/files/order_editingacd1.jpg]
[cdn.shopify.com/s/files/1/0702/3204/7829/files/order_editing864b.jpg]
[cdn.shopify.com/s/files/1/0702/3204/7829/files/order_editing614b.jpg]
[cdn.shopify.com/s/files/1/0702/3204/7829/files/order_editing2e68.jpg]
[cdn.shopify.com/s/files/1/0702/3204/7829/files/order_editing1aa3.jpg]
[cdn.shopify.com/s/files/1/0702/3204/7829/files/order_editing5097.jpg]
[cdn.shopify.com/s/files/1/0702/3204/7829/files/order_editingc5a7.jpg]
[cdn.shopify.com/s/files/1/0702/3204/7829/files/Fulfillment_logic_draft_orders_cropped77e8.jpg]
[cdn.shopify.com/s/files/1/0702/3204/7829/files/Fulfillment_logic_draft_orders_cropped5565.jpg]
[cdn.shopify.com/s/files/1/0702/3204/7829/files/Fulfillment_logic_draft_orders_cropped1244.jpg]
[cdn.shopify.com/s/files/1/0702/3204/7829/files/Fulfillment_logic_draft_orders_croppedc672.jpg]
[cdn.shopify.com/s/files/1/0702/3204/7829/files/Fulfillment_logic_draft_orders_cropped8941.jpg]
[cdn.shopify.com/s/files/1/0702/3204/7829/files/Fulfillment_logic_draft_orders_cropped16e6.jpg]
[cdn.shopify.com/s/files/1/0702/3204/7829/files/Fulfillment_logic_draft_orders_croppede995.jpg]
[cdn.shopify.com/s/files/1/0702/3204/7829/files/Fulfillment_logic_draft_orders_croppedd0b9.jpg]
[cdn.shopify.com/s/files/1/0702/3204/7829/files/Fulfillment_logic_draft_orders_croppeda113.jpg]
[cdn.shopify.com/s/files/1/0702/3204/7829/files/Fulfillment_logic_draft_orders_cropped4f6c.jpg]
[cdn.shopify.com/s/files/1/0702/3204/7829/files/Fulfillment_logic_draft_orders_cropped7a04.jpg]
[cdn.shopify.com/s/files/1/0702/3204/7829/files/preview_images/thumbnail_store1823.png]
[cdn.shopify.com/s/files/1/0702/3204/7829/files/preview_images/thumbnail_store1da1.png]
[cdn.shopify.com/s/files/1/0702/3204/7829/files/preview_images/thumbnail_storeeafe.png]
[cdn.shopify.com/s/files/1/0702/3204/7829/files/preview_images/thumbnail_store9cf4.png]
[cdn.shopify.com/s/files/1/0702/3204/7829/files/preview_images/thumbnail_storea1ff.png]
[cdn.shopify.com/s/files/1/0702/3204/7829/files/preview_images/thumbnail_store8470.png]
[cdn.shopify.com/s/files/1/0702/3204/7829/files/preview_images/thumbnail_store3990.png]
[cdn.shopify.com/s/files/1/0702/3204/7829/files/preview_images/thumbnail_storef302.png]
[cdn.shopify.com/s/files/1/0702/3204/7829/files/preview_images/thumbnail_store7769.png]
[cdn.shopify.com/s/files/1/0702/3204/7829/files/preview_images/thumbnail_storebdc8.png]
[cdn.shopify.com/s/files/1/0702/3204/7829/files/preview_images/thumbnail_store8dbe.png]
[cdn.shopify.com/s/files/1/0702/3204/7829/files/preview_images/thumbnail_store3506.png]
[cdn.shopify.com/s/files/1/0702/3204/7829/files/preview_images/thumbnail_storefbee.png]
[cdn.shopify.com/s/files/1/0702/3204/7829/files/Europe_shipping_carriers_cropped1d69.jpg]
[cdn.shopify.com/s/files/1/0702/3204/7829/files/Europe_shipping_carriers_croppeddbfd.jpg]
[cdn.shopify.com/s/files/1/0702/3204/7829/files/Europe_shipping_carriers_cropped33ee.jpg]
[cdn.shopify.com/s/files/1/0702/3204/7829/files/Europe_shipping_carriers_croppeda2ce.jpg]
[cdn.shopify.com/s/files/1/0702/3204/7829/files/Europe_shipping_carriers_croppedc0b7.jpg]
[cdn.shopify.com/s/files/1/0702/3204/7829/files/Europe_shipping_carriers_cropped3db2.jpg]
[cdn.shopify.com/s/files/1/0702/3204/7829/files/Europe_shipping_carriers_cropped40d6.jpg]
[cdn.shopify.com/s/files/1/0702/3204/7829/files/Europe_shipping_carriers_cropped6830.jpg]
[cdn.shopify.com/s/files/1/0702/3204/7829/files/Europe_shipping_carriers_croppedb344.jpg]
[cdn.shopify.com/s/files/1/0702/3204/7829/files/Europe_shipping_carriers_cropped46aa.jpg]
[cdn.shopify.com/s/files/1/0702/3204/7829/files/Europe_shipping_carriers_cropped82f1.jpg]
[cdn.shopify.com/s/files/1/0702/3204/7829/files/address_validation_cropped187e.jpg]
[cdn.shopify.com/s/files/1/0702/3204/7829/files/address_validation_cropped4155.jpg]
[cdn.shopify.com/s/files/1/0702/3204/7829/files/address_validation_cropped10dc.jpg]
[cdn.shopify.com/s/files/1/0702/3204/7829/files/address_validation_cropped0832.jpg]
[cdn.shopify.com/s/files/1/0702/3204/7829/files/address_validation_cropped0a58.jpg]
[cdn.shopify.com/s/files/1/0702/3204/7829/files/address_validation_croppeddb6a.jpg]
[cdn.shopify.com/s/files/1/0702/3204/7829/files/address_validation_cropped9948.jpg]
[cdn.shopify.com/s/files/1/0702/3204/7829/files/address_validation_croppedbb88.jpg]
[cdn.shopify.com/s/files/1/0702/3204/7829/files/address_validation_cropped78da.jpg]
[cdn.shopify.com/s/files/1/0702/3204/7829/files/address_validation_cropped6fca.jpg]
[cdn.shopify.com/s/files/1/0702/3204/7829/files/address_validation_cropped5991.jpg]
[cdn.shopify.com/s/files/1/0702/3204/7829/files/Organizations-cropped6807.jpg]
[cdn.shopify.com/s/files/1/0702/3204/7829/files/Organizations-cropped3162.jpg]
[cdn.shopify.com/s/files/1/0702/3204/7829/files/Organizations-cropped495a.jpg]
[cdn.shopify.com/s/files/1/0702/3204/7829/files/Organizations-croppedf9a5.jpg]
[cdn.shopify.com/s/files/1/0702/3204/7829/files/Organizations-cropped514f.jpg]
[cdn.shopify.com/s/files/1/0702/3204/7829/files/Organizations-cropped5f36.jpg]
[cdn.shopify.com/s/files/1/0702/3204/7829/files/Organizations-cropped101b.jpg]
[cdn.shopify.com/s/files/1/0702/3204/7829/files/Organizations-cropped4830.jpg]
[cdn.shopify.com/s/files/1/0702/3204/7829/files/Organizations-cropped1871.jpg]
[cdn.shopify.com/s/files/1/0702/3204/7829/files/Organizations-cropped8583.jpg]
[cdn.shopify.com/s/files/1/0702/3204/7829/files/Organizations-cropped7db7.jpg]
[cdn.shopify.com/s/files/1/0702/3204/7829/files/Role_Based_Accessd9e6.jpg]
[cdn.shopify.com/s/files/1/0702/3204/7829/files/Role_Based_Access91cb.jpg]
[cdn.shopify.com/s/files/1/0702/3204/7829/files/Role_Based_Access07c5.jpg]
[cdn.shopify.com/s/files/1/0702/3204/7829/files/Role_Based_Accessfe99.jpg]
[cdn.shopify.com/s/files/1/0702/3204/7829/files/Role_Based_Access2f93.jpg]
[cdn.shopify.com/s/files/1/0702/3204/7829/files/Role_Based_Access2d71.jpg]
[cdn.shopify.com/s/files/1/0702/3204/7829/files/Role_Based_Accessa3d3.jpg]
[cdn.shopify.com/s/files/1/0702/3204/7829/files/Role_Based_Accessf332.jpg]
[cdn.shopify.com/s/files/1/0702/3204/7829/files/Role_Based_Access95c0.jpg]
[cdn.shopify.com/s/files/1/0702/3204/7829/files/Role_Based_Accessfc07.jpg]
[cdn.shopify.com/s/files/1/0702/3204/7829/files/Role_Based_Access7e6a.jpg]
[cdn.shopify.com/s/files/1/0702/3204/7829/files/Analytics_ga_cropped2097.jpg]
[cdn.shopify.com/s/files/1/0702/3204/7829/files/Analytics_ga_cropped154c.jpg]
[cdn.shopify.com/s/files/1/0702/3204/7829/files/Analytics_ga_cropped3648.jpg]
[cdn.shopify.com/s/files/1/0702/3204/7829/files/Analytics_ga_croppede5f2.jpg]
[cdn.shopify.com/s/files/1/0702/3204/7829/files/Analytics_ga_cropped6f28.jpg]
[cdn.shopify.com/s/files/1/0702/3204/7829/files/Analytics_ga_cropped5e2d.jpg]
[cdn.shopify.com/s/files/1/0702/3204/7829/files/Analytics_ga_cropped5655.jpg]
[cdn.shopify.com/s/files/1/0702/3204/7829/files/Analytics_ga_cropped28f1.jpg]
[cdn.shopify.com/s/files/1/0702/3204/7829/files/Analytics_ga_cropped1acf.jpg]
[cdn.shopify.com/s/files/1/0702/3204/7829/files/Analytics_ga_croppedeaf9.jpg]
[cdn.shopify.com/s/files/1/0702/3204/7829/files/Analytics_ga_croppedc750.jpg]
[cdn.shopify.com/s/files/1/0702/3204/7829/files/RFM_analysis_crop6cb0.jpg]
[cdn.shopify.com/s/files/1/0702/3204/7829/files/RFM_analysis_crop7f3a.jpg]
[cdn.shopify.com/s/files/1/0702/3204/7829/files/RFM_analysis_crope18e.jpg]
[cdn.shopify.com/s/files/1/0702/3204/7829/files/RFM_analysis_crop8ec7.jpg]
[cdn.shopify.com/s/files/1/0702/3204/7829/files/RFM_analysis_cropd119.jpg]
[cdn.shopify.com/s/files/1/0702/3204/7829/files/RFM_analysis_crop2a7a.jpg]
[cdn.shopify.com/s/files/1/0702/3204/7829/files/RFM_analysis_cropdf0f.jpg]
[cdn.shopify.com/s/files/1/0702/3204/7829/files/RFM_analysis_cropab6c.jpg]
[cdn.shopify.com/s/files/1/0702/3204/7829/files/RFM_analysis_crop282b.jpg]
[cdn.shopify.com/s/files/1/0702/3204/7829/files/RFM_analysis_cropbbb7.jpg]
[cdn.shopify.com/s/files/1/0702/3204/7829/files/RFM_analysis_crop4961.jpg]
[cdn.shopify.com/s/files/1/0702/3204/7829/files/Shopify_app_home_mobile_croppedc09c.jpg]
[cdn.shopify.com/s/files/1/0702/3204/7829/files/Shopify_app_home_mobile_cropped3a70.jpg]
[cdn.shopify.com/s/files/1/0702/3204/7829/files/Shopify_app_home_mobile_cropped9eb9.jpg]
[cdn.shopify.com/s/files/1/0702/3204/7829/files/Shopify_app_home_mobile_croppedcf89.jpg]
[cdn.shopify.com/s/files/1/0702/3204/7829/files/Shopify_app_home_mobile_cropped9196.jpg]
[cdn.shopify.com/s/files/1/0702/3204/7829/files/Shopify_app_home_mobile_cropped2aa4.jpg]
[cdn.shopify.com/s/files/1/0702/3204/7829/files/Shopify_app_home_mobile_cropped1e3d.jpg]
[cdn.shopify.com/s/files/1/0702/3204/7829/files/Shopify_app_home_mobile_cropped0440.jpg]
[cdn.shopify.com/s/files/1/0702/3204/7829/files/Shopify_app_home_mobile_croppedca4a.jpg]
[cdn.shopify.com/s/files/1/0702/3204/7829/files/Shopify_app_home_mobile_cropped2852.jpg]
[cdn.shopify.com/s/files/1/0702/3204/7829/files/Shopify_app_home_mobile_croppedb4a6.jpg]
[cdn.shopify.com/s/files/1/0702/3204/7829/files/External_key024d.jpg]
[cdn.shopify.com/s/files/1/0702/3204/7829/files/External_keybf82.jpg]
[cdn.shopify.com/s/files/1/0702/3204/7829/files/External_keya64b.jpg]
[cdn.shopify.com/s/files/1/0702/3204/7829/files/External_key9f07.jpg]
[cdn.shopify.com/s/files/1/0702/3204/7829/files/External_key5b5f.jpg]
[cdn.shopify.com/s/files/1/0702/3204/7829/files/External_keyf6fd.jpg]
[cdn.shopify.com/s/files/1/0702/3204/7829/files/External_keyb4c2.jpg]
[cdn.shopify.com/s/files/1/0702/3204/7829/files/External_key4736.jpg]
[cdn.shopify.com/s/files/1/0702/3204/7829/files/External_keycb30.jpg]
[cdn.shopify.com/s/files/1/0702/3204/7829/files/External_keyd015.jpg]
[cdn.shopify.com/s/files/1/0702/3204/7829/files/External_key05a0.jpg]
[cdn.shopify.com/s/files/1/0702/3204/7829/files/unified_finance_cropped9a94.jpg]
[cdn.shopify.com/s/files/1/0702/3204/7829/files/unified_finance_croppede393.jpg]
[cdn.shopify.com/s/files/1/0702/3204/7829/files/unified_finance_croppede2d7.jpg]
[cdn.shopify.com/s/files/1/0702/3204/7829/files/unified_finance_cropped3813.jpg]
[cdn.shopify.com/s/files/1/0702/3204/7829/files/unified_finance_cropped687b.jpg]
[cdn.shopify.com/s/files/1/0702/3204/7829/files/unified_finance_croppedb0bd.jpg]
[cdn.shopify.com/s/files/1/0702/3204/7829/files/unified_finance_croppedec5b.jpg]
[cdn.shopify.com/s/files/1/0702/3204/7829/files/unified_finance_croppedea3d.jpg]
[cdn.shopify.com/s/files/1/0702/3204/7829/files/unified_finance_croppedf642.jpg]
[cdn.shopify.com/s/files/1/0702/3204/7829/files/unified_finance_cropped8fd3.jpg]
[cdn.shopify.com/s/files/1/0702/3204/7829/files/unified_finance_cropped5a80.jpg]
[cdn.shopify.com/s/files/1/0702/3204/7829/files/preview_images/thumbnail_money16e5.png]
[cdn.shopify.com/s/files/1/0702/3204/7829/files/preview_images/thumbnail_moneybe74.png]
[cdn.shopify.com/s/files/1/0702/3204/7829/files/preview_images/thumbnail_money29a9.png]
[cdn.shopify.com/s/files/1/0702/3204/7829/files/preview_images/thumbnail_money07be.png]
[cdn.shopify.com/s/files/1/0702/3204/7829/files/preview_images/thumbnail_money9828.png]
[cdn.shopify.com/s/files/1/0702/3204/7829/files/preview_images/thumbnail_moneydffd.png]
[cdn.shopify.com/s/files/1/0702/3204/7829/files/preview_images/thumbnail_money2717.png]
[cdn.shopify.com/s/files/1/0702/3204/7829/files/preview_images/thumbnail_moneye9ad.png]
[cdn.shopify.com/s/files/1/0702/3204/7829/files/preview_images/thumbnail_money54ca.png]
[cdn.shopify.com/s/files/1/0702/3204/7829/files/preview_images/thumbnail_moneybed6.png]
[cdn.shopify.com/s/files/1/0702/3204/7829/files/preview_images/thumbnail_money6204.png]
[cdn.shopify.com/s/files/1/0702/3204/7829/files/preview_images/thumbnail_money4d83.png]
[cdn.shopify.com/s/files/1/0702/3204/7829/files/preview_images/thumbnail_money760d.png]
[cdn.shopify.com/s/files/1/0702/3204/7829/files/Credit68d2.jpg]
[cdn.shopify.com/s/files/1/0702/3204/7829/files/Credite72d.jpg]
[cdn.shopify.com/s/files/1/0702/3204/7829/files/Credit8d61.jpg]
[cdn.shopify.com/s/files/1/0702/3204/7829/files/Credit29e9.jpg]
[cdn.shopify.com/s/files/1/0702/3204/7829/files/Credit2d2b.jpg]
[cdn.shopify.com/s/files/1/0702/3204/7829/files/Credita15d.jpg]
[cdn.shopify.com/s/files/1/0702/3204/7829/files/Crediteb3b.jpg]
[cdn.shopify.com/s/files/1/0702/3204/7829/files/Credit98f4.jpg]
[cdn.shopify.com/s/files/1/0702/3204/7829/files/Credita79f.jpg]
[cdn.shopify.com/s/files/1/0702/3204/7829/files/Credit7b83.jpg]
[cdn.shopify.com/s/files/1/0702/3204/7829/files/Credit012d.jpg]
[cdn.shopify.com/s/files/1/0702/3204/7829/files/tax_cropped9d34.jpg]
[cdn.shopify.com/s/files/1/0702/3204/7829/files/tax_cropped78bf.jpg]
[cdn.shopify.com/s/files/1/0702/3204/7829/files/tax_cropped018a.jpg]
[cdn.shopify.com/s/files/1/0702/3204/7829/files/tax_cropped4368.jpg]
[cdn.shopify.com/s/files/1/0702/3204/7829/files/tax_cropped2772.jpg]
[cdn.shopify.com/s/files/1/0702/3204/7829/files/tax_croppedcff6.jpg]
[cdn.shopify.com/s/files/1/0702/3204/7829/files/tax_croppeda8ad.jpg]
[cdn.shopify.com/s/files/1/0702/3204/7829/files/tax_cropped48fd.jpg]
[cdn.shopify.com/s/files/1/0702/3204/7829/files/tax_croppedce66.jpg]
[cdn.shopify.com/s/files/1/0702/3204/7829/files/tax_cropped5997.jpg]
[cdn.shopify.com/s/files/1/0702/3204/7829/files/tax_croppedaba7.jpg]
[cdn.shopify.com/s/files/1/0702/3204/7829/files/Theme_blocks_cropped4d0e.jpg]
[cdn.shopify.com/s/files/1/0702/3204/7829/files/Theme_blocks_croppeddd70.jpg]
[cdn.shopify.com/s/files/1/0702/3204/7829/files/Theme_blocks_croppedf039.jpg]
[cdn.shopify.com/s/files/1/0702/3204/7829/files/Theme_blocks_croppedce17.jpg]
[cdn.shopify.com/s/files/1/0702/3204/7829/files/Theme_blocks_croppedc672.jpg]
[cdn.shopify.com/s/files/1/0702/3204/7829/files/Theme_blocks_cropped9faa.jpg]
[cdn.shopify.com/s/files/1/0702/3204/7829/files/Theme_blocks_croppedd463.jpg]
[cdn.shopify.com/s/files/1/0702/3204/7829/files/Theme_blocks_cropped9f29.jpg]
[cdn.shopify.com/s/files/1/0702/3204/7829/files/Theme_blocks_cropped3e62.jpg]
[cdn.shopify.com/s/files/1/0702/3204/7829/files/Theme_blocks_cropped9d0b.jpg]
[cdn.shopify.com/s/files/1/0702/3204/7829/files/Theme_blocks_cropped12ca.jpg]
[cdn.shopify.com/s/files/1/0702/3204/7829/files/Liquid_VS_code_extension3fd6.jpg]
[cdn.shopify.com/s/files/1/0702/3204/7829/files/Liquid_VS_code_extension0ce9.jpg]
[cdn.shopify.com/s/files/1/0702/3204/7829/files/Liquid_VS_code_extension8cd9.jpg]
[cdn.shopify.com/s/files/1/0702/3204/7829/files/Liquid_VS_code_extensionac0a.jpg]
[cdn.shopify.com/s/files/1/0702/3204/7829/files/Liquid_VS_code_extensiona472.jpg]
[cdn.shopify.com/s/files/1/0702/3204/7829/files/Liquid_VS_code_extensionebb6.jpg]
[cdn.shopify.com/s/files/1/0702/3204/7829/files/Liquid_VS_code_extensionaab1.jpg]
[cdn.shopify.com/s/files/1/0702/3204/7829/files/Liquid_VS_code_extension0f72.jpg]
[cdn.shopify.com/s/files/1/0702/3204/7829/files/Liquid_VS_code_extension5e19.jpg]
[cdn.shopify.com/s/files/1/0702/3204/7829/files/Liquid_VS_code_extension017f.jpg]
[cdn.shopify.com/s/files/1/0702/3204/7829/files/Liquid_VS_code_extensiond903.jpg]
[cdn.shopify.com/s/files/1/0702/3204/7829/files/Checkout_buttons743f.jpg]
[cdn.shopify.com/s/files/1/0702/3204/7829/files/Checkout_buttons6abd.jpg]
[cdn.shopify.com/s/files/1/0702/3204/7829/files/Checkout_buttonsea72.jpg]
[cdn.shopify.com/s/files/1/0702/3204/7829/files/Checkout_buttons10d2.jpg]
[cdn.shopify.com/s/files/1/0702/3204/7829/files/Checkout_buttons52ad.jpg]
[cdn.shopify.com/s/files/1/0702/3204/7829/files/Checkout_buttons6c17.jpg]
[cdn.shopify.com/s/files/1/0702/3204/7829/files/Checkout_buttonsd908.jpg]
[cdn.shopify.com/s/files/1/0702/3204/7829/files/Checkout_buttonsce7a.jpg]
[cdn.shopify.com/s/files/1/0702/3204/7829/files/Checkout_buttons5a6a.jpg]
[cdn.shopify.com/s/files/1/0702/3204/7829/files/Checkout_buttons62ad.jpg]
[cdn.shopify.com/s/files/1/0702/3204/7829/files/Checkout_buttonsf108.jpg]
[cdn.shopify.com/s/files/1/0702/3204/7829/files/preview_images/thumbnail_cat_cf512406-4fd0-4c71-865e-69909d57750f60c6.png]
[cdn.shopify.com/s/files/1/0702/3204/7829/files/preview_images/thumbnail_cat_cf512406-4fd0-4c71-865e-69909d57750f599c.png]
[cdn.shopify.com/s/files/1/0702/3204/7829/files/preview_images/thumbnail_cat_cf512406-4fd0-4c71-865e-69909d57750f27fe.png]
[cdn.shopify.com/s/files/1/0702/3204/7829/files/preview_images/thumbnail_cat_cf512406-4fd0-4c71-865e-69909d57750ff247.png]
[cdn.shopify.com/s/files/1/0702/3204/7829/files/preview_images/thumbnail_cat_cf512406-4fd0-4c71-865e-69909d57750f5b0a.png]
[cdn.shopify.com/s/files/1/0702/3204/7829/files/preview_images/thumbnail_cat_cf512406-4fd0-4c71-865e-69909d57750f1ca6.png]
[cdn.shopify.com/s/files/1/0702/3204/7829/files/preview_images/thumbnail_cat_cf512406-4fd0-4c71-865e-69909d57750f04cc.png]
[cdn.shopify.com/s/files/1/0702/3204/7829/files/preview_images/thumbnail_cat_cf512406-4fd0-4c71-865e-69909d57750f119f.png]
[cdn.shopify.com/s/files/1/0702/3204/7829/files/preview_images/thumbnail_cat_cf512406-4fd0-4c71-865e-69909d57750f12c5.png]
[cdn.shopify.com/s/files/1/0702/3204/7829/files/preview_images/thumbnail_cat_cf512406-4fd0-4c71-865e-69909d57750fd684.png]
[cdn.shopify.com/s/files/1/0702/3204/7829/files/preview_images/thumbnail_cat_cf512406-4fd0-4c71-865e-69909d57750fb85a.png]
[cdn.shopify.com/s/files/1/0702/3204/7829/files/preview_images/thumbnail_cat_cf512406-4fd0-4c71-865e-69909d57750f1e09.png]
[cdn.shopify.com/s/files/1/0702/3204/7829/files/preview_images/thumbnail_cat_cf512406-4fd0-4c71-865e-69909d57750f564b.png]
[cdn.shopify.com/s/files/1/0702/3204/7829/files/Self_serve_returns_api_croppedfa8f.jpg]
[cdn.shopify.com/s/files/1/0702/3204/7829/files/Self_serve_returns_api_croppedcb27.jpg]
[cdn.shopify.com/s/files/1/0702/3204/7829/files/Self_serve_returns_api_croppedbfc3.jpg]
[cdn.shopify.com/s/files/1/0702/3204/7829/files/Self_serve_returns_api_croppedb463.jpg]
[cdn.shopify.com/s/files/1/0702/3204/7829/files/Self_serve_returns_api_croppede40c.jpg]
[cdn.shopify.com/s/files/1/0702/3204/7829/files/Self_serve_returns_api_croppedb6cc.jpg]
[cdn.shopify.com/s/files/1/0702/3204/7829/files/Self_serve_returns_api_cropped1cae.jpg]
[cdn.shopify.com/s/files/1/0702/3204/7829/files/Self_serve_returns_api_cropped9df6.jpg]
[cdn.shopify.com/s/files/1/0702/3204/7829/files/Self_serve_returns_api_cropped5b99.jpg]
[cdn.shopify.com/s/files/1/0702/3204/7829/files/Self_serve_returns_api_cropped067c.jpg]
[cdn.shopify.com/s/files/1/0702/3204/7829/files/Self_serve_returns_api_cropped01ba.jpg]
[cdn.shopify.com/s/files/1/0702/3204/7829/files/discount_admin_extensions_cropped47f2.jpg]
[cdn.shopify.com/s/files/1/0702/3204/7829/files/discount_admin_extensions_croppeda2b1.jpg]
[cdn.shopify.com/s/files/1/0702/3204/7829/files/discount_admin_extensions_croppede403.jpg]
[cdn.shopify.com/s/files/1/0702/3204/7829/files/discount_admin_extensions_cropped357d.jpg]
[cdn.shopify.com/s/files/1/0702/3204/7829/files/discount_admin_extensions_cropped7996.jpg]
[cdn.shopify.com/s/files/1/0702/3204/7829/files/discount_admin_extensions_cropped698e.jpg]
[cdn.shopify.com/s/files/1/0702/3204/7829/files/discount_admin_extensions_croppedb678.jpg]
[cdn.shopify.com/s/files/1/0702/3204/7829/files/discount_admin_extensions_cropped2080.jpg]
[cdn.shopify.com/s/files/1/0702/3204/7829/files/discount_admin_extensions_cropped3ee8.jpg]
[cdn.shopify.com/s/files/1/0702/3204/7829/files/discount_admin_extensions_cropped2910.jpg]
[cdn.shopify.com/s/files/1/0702/3204/7829/files/discount_admin_extensions_croppedd619.jpg]
[cdn.shopify.com/s/files/1/0702/3204/7829/files/Dev_Functions_Draft_Ordersee50.jpg]
[cdn.shopify.com/s/files/1/0702/3204/7829/files/Dev_Functions_Draft_Ordersae8e.jpg]
[cdn.shopify.com/s/files/1/0702/3204/7829/files/Dev_Functions_Draft_Ordersf40e.jpg]
[cdn.shopify.com/s/files/1/0702/3204/7829/files/Dev_Functions_Draft_Orders24a9.jpg]
[cdn.shopify.com/s/files/1/0702/3204/7829/files/Dev_Functions_Draft_Orders55aa.jpg]
[cdn.shopify.com/s/files/1/0702/3204/7829/files/Dev_Functions_Draft_Orders7980.jpg]
[cdn.shopify.com/s/files/1/0702/3204/7829/files/Dev_Functions_Draft_Orders2553.jpg]
[cdn.shopify.com/s/files/1/0702/3204/7829/files/Dev_Functions_Draft_Orders10af.jpg]
[cdn.shopify.com/s/files/1/0702/3204/7829/files/Dev_Functions_Draft_Orders8749.jpg]
[cdn.shopify.com/s/files/1/0702/3204/7829/files/Dev_Functions_Draft_Orders180d.jpg]
[cdn.shopify.com/s/files/1/0702/3204/7829/files/Dev_Functions_Draft_Orders5b80.jpg]
[cdn.shopify.com/s/files/1/0702/3204/7829/files/Chat_apps_checkoutd2bd.jpg]
[cdn.shopify.com/s/files/1/0702/3204/7829/files/Chat_apps_checkouta5b7.jpg]
[cdn.shopify.com/s/files/1/0702/3204/7829/files/Chat_apps_checkout508d.jpg]
[cdn.shopify.com/s/files/1/0702/3204/7829/files/Chat_apps_checkout174b.jpg]
[cdn.shopify.com/s/files/1/0702/3204/7829/files/Chat_apps_checkout44cd.jpg]
[cdn.shopify.com/s/files/1/0702/3204/7829/files/Chat_apps_checkoutc90a.jpg]
[cdn.shopify.com/s/files/1/0702/3204/7829/files/Chat_apps_checkout6b6f.jpg]
[cdn.shopify.com/s/files/1/0702/3204/7829/files/Chat_apps_checkout2f12.jpg]
[cdn.shopify.com/s/files/1/0702/3204/7829/files/Chat_apps_checkout108b.jpg]
[cdn.shopify.com/s/files/1/0702/3204/7829/files/Chat_apps_checkout83d9.jpg]
[cdn.shopify.com/s/files/1/0702/3204/7829/files/Chat_apps_checkout4212.jpg]
[cdn.shopify.com/s/files/1/0702/3204/7829/files/Conditional_rendering034e.jpg]
[cdn.shopify.com/s/files/1/0702/3204/7829/files/Conditional_rendering2058.jpg]
[cdn.shopify.com/s/files/1/0702/3204/7829/files/Conditional_renderingc7f4.jpg]
[cdn.shopify.com/s/files/1/0702/3204/7829/files/Conditional_renderingf7ef.jpg]
[cdn.shopify.com/s/files/1/0702/3204/7829/files/Conditional_renderinge52a.jpg]
[cdn.shopify.com/s/files/1/0702/3204/7829/files/Conditional_rendering18aa.jpg]
[cdn.shopify.com/s/files/1/0702/3204/7829/files/Conditional_renderingcb5a.jpg]
[cdn.shopify.com/s/files/1/0702/3204/7829/files/Conditional_renderingfcc5.jpg]
[cdn.shopify.com/s/files/1/0702/3204/7829/files/Conditional_rendering373d.jpg]
[cdn.shopify.com/s/files/1/0702/3204/7829/files/Conditional_renderingaa3e.jpg]
[cdn.shopify.com/s/files/1/0702/3204/7829/files/Conditional_renderingee02.jpg]
[cdn.shopify.com/s/files/1/0702/3204/7829/files/Fulfillment_constraints_API_cropped6880.jpg]
[cdn.shopify.com/s/files/1/0702/3204/7829/files/Fulfillment_constraints_API_croppeda93b.jpg]
[cdn.shopify.com/s/files/1/0702/3204/7829/files/Fulfillment_constraints_API_croppedf0a6.jpg]
[cdn.shopify.com/s/files/1/0702/3204/7829/files/Fulfillment_constraints_API_cropped8bab.jpg]
[cdn.shopify.com/s/files/1/0702/3204/7829/files/Fulfillment_constraints_API_cropped09ee.jpg]
[cdn.shopify.com/s/files/1/0702/3204/7829/files/Fulfillment_constraints_API_croppedaa37.jpg]
[cdn.shopify.com/s/files/1/0702/3204/7829/files/Fulfillment_constraints_API_cropped9458.jpg]
[cdn.shopify.com/s/files/1/0702/3204/7829/files/Fulfillment_constraints_API_cropped4856.jpg]
[cdn.shopify.com/s/files/1/0702/3204/7829/files/Fulfillment_constraints_API_cropped9893.jpg]
[cdn.shopify.com/s/files/1/0702/3204/7829/files/Fulfillment_constraints_API_croppedc1b5.jpg]
[cdn.shopify.com/s/files/1/0702/3204/7829/files/Fulfillment_constraints_API_cropped5e66.jpg]
[cdn.shopify.com/s/files/1/0702/3204/7829/files/Heatmaps2ee2.jpg]
[cdn.shopify.com/s/files/1/0702/3204/7829/files/Heatmaps3c91.jpg]
[cdn.shopify.com/s/files/1/0702/3204/7829/files/Heatmapsd3b5.jpg]
[cdn.shopify.com/s/files/1/0702/3204/7829/files/Heatmaps798a.jpg]
[cdn.shopify.com/s/files/1/0702/3204/7829/files/Heatmapsf2df.jpg]
[cdn.shopify.com/s/files/1/0702/3204/7829/files/Heatmapsb0b4.jpg]
[cdn.shopify.com/s/files/1/0702/3204/7829/files/Heatmaps30b4.jpg]
[cdn.shopify.com/s/files/1/0702/3204/7829/files/Heatmapsca35.jpg]
[cdn.shopify.com/s/files/1/0702/3204/7829/files/Heatmapsd340.jpg]
[cdn.shopify.com/s/files/1/0702/3204/7829/files/Heatmaps4f91.jpg]
[cdn.shopify.com/s/files/1/0702/3204/7829/files/Heatmaps4ec8.jpg]
[cdn.shopify.com/s/files/1/0702/3204/7829/files/managed_pricing8acd.jpg]
[cdn.shopify.com/s/files/1/0702/3204/7829/files/managed_pricingbf70.jpg]
[cdn.shopify.com/s/files/1/0702/3204/7829/files/managed_pricing9511.jpg]
[cdn.shopify.com/s/files/1/0702/3204/7829/files/managed_pricing32c6.jpg]
[cdn.shopify.com/s/files/1/0702/3204/7829/files/managed_pricingb96a.jpg]
[cdn.shopify.com/s/files/1/0702/3204/7829/files/managed_pricingb6ba.jpg]
[cdn.shopify.com/s/files/1/0702/3204/7829/files/managed_pricingc5b4.jpg]
[cdn.shopify.com/s/files/1/0702/3204/7829/files/managed_pricing6e20.jpg]
[cdn.shopify.com/s/files/1/0702/3204/7829/files/managed_pricing1ea6.jpg]
[cdn.shopify.com/s/files/1/0702/3204/7829/files/managed_pricingd02e.jpg]
[cdn.shopify.com/s/files/1/0702/3204/7829/files/managed_pricingb4de.jpg]
[cdn.shopify.com/s/files/1/0702/3204/7829/files/preview_images/thumbnail_checkboxes541d.png]
[cdn.shopify.com/s/files/1/0702/3204/7829/files/preview_images/thumbnail_checkboxesdd4d.png]
[cdn.shopify.com/s/files/1/0702/3204/7829/files/preview_images/thumbnail_checkboxes2165.png]
[cdn.shopify.com/s/files/1/0702/3204/7829/files/preview_images/thumbnail_checkboxesb1cb.png]
[cdn.shopify.com/s/files/1/0702/3204/7829/files/preview_images/thumbnail_checkboxesfa5f.png]
[cdn.shopify.com/s/files/1/0702/3204/7829/files/preview_images/thumbnail_checkboxes678f.png]
[cdn.shopify.com/s/files/1/0702/3204/7829/files/preview_images/thumbnail_checkboxes64af.png]
[cdn.shopify.com/s/files/1/0702/3204/7829/files/preview_images/thumbnail_checkboxesc7dc.png]
[cdn.shopify.com/s/files/1/0702/3204/7829/files/preview_images/thumbnail_checkboxes6f10.png]
[cdn.shopify.com/s/files/1/0702/3204/7829/files/preview_images/thumbnail_checkboxes5409.png]
[cdn.shopify.com/s/files/1/0702/3204/7829/files/preview_images/thumbnail_checkboxes1a01.png]
[cdn.shopify.com/s/files/1/0702/3204/7829/files/preview_images/thumbnail_checkboxes7b18.png]
[cdn.shopify.com/s/files/1/0702/3204/7829/files/preview_images/thumbnail_checkboxes8069.png]
[cdn.shopify.com/s/files/1/0702/3204/7829/files/Apps_in_admin_Cropf624.jpg]
[cdn.shopify.com/s/files/1/0702/3204/7829/files/Apps_in_admin_Crop391f.jpg]
[cdn.shopify.com/s/files/1/0702/3204/7829/files/Apps_in_admin_Crop4e2e.jpg]
[cdn.shopify.com/s/files/1/0702/3204/7829/files/Apps_in_admin_Crop1f12.jpg]
[cdn.shopify.com/s/files/1/0702/3204/7829/files/Apps_in_admin_Cropf0ad.jpg]
[cdn.shopify.com/s/files/1/0702/3204/7829/files/Apps_in_admin_Crop5163.jpg]
[cdn.shopify.com/s/files/1/0702/3204/7829/files/Apps_in_admin_Cropbb03.jpg]
[cdn.shopify.com/s/files/1/0702/3204/7829/files/Apps_in_admin_Cropd09b.jpg]
[cdn.shopify.com/s/files/1/0702/3204/7829/files/Apps_in_admin_Crop5e49.jpg]
[cdn.shopify.com/s/files/1/0702/3204/7829/files/Apps_in_admin_Crop6710.jpg]
[cdn.shopify.com/s/files/1/0702/3204/7829/files/Apps_in_admin_Crope476.jpg]
[cdn.shopify.com/s/files/1/0702/3204/7829/files/dev_assitant952b.jpg]
[cdn.shopify.com/s/files/1/0702/3204/7829/files/dev_assitant569b.jpg]
[cdn.shopify.com/s/files/1/0702/3204/7829/files/dev_assitant58bb.jpg]
[cdn.shopify.com/s/files/1/0702/3204/7829/files/dev_assitante702.jpg]
[cdn.shopify.com/s/files/1/0702/3204/7829/files/dev_assitant7379.jpg]
[cdn.shopify.com/s/files/1/0702/3204/7829/files/dev_assitant114f.jpg]
[cdn.shopify.com/s/files/1/0702/3204/7829/files/dev_assitantb552.jpg]
[cdn.shopify.com/s/files/1/0702/3204/7829/files/dev_assitant041b.jpg]
[cdn.shopify.com/s/files/1/0702/3204/7829/files/dev_assitant398d.jpg]
[cdn.shopify.com/s/files/1/0702/3204/7829/files/dev_assitant6a5e.jpg]
[cdn.shopify.com/s/files/1/0702/3204/7829/files/dev_assitant49e2.jpg]
[cdn.shopify.com/s/files/1/0702/3204/7829/files/Dev_community_forum_cropped3ebd.jpg]
[cdn.shopify.com/s/files/1/0702/3204/7829/files/Dev_community_forum_croppedd76d.jpg]
[cdn.shopify.com/s/files/1/0702/3204/7829/files/Dev_community_forum_cropped9f09.jpg]
[cdn.shopify.com/s/files/1/0702/3204/7829/files/Dev_community_forum_croppedd595.jpg]
[cdn.shopify.com/s/files/1/0702/3204/7829/files/Dev_community_forum_cropped9024.jpg]
[cdn.shopify.com/s/files/1/0702/3204/7829/files/Dev_community_forum_cropped7174.jpg]
[cdn.shopify.com/s/files/1/0702/3204/7829/files/Dev_community_forum_croppede8ba.jpg]
[cdn.shopify.com/s/files/1/0702/3204/7829/files/Dev_community_forum_cropped3c06.jpg]
[cdn.shopify.com/s/files/1/0702/3204/7829/files/Dev_community_forum_croppedbddb.jpg]
[cdn.shopify.com/s/files/1/0702/3204/7829/files/Dev_community_forum_cropped9280.jpg]
[cdn.shopify.com/s/files/1/0702/3204/7829/files/Dev_community_forum_croppedf301.jpg]
[cdn.shopify.com/s/files/1/0702/3204/7829/files/preview_images/tv_cover61da.jpg]
[cdn.shopify.com/s/files/1/0702/3204/7829/files/preview_images/tv_covere4a9.jpg]
[cdn.shopify.com/s/files/1/0702/3204/7829/files/preview_images/tv_coverd1aa.jpg]
[cdn.shopify.com/s/files/1/0702/3204/7829/files/preview_images/tv_cover4224.jpg]
[cdn.shopify.com/s/files/1/0702/3204/7829/files/preview_images/tv_coveraaf8.jpg]
[cdn.shopify.com/s/files/1/0702/3204/7829/files/preview_images/tv_coverdd5a.jpg]
[cdn.shopify.com/s/files/1/0702/3204/7829/files/preview_images/tv_cover8fd3.jpg]
[cdn.shopify.com/s/files/1/0702/3204/7829/files/preview_images/tv_covere56b.jpg]
[cdn.shopify.com/s/files/1/0702/3204/7829/files/preview_images/tv_covere432.jpg]
[cdn.shopify.com/s/files/1/0702/3204/7829/files/preview_images/tv_cover3772.jpg]
[cdn.shopify.com/s/files/1/0702/3204/7829/files/preview_images/tv_cover48ab.jpg]
[cdn.shopify.com/oxygen-v2/34812/25874/53819/4075852/assets/manifest-8ea14d51.js]
[cdn.shopify.com/oxygen-v2/34812/25874/53819/4075852/assets/entry.client-P_rzzTDe.js]
[cdn.shopify.com/oxygen-v2/34812/25874/53819/4075852/assets/components-CZsoizhn.js]
[cdn.shopify.com/oxygen-v2/34812/25874/53819/4075852/assets/index-Bs6cAnji.js]
[cdn.shopify.com/oxygen-v2/34812/25874/53819/4075852/assets/client-Ca_yOB0K.js]
[cdn.shopify.com/oxygen-v2/34812/25874/53819/4075852/assets/root-Da8GTyPU.js]
[cdn.shopify.com/oxygen-v2/34812/25874/53819/4075852/assets/locale-B-BsmxMk.js]
[cdn.shopify.com/oxygen-v2/34812/25874/53819/4075852/assets/Icon-DLWz_BzV.js]
[cdn.shopify.com/oxygen-v2/34812/25874/53819/4075852/assets/react-C2MF9BFL.js]
[cdn.shopify.com/oxygen-v2/34812/25874/53819/4075852/assets/index-Bz2j4nJY.js]
[cdn.shopify.com/oxygen-v2/34812/25874/53819/4075852/assets/root-6Lp6XpoS.js]
[cdn.shopify.com/oxygen-v2/34812/25874/53819/4075852/assets/(_locale).editions.winter2025-D9yn4hbc.js]
[cdn.shopify.com/oxygen-v2/34812/25874/53819/4075852/assets/TitleLink-DGDHG-Rz.js]
[cdn.shopify.com/oxygen-v2/34812/25874/53819/4075852/assets/meta-BFzKrvUa.js]
[cdn.shopify.com/oxygen-v2/34812/25874/53819/4075852/assets/usePopoverStore-CsghMCXk.js]
[cdn.shopify.com/oxygen-v2/34812/25874/53819/4075852/assets/(_locale).editions.winter2025-DIqrR_6n.js]
[cdn.shopify.com/s/files/1/0702/3204/7829/files/S_D_configure_parent_or_childa0ba.jpg]
[cdn.shopify.com/s/files/1/0702/3204/7829/files/Global_content_ea15b0aa-7741-4e23-8fdf-53a362b79e2efe43.jpg]
[cdn.shopify.com/s/files/1/0702/3204/7829/files/globalContentAsset18645.jpg]
[cdn.shopify.com/s/files/1/0702/3204/7829/files/globalContentAsset28645.jpg]
[cdn.shopify.com/s/files/1/0702/3204/7829/files/globalContentAsset38645.jpg]
[cdn.shopify.com/s/files/1/0702/3204/7829/files/bundles_grouped-cropped1de5.jpg]
[cdn.shopify.com/s/files/1/0702/3204/7829/files/Bundles_grouped_modal2x51bd.jpg]
[cdn.shopify.com/s/files/1/0702/3204/7829/files/OSE_editor_croppede4fe.jpg]
[cdn.shopify.com/s/files/1/0702/3204/7829/files/OSE_editor_updatesa943.jpg]
[cdn.shopify.com/s/files/1/0702/3204/7829/files/Split_screen_search1d14.jpg]
[cdn.shopify.com/s/files/1/0702/3204/7829/files/Customer_view_improvements_full0bee.jpg]
[cdn.shopify.com/s/files/1/0702/3204/7829/files/customer_view_improvements_crop9302.jpg]
[cdn.shopify.com/s/files/1/0702/3204/7829/files/POS_info_density_cropped8826.jpg]
[cdn.shopify.com/s/files/1/0702/3204/7829/files/POS_info_density380f.jpg]
[cdn.shopify.com/s/files/1/0702/3204/7829/files/Location_filters_croppedd97e.jpg]
[cdn.shopify.com/s/files/1/0702/3204/7829/files/metafields-POS_cropped55b4.jpg]
[cdn.shopify.com/s/files/1/0702/3204/7829/files/checkout_blocks_cropped46e7.jpg]
[cdn.shopify.com/s/files/1/0702/3204/7829/files/preview_images/thumbnail_carts_cc3a18a9-2949-4413-bdc1-a554cf2f8d933e26.png]
[cdn.shopify.com/s/files/1/0702/3204/7829/files/functions_draft_orders_croppedb93c.jpg]
[cdn.shopify.com/s/files/1/0702/3204/7829/files/Functions_in_draft_ordersf051.jpg]
[cdn.shopify.com/s/files/1/0702/3204/7829/files/preview_images/63720cfb6da04295b4be327bc1b68c9b.thumbnail.0000000000092c.jpg]
[cdn.shopify.com/s/files/1/0702/3204/7829/files/preview_images/5c3da3edae0d459fa18603f472623882.thumbnail.0000000000092c.jpg]
[cdn.shopify.com/s/files/1/0702/3204/7829/files/account_extensions_cropped_044b7ad4-29d7-44e2-9925-547c6689ae4013f3.jpg]
[cdn.shopify.com/s/files/1/0702/3204/7829/files/Account_extensionse661.jpg]
[cdn.shopify.com/s/files/1/0702/3204/7829/files/preview_images/thumbnail_brush6d84.png]
[cdn.shopify.com/s/files/1/0702/3204/7829/files/Email_templates_404b1fe1-de87-4370-88ae-b03170fa099c85f7.jpg]
[cdn.shopify.com/s/files/1/0702/3204/7829/files/emailTemplatesAsset116fe.jpg]
[cdn.shopify.com/s/files/1/0702/3204/7829/files/segment_triggers_cropped_d8d008ae-098a-4c0d-929c-8844c50c46fa3133.jpg]
[cdn.shopify.com/s/files/1/0702/3204/7829/files/segment_triggers_c51522b8-baac-49ac-81c6-3cf268b0fd5fd911.jpg]
[cdn.shopify.com/s/files/1/0702/3204/7829/files/Inbox_profile_photos_cropped3566.jpg]
[cdn.shopify.com/s/files/1/0702/3204/7829/files/profile_photos_inboxd419.jpg]
[cdn.shopify.com/s/files/1/0702/3204/7829/files/forms_metafields_Cropped_7c731297-a901-437c-a0f9-32a5e1c4218fb2dd.jpg]
[cdn.shopify.com/s/files/1/0702/3204/7829/files/froms_metafieldsc040.jpg]
[cdn.shopify.com/s/files/1/0702/3204/7829/files/shopwinback_cropped98ba.jpg]
[cdn.shopify.com/s/files/1/0702/3204/7829/files/shopwinback_reg97f4.jpg]
[cdn.shopify.com/s/files/1/0702/3204/7829/files/Draft_orders_Cropped0321.jpg]
[cdn.shopify.com/s/files/1/0702/3204/7829/files/draft_orders_modal7791.jpg]
[cdn.shopify.com/s/files/1/0702/3204/7829/files/account_extensions_cropped895c.jpg]
[cdn.shopify.com/s/files/1/0702/3204/7829/files/account_extensions_Defaulta636.jpg]
[cdn.shopify.com/s/files/1/0702/3204/7829/files/login_branding_269c8f54-c0d2-4276-98ce-6890f9c338a79b7a.jpg]
[cdn.shopify.com/s/files/1/0702/3204/7829/files/collective_return_croppede02d.jpg]
[cdn.shopify.com/s/files/1/0702/3204/7829/files/Semantic_search_languages819d.jpg]
[cdn.shopify.com/s/files/1/0702/3204/7829/files/semanticSearchAsset1518a.jpg]
[cdn.shopify.com/s/files/1/0702/3204/7829/files/semanticSearchAsset2518a.jpg]
[cdn.shopify.com/s/files/1/0702/3204/7829/files/semanticSearchAsset3518a.jpg]
[cdn.shopify.com/s/files/1/0702/3204/7829/files/semanticSearchAsset4518a.jpg]
[cdn.shopify.com/s/files/1/0702/3204/7829/files/semanticSearchAsset5518a.jpg]
[cdn.shopify.com/s/files/1/0702/3204/7829/files/semanticSearchAsset6518a.jpg]
[cdn.shopify.com/s/files/1/0702/3204/7829/files/semanticSearchAsset7518a.jpg]
[cdn.shopify.com/s/files/1/0702/3204/7829/files/semanticSearchAsset8518a.jpg]
[cdn.shopify.com/s/files/1/0702/3204/7829/files/preview_images/thumbnail_globes5295.png]
[cdn.shopify.com/s/files/1/0702/3204/7829/files/taxinclusivity_cropped956f.jpg]
[cdn.shopify.com/s/files/1/0702/3204/7829/files/taxInclusivityAsset1e357.jpg]
[cdn.shopify.com/s/files/1/0702/3204/7829/files/order_editing3fda.jpg]
[cdn.shopify.com/s/files/1/0702/3204/7829/files/Fulfillment_logic_draft_orders_cropped9c4b.jpg]
[cdn.shopify.com/s/files/1/0702/3204/7829/files/Fulfillment_logic_draft_orders4340.jpg]
[cdn.shopify.com/s/files/1/0702/3204/7829/files/preview_images/thumbnail_storef345.png]
[cdn.shopify.com/s/files/1/0702/3204/7829/files/Europe_shipping_carriers_cropped650b.jpg]
[cdn.shopify.com/s/files/1/0702/3204/7829/files/Europe_shipping_carrierse157.jpg]
[cdn.shopify.com/s/files/1/0702/3204/7829/files/address_validation_cropped6ba0.jpg]
[cdn.shopify.com/s/files/1/0702/3204/7829/files/address_validationbcae.jpg]
[cdn.shopify.com/s/files/1/0702/3204/7829/files/Organizations-cropped7905.jpg]
[cdn.shopify.com/s/files/1/0702/3204/7829/files/Organizationsfb2b.jpg]
[cdn.shopify.com/s/files/1/0702/3204/7829/files/Role_Based_Accessea51.jpg]
[cdn.shopify.com/s/files/1/0702/3204/7829/files/Analytics_ga_cropped976d.jpg]
[cdn.shopify.com/s/files/1/0702/3204/7829/files/analytics_ga8cd2.jpg]
[cdn.shopify.com/s/files/1/0702/3204/7829/files/RFM_analysis_crop71a7.jpg]
[cdn.shopify.com/s/files/1/0702/3204/7829/files/RFM_Analysis_modala07a.jpg]
[cdn.shopify.com/s/files/1/0702/3204/7829/files/Shopify_app_home_mobile_croppedded5.jpg]
[cdn.shopify.com/s/files/1/0702/3204/7829/files/Shopify_app_home_mobile289c.jpg]
[cdn.shopify.com/s/files/1/0702/3204/7829/files/External_keybd34.jpg]
[cdn.shopify.com/s/files/1/0702/3204/7829/files/unified_finance_croppedb062.jpg]
[cdn.shopify.com/s/files/1/0702/3204/7829/files/unified_finance8d1c.jpg]
[cdn.shopify.com/s/files/1/0702/3204/7829/files/preview_images/thumbnail_moneye691.png]
[cdn.shopify.com/s/files/1/0702/3204/7829/files/Credit54e5.jpg]
[cdn.shopify.com/s/files/1/0702/3204/7829/files/tax_croppedf40c.jpg]
[cdn.shopify.com/s/files/1/0702/3204/7829/files/taxbc0b.jpg]
[cdn.shopify.com/s/files/1/0702/3204/7829/files/Theme_blocks_croppede2ad.jpg]
[cdn.shopify.com/s/files/1/0702/3204/7829/files/Theme_blocks_modala3b2.jpg]
[cdn.shopify.com/s/files/1/0702/3204/7829/files/Liquid_VS_code_extension1eba.jpg]
[cdn.shopify.com/s/files/1/0702/3204/7829/files/Checkout_buttons7732.jpg]
[cdn.shopify.com/s/files/1/0702/3204/7829/files/preview_images/thumbnail_cat_cf512406-4fd0-4c71-865e-69909d57750fd5ff.png]
[cdn.shopify.com/s/files/1/0702/3204/7829/files/Self_serve_returns_api_cropped4c05.jpg]
[cdn.shopify.com/s/files/1/0702/3204/7829/files/Self_serve_returns_api8836.jpg]
[cdn.shopify.com/s/files/1/0702/3204/7829/files/discount_admin_extensions_cropped3a07.jpg]
[cdn.shopify.com/s/files/1/0702/3204/7829/files/Dev_Functions_Draft_Ordersa9a1.jpg]
[cdn.shopify.com/s/files/1/0702/3204/7829/files/Chat_apps_checkout3dcd.jpg]
[cdn.shopify.com/s/files/1/0702/3204/7829/files/Conditional_rendering9854.jpg]
[cdn.shopify.com/s/files/1/0702/3204/7829/files/Fulfillment_constraints_API_croppeda3d5.jpg]
[cdn.shopify.com/s/files/1/0702/3204/7829/files/Fulfillment_constraints_APIb5a8.jpg]
[cdn.shopify.com/s/files/1/0702/3204/7829/files/Heatmaps09aa.jpg]
[cdn.shopify.com/s/files/1/0702/3204/7829/files/managed_pricing2e5d.jpg]
[cdn.shopify.com/s/files/1/0702/3204/7829/files/preview_images/thumbnail_checkboxes6f80.png]
[cdn.shopify.com/s/files/1/0702/3204/7829/files/Apps_in_admin_Crop140f.jpg]
[cdn.shopify.com/s/files/1/0702/3204/7829/files/Apps_in_Admin_b63e6ae5-ec33-4a83-99cf-05163d9345cd0e60.jpg]
[cdn.shopify.com/s/files/1/0702/3204/7829/files/dev_assitantecdc.jpg]
[cdn.shopify.com/s/files/1/0702/3204/7829/files/Dev_community_forum_croppedee51.jpg]
[cdn.shopify.com/s/files/1/0702/3204/7829/files/Dev_community_forumc320.jpg]
[cdn.shopify.com/s/files/1/0702/3204/7829/files/preview_images/tv_cover510f.jpg]
[cdn.shopify.com/s/files/1/0702/3204/7829/files/preview_images/c37775ef78d7475a95687881aaeeb566.thumbnail.0000000000d332.jpg]
[cdn.shopify.com/s/files/1/0702/3204/7829/files/preview_images/22a76fa6d7a24505b4b5d142107f5e43.thumbnail.00000000009d2f.jpg]
[cdn.shopify.com/s/files/1/0702/3204/7829/files/preview_images/c44462ba5bb744fd933c30e7fc85bca4.thumbnail.00000000005351.jpg]
[cdn.shopify.com/s/files/1/0702/3204/7829/files/preview_images/745bbaeabae14bddaa80b65ffb338408.thumbnail.0000000000c550.jpg]
[cdn.shopify.com/s/files/1/0702/3204/7829/files/preview_images/39b5885f42684083a7c1b2f0ea57624b.thumbnail.00000000009abf.jpg]
[cdn.shopify.com/s/files/1/0702/3204/7829/files/preview_images/49a3f914d0614eeeb290f3ba26ea3f57.thumbnail.00000000001a17.jpg]
[cdn.shopify.com/s/files/1/0702/3204/7829/files/preview_images/cc32465e259c42cead4d1aacb37fcf4d.thumbnail.00000000001786.jpg]
[cdn.shopify.com/s/files/1/0702/3204/7829/files/preview_images/104440582e8244d6837e2d8b0598039a.thumbnail.00000000000715.jpg]
[cdn.shopify.com/s/files/1/0702/3204/7829/files/preview_images/977a956af1d44c3089c9133a624201a2.thumbnail.0000000000922f.jpg]
[cdn.shopify.com/s/files/1/0702/3204/7829/files/preview_images/83c2ccd3e1bd459396870f797d240f32.thumbnail.0000000000e403.jpg]
[cdn.shopify.com/s/files/1/0702/3204/7829/files/preview_images/9f28ab5e39824a06b06a68121cf61162.thumbnail.00000000008a6e.jpg]
[cdn.shopify.com/s/files/1/0702/3204/7829/files/preview_images/9e10f7b5b0474e39bbafeba14b06c3a8.thumbnail.000000000068f1.jpg]
[cdn.shopify.com/s/files/1/0702/3204/7829/files/preview_images/97ca46a74caa4039b54f9008b4435a9a.thumbnail.0000000000dce6.jpg]
[cdn.shopify.com/s/files/1/0702/3204/7829/files/preview_images/404ef1c6e6a94515984220d79f2c8376.thumbnail.0000000000e2f6.jpg]
[cdn.shopify.com/s/files/1/0702/3204/7829/files/preview_images/dc0209284c094d44a2bec1fbf18d4643.thumbnail.000000000068e4.jpg]
[cdn.shopify.com/s/files/1/0702/3204/7829/files/preview_images/b24d46b24fcf4cd9af745d743d544794.thumbnail.0000000000ff1f.jpg]
[cdn.shopify.com/s/files/1/0702/3204/7829/files/preview_images/6eb207a1341f4f8fb19f17fde281e319.thumbnail.0000000000e2fc.jpg]
[cdn.shopify.com/s/files/1/0702/3204/7829/files/preview_images/7dcabcb94bcf4b7c845aa7d7cffbfab9.thumbnail.00000000003698.jpg]
[cdn.shopify.com/s/files/1/0702/3204/7829/files/preview_images/a58429af2ec64a62bdc884a640f6262a.thumbnail.000000000048dc.jpg]
[cdn.shopify.com/s/files/1/0702/3204/7829/files/preview_images/f0c2ab26e7c34d1a9422ccc98cc1abc2.thumbnail.00000000008bf7.jpg]
[cdn.shopify.com/s/files/1/0702/3204/7829/files/preview_images/076fe4430ffb4542ad81178500d8551b.thumbnail.00000000002fcb.jpg]
[cdn.shopify.com/s/files/1/0702/3204/7829/files/preview_images/f0ad69e440a44fff90c8a446be616e4d.thumbnail.0000000000e337.jpg]
[cdn.shopify.com/s/files/1/0702/3204/7829/files/preview_images/39537d215ab042e9b6e2dbdef18e6b7e.thumbnail.0000000000dd88.jpg]
[cdn.shopify.com/s/files/1/0702/3204/7829/files/preview_images/64836137d0344c6c8d49042f20406e4a.thumbnail.00000000004adf.jpg]
[cdn.shopify.com/s/files/1/0702/3204/7829/files/preview_images/77824aee11c34b72955bdc43bf3e9647.thumbnail.00000000004275.jpg]
[cdn.shopify.com/s/files/1/0702/3204/7829/files/preview_images/0546673ad02442718c0698f955633b3c.thumbnail.0000000000f087.jpg]
[cdn.shopify.com/s/files/1/0702/3204/7829/files/preview_images/dffe5b3ce31749909109424d449b43c2.thumbnail.0000000000e3b2.jpg]
[cdn.shopify.com/s/files/1/0702/3204/7829/files/preview_images/06ea06fba13c4adcb26f67d2507a4087.thumbnail.00000000009b7b.jpg]
[cdn.shopify.com/s/files/1/0702/3204/7829/files/preview_images/60dc8797d743418cb9444ff8a4daa6ba.thumbnail.0000000000e50b.jpg]
[cdn.shopify.com/s/files/1/0702/3204/7829/files/preview_images/78eb0fab64a24114a7722bc41d5d1840.thumbnail.0000000000857c.jpg]
[cdn.shopify.com/s/files/1/0702/3204/7829/files/preview_images/2f631159835b41ac8b6736665065974b.thumbnail.000000000093a1.jpg]
[cdn.shopify.com/s/files/1/0702/3204/7829/files/preview_images/0b9cfc2af2c94feabcf7ab9edbeff542.thumbnail.0000000000995c.jpg]
[cdn.shopify.com/s/files/1/0702/3204/7829/files/preview_images/b86bdb3c1c844f59ac6988fa0c30f002.thumbnail.000000000004d1.jpg]
[cdn.shopify.com/s/files/1/0702/3204/7829/files/preview_images/3608dc9e2e91452cb1b0e7813610b05d.thumbnail.000000000029da.jpg]
[cdn.shopify.com/s/files/1/0702/3204/7829/files/preview_images/37e78c4fd52a45e6afb9ee47b28b9467.thumbnail.0000000000a839.jpg]
[cdn.shopify.com/s/files/1/0702/3204/7829/files/preview_images/373e092f17a14186a228d8f6a06fcad6.thumbnail.000000000098c4.jpg]
[cdn.shopify.com/s/files/1/0702/3204/7829/files/preview_images/1bd09e5d93a44aa0be13a28150a5b24a.thumbnail.00000000000e1b.jpg]
[cdn.shopify.com/s/files/1/0702/3204/7829/files/preview_images/4e6ae8e7f9074f02865d8ce5d612aa3c.thumbnail.0000000000f2dc.jpg]
[cdn.shopify.com/s/files/1/0702/3204/7829/files/preview_images/8899d2cf1aa04174b75a29f0d30ae69e.thumbnail.0000000000e205.jpg]
[cdn.shopify.com/s/files/1/0702/3204/7829/files/preview_images/d96766d77f934b008c1142eb9223a49e.thumbnail.000000000069c1.jpg]
[cdn.shopify.com/s/files/1/0702/3204/7829/files/preview_images/5fbcd95b1f5146999a7c286d2464e516.thumbnail.00000000005d6d.jpg]
[cdn.shopify.com/s/files/1/0702/3204/7829/files/preview_images/bd74b8f2c4c447c08374b75c8921d72c.thumbnail.0000000000aa92.jpg]
[cdn.shopify.com/s/files/1/0702/3204/7829/files/preview_images/25e1b1cd611748f49fe7178f6bf14cfa.thumbnail.0000000000f380.jpg]
[cdn.shopify.com/s/files/1/0702/3204/7829/files/preview_images/4d9c8a02894e4d07acd360ba6e114625.thumbnail.00000000007e30.jpg]
[cdn.shopify.com/s/files/1/0702/3204/7829/files/preview_images/ffb746cb08b44927bcc5c72111401317.thumbnail.0000000000836e.jpg]
[cdn.shopify.com/s/files/1/0702/3204/7829/files/preview_images/9bcc22e1ee574ca090d5b325549510ab.thumbnail.0000000000420a.jpg]
[cdn.shopify.com/s/files/1/0702/3204/7829/files/preview_images/0a2fc2fd4d3c4b1d9c17f7507f48f7af.thumbnail.00000000003d74.jpg]
[cdn.shopify.com/s/files/1/0702/3204/7829/files/preview_images/3368e986397d4d10a0a6e17592f382bd.thumbnail.0000000000f39e.jpg]
[cdn.shopify.com/s/files/1/0702/3204/7829/files/preview_images/06ff9818991249f4b69f82746eae7371.thumbnail.0000000000f82f.jpg]
[cdn.shopify.com/s/files/1/0702/3204/7829/files/preview_images/a7ade56f44a84c46a13a7f9177943462.thumbnail.0000000000bdd0.jpg]
[cdn.shopify.com/s/files/1/0702/3204/7829/files/preview_images/ae3a509e69ea4fc6bae8082210c961e7.thumbnail.0000000000c94f.jpg]
[cdn.shopify.com/s/files/1/0702/3204/7829/files/preview_images/a9505b1a288e40d4bf2154c45b3d95f0.thumbnail.00000000004b6b.jpg]
[cdn.shopify.com/s/files/1/0702/3204/7829/files/preview_images/68e29f6d2f1c4cabbc133d56fc0a1043.thumbnail.00000000009403.jpg]
[cdn.shopify.com/s/files/1/0702/3204/7829/files/preview_images/35db7987cdd44f86ad91fffea61e3147.thumbnail.00000000002346.jpg]
[cdn.shopify.com/s/files/1/0702/3204/7829/files/preview_images/c86a36845922479db0bd281cf200d0e0.thumbnail.00000000007950.jpg]
[cdn.shopify.com/s/files/1/0702/3204/7829/files/preview_images/d3f22d6195b04108aeaa9a37f13cf830.thumbnail.000000000084d6.jpg]
[cdn.shopify.com/s/files/1/0702/3204/7829/files/preview_images/30d5ae672598484b9b82f5e7b9e28d95.thumbnail.0000000000a789.jpg]
[cdn.shopify.com/s/files/1/0702/3204/7829/files/preview_images/2c46ce30630d490f9d1e22b1497ccdc5.thumbnail.00000000003ddc.jpg]
[cdn.shopify.com/s/files/1/0702/3204/7829/files/preview_images/67180652e20449ee85786967df7efeed.thumbnail.00000000002749.jpg]
[cdn.shopify.com/s/files/1/0702/3204/7829/files/preview_images/86e2dbe3dbe94cd5a723ae01a56995b3.thumbnail.0000000000854a.jpg]
[cdn.shopify.com/s/files/1/0702/3204/7829/files/preview_images/f825b05712bf44e39bd25220c966c5e5.thumbnail.00000000001564.jpg]
[cdn.shopify.com/s/files/1/0702/3204/7829/files/preview_images/667733bffd1b46259e31517745a406c0.thumbnail.00000000004ab6.jpg]
[cdn.shopify.com/s/files/1/0702/3204/7829/files/preview_images/3b8b5e5af8b041b1974bb00d61015a95.thumbnail.00000000001579.jpg]
[cdn.shopify.com/s/files/1/0702/3204/7829/files/preview_images/725a8403a34e4fd185924e301f961437.thumbnail.0000000000e812.jpg]
[cdn.shopify.com/s/files/1/0702/3204/7829/files/preview_images/33f1d71e7af941b387d840a54272a69d.thumbnail.00000000001579.jpg]
[cdn.shopify.com/s/files/1/0702/3204/7829/files/preview_images/ba97ef01ce114573bda96ea4d1e922c6.thumbnail.0000000000f244.jpg]
[cdn.shopify.com/s/files/1/0702/3204/7829/files/preview_images/984167138f6c4fa99282fec736ee436a.thumbnail.000000000013d5.jpg]
[cdn.shopify.com/s/files/1/0702/3204/7829/files/preview_images/901281a316ee4144889d55944288ba8f.thumbnail.0000000000e6de.jpg]
[cdn.shopify.com/s/files/1/0702/3204/7829/files/preview_images/f4aa4f368a3146fa86ed58bd0c9ff01f.thumbnail.00000000004833.jpg]
[cdn.shopify.com/s/files/1/0702/3204/7829/files/preview_images/c82b94be27a5431ea3d83c16ff69b4ad.thumbnail.00000000004d98.jpg]
[cdn.shopify.com/s/files/1/0702/3204/7829/files/preview_images/0b890c816a9843c7a7bdd8623a5b49e2.thumbnail.0000000000832d.jpg]
[cdn.shopify.com/s/files/1/0702/3204/7829/files/preview_images/cdc9f1b335d345ed935ab9b797248f7a.thumbnail.00000000006a3b.jpg]
[cdn.shopify.com/s/files/1/0702/3204/7829/files/preview_images/796a3d6b497d47bcb7d5448ab76b7f33.thumbnail.000000000080af.jpg]
[cdn.shopify.com/s/files/1/0702/3204/7829/files/preview_images/66c2846f0a714883a7d4a71bd983b98c.thumbnail.00000000004d6c.jpg]
[cdn.shopify.com/s/files/1/0702/3204/7829/files/preview_images/3ee2e07833f14e0b91ffd84ecd2a1bf4.thumbnail.00000000008b86.jpg]
[cdn.shopify.com/s/files/1/0702/3204/7829/files/preview_images/2c8cb93f7ff94dadbfefbe1d2104603c.thumbnail.0000000000283f.jpg]
[cdn.shopify.com/s/files/1/0702/3204/7829/files/preview_images/a4d1ba6e171f4bfba40162d2105002ae.thumbnail.000000000020bc.jpg]
[cdn.shopify.com/s/files/1/0702/3204/7829/files/preview_images/6fe689d456244582a06712f2e4ae6502.thumbnail.0000000000d8d0.jpg]
[cdn.shopify.com/s/files/1/0702/3204/7829/files/preview_images/0100188c74ab4e17bc64b318e783b55e.thumbnail.000000000072bc.jpg]
[cdn.shopify.com/s/files/1/0702/3204/7829/files/preview_images/b4db975c288f4c7fa718de4c87dc8d70.thumbnail.00000000009549.jpg]
[cdn.shopify.com/s/files/1/0702/3204/7829/files/preview_images/7af875de16dc46f890c3494b2b979177.thumbnail.00000000004eb8.jpg]
[cdn.shopify.com/s/files/1/0702/3204/7829/files/preview_images/e502b8b700a84e54a9d1f62619f5a6e6.thumbnail.000000000005b0.jpg]
[cdn.shopify.com/s/files/1/0702/3204/7829/files/preview_images/95c8d53812ee403ca3a5d628c44f497f.thumbnail.0000000000b5ca.jpg]
[cdn.shopify.com/s/files/1/0702/3204/7829/files/preview_images/df389e125c8548c2ad1a3940358fcc14.thumbnail.00000000008868.jpg]
[cdn.shopify.com/s/files/1/0702/3204/7829/files/preview_images/8a03de86778c4d9b9f61c6335918db4f.thumbnail.00000000004ced.jpg]
[cdn.shopify.com/s/files/1/0702/3204/7829/files/preview_images/0fc7f4e180334d5d8b163ff20db91ae4.thumbnail.0000000000269a.jpg]
[cdn.shopify.com/s/files/1/0702/3204/7829/files/preview_images/dd74a6c23168492e82ea6b89adae06b9.thumbnail.00000000003c1d.jpg]
[cdn.shopify.com/s/files/1/0702/3204/7829/files/preview_images/2a4eb02c166b411ea7913747bd03238a.thumbnail.00000000006020.jpg]
[cdn.shopify.com/s/files/1/0702/3204/7829/files/preview_images/76e330f25bad408a9c9e0a01c254f232.thumbnail.00000000008691.jpg]
[cdn.shopify.com/s/files/1/0702/3204/7829/files/preview_images/b404e7ab51ec488b844bb523345f1d2e.thumbnail.00000000002b39.jpg]
[cdn.shopify.com/s/files/1/0702/3204/7829/files/preview_images/279efdfc59d44dada3ef6f827c2a5c5e.thumbnail.00000000005279.jpg]
[cdn.shopify.com/s/files/1/0702/3204/7829/files/preview_images/f3204e9f84e54a5e8c6d17d488d4c756.thumbnail.00000000009363.jpg]
[cdn.shopify.com/s/files/1/0702/3204/7829/files/preview_images/ae8ed3026ba8441fb0fdcf69222debe6.thumbnail.00000000008c06.jpg]
[cdn.shopify.com/s/files/1/0702/3204/7829/files/preview_images/ea9b81b5d8de4505923094417b258671.thumbnail.00000000000a1a.jpg]
[cdn.shopify.com/s/files/1/0702/3204/7829/files/preview_images/3c955328377b4839b69911770e99d85a.thumbnail.00000000007728.jpg]
[cdn.shopify.com/s/files/1/0702/3204/7829/files/preview_images/f6a873ca2cfe403b8af8586fac1ed06e.thumbnail.000000000088de.jpg]
[cdn.shopify.com/s/files/1/0702/3204/7829/files/preview_images/3e58ce390b5f49e991c05c0bd60a4cdf.thumbnail.00000000005973.jpg]
[cdn.shopify.com/s/files/1/0702/3204/7829/files/preview_images/6b3b83bcfc3c42eaa1df0bfd7110e33f.thumbnail.00000000006c45.jpg]
[cdn.shopify.com/s/files/1/0702/3204/7829/files/preview_images/9e114968b4a145759c97ff554040db5f.thumbnail.0000000000ad07.jpg]
[cdn.shopify.com/s/files/1/0702/3204/7829/files/preview_images/78788196d20349e2a91636fbe4d6b537.thumbnail.0000000000031e.jpg]
[cdn.shopify.com/s/files/1/0702/3204/7829/files/preview_images/7aadedaa596a464f9e19afe42d6ab35b.thumbnail.00000000009699.jpg]
[cdn.shopify.com/s/files/1/0702/3204/7829/files/preview_images/d6b36c1b82844cf1adc2306fee02c45d.thumbnail.000000000069c4.jpg]
[cdn.shopify.com/s/files/1/0702/3204/7829/files/preview_images/f14fa8d2d8e940708daf0b35f8c54dba.thumbnail.000000000093d6.jpg]
[cdn.shopify.com/s/files/1/0702/3204/7829/files/preview_images/25dea0378551454ab930146995890501.thumbnail.00000000000829.jpg]
[cdn.shopify.com/s/files/1/0702/3204/7829/files/preview_images/817f4af573224a8388de68df7146a1ef.thumbnail.00000000005752.jpg]
[cdn.shopify.com/s/files/1/0702/3204/7829/files/preview_images/302fb1ebb93a4a4192e31faec159cbb6.thumbnail.00000000003d5c.jpg]
[cdn.shopify.com/s/files/1/0702/3204/7829/files/preview_images/98219bcd5f214469bbe12527d818556d.thumbnail.000000000090a2.jpg]
[cdn.shopify.com/s/files/1/0702/3204/7829/files/preview_images/c500b1a5ac2a44d5a0d3494a1c9de93d.thumbnail.0000000000149b.jpg]
[cdn.shopify.com/s/files/1/0702/3204/7829/files/preview_images/9e23fc3c05274b88a73d7e9fe4795918.thumbnail.00000000001579.jpg]
[cdn.shopify.com/s/files/1/0702/3204/7829/files/preview_images/11c1ecc28adb4c42827ca184eefc40b6.thumbnail.00000000004e93.jpg]
[cdn.shopify.com/s/files/1/0702/3204/7829/files/preview_images/d9d694166ff54bbf9b76c2429dc52f9f.thumbnail.0000000000a5fa.jpg]
[cdn.shopify.com/s/files/1/0702/3204/7829/files/preview_images/7d1af10d705e4828967dcc00a80f27c6.thumbnail.00000000005752.jpg]
[cdn.shopify.com/s/files/1/0702/3204/7829/files/preview_images/93769955c5bc4be49512a7bf145fc0ae.thumbnail.00000000001513.jpg]
[cdn.shopify.com/s/files/1/0702/3204/7829/files/preview_images/d3c707a70d594f3387ae51cb73dc28ab.thumbnail.0000000000e812.jpg]
[cdn.shopify.com/s/files/1/0702/3204/7829/files/preview_images/86208c950b244595a8432746fa2ad7de.thumbnail.000000000006a5.jpg]
[cdn.shopify.com/s/files/1/0702/3204/7829/files/preview_images/55f33b9604034783acbf21cee989e49d.thumbnail.000000000094b1.jpg]
[cdn.shopify.com/s/files/1/0702/3204/7829/files/preview_images/2e88adc526f641f4972801b05e69640c.thumbnail.00000000000a21.jpg]
[cdn.shopify.com/s/files/1/0702/3204/7829/files/preview_images/528f695b509f4333b6c5c42771102e83.thumbnail.00000000003423.jpg]
[cdn.shopify.com/s/files/1/0702/3204/7829/files/preview_images/27ccb2cb9a344a068b3880ed3466d2d6.thumbnail.0000000000a645.jpg]
[cdn.shopify.com/s/files/1/0702/3204/7829/files/preview_images/4286c4a67b794630a263c51050d7f170.thumbnail.00000000001eed.jpg]
[cdn.shopify.com/s/files/1/0702/3204/7829/files/preview_images/0952def353094244b897c79b0b4b359b.thumbnail.0000000000eba3.jpg]
[cdn.shopify.com/s/files/1/0702/3204/7829/files/preview_images/938f560b966b4ae184b4f9c2bca7fa48.thumbnail.0000000000650b.jpg]
[cdn.shopify.com/s/files/1/0702/3204/7829/files/preview_images/79fa6a7ae17947ad8a96ad25197ec8fe.thumbnail.0000000000a7f2.jpg]
[cdn.shopify.com/s/files/1/0702/3204/7829/files/preview_images/a5989c704d3d4ead98c870bd17d5ed51.thumbnail.0000000000999b.jpg]
[cdn.shopify.com/s/files/1/0702/3204/7829/files/preview_images/57f70e2a1fa3415d9c0c49ac07ce6765.thumbnail.00000000007b94.jpg]
[cdn.shopify.com/s/files/1/0702/3204/7829/files/preview_images/673a27a255504a2eb7e5a7ccca529e90.thumbnail.0000000000be3f.jpg]
[cdn.shopify.com/s/files/1/0702/3204/7829/files/preview_images/46cb8e0f007c4470b8a35338c6246315.thumbnail.0000000000950c.jpg]
[cdn.shopify.com/s/files/1/0702/3204/7829/files/preview_images/70cd09004bd3402586a53f6002fed413.thumbnail.0000000000483b.jpg]
[cdn.shopify.com/s/files/1/0702/3204/7829/files/preview_images/5e780d56a2a645f48ff5752331d45857.thumbnail.000000000040c2.jpg]
[cdn.shopify.com/s/files/1/0702/3204/7829/files/preview_images/7ff4223ed6f0419fbb2d0312ac3f5052.thumbnail.00000000006471.jpg]
[cdn.shopify.com/s/files/1/0702/3204/7829/files/preview_images/78d19f3ca72443aa8180742d59fa9bf4.thumbnail.0000000000d55e.jpg]
[cdn.shopify.com/s/files/1/0702/3204/7829/files/preview_images/9599715c44944111952a1f6772830149.thumbnail.00000000003f6b.jpg]
[cdn.shopify.com/s/files/1/0702/3204/7829/files/preview_images/f272b9395c2147e181136eda664da738.thumbnail.00000000005e24.jpg]
[cdn.shopify.com/s/files/1/0702/3204/7829/files/preview_images/6827a3bff53d4fdf9f8d8c5daa4e0a25.thumbnail.0000000000ddb4.jpg]
[cdn.shopify.com/s/files/1/0702/3204/7829/files/preview_images/e3514d88b2a2459f968f689980b8fe9d.thumbnail.00000000001e80.jpg]
[cdn.shopify.com/s/files/1/0702/3204/7829/files/preview_images/f4c443632d594ed8ada5acdfebf9549b.thumbnail.000000000016f6.jpg]
[cdn.shopify.com/s/files/1/0702/3204/7829/files/preview_images/b8cfc6cbada1460cb575e9596ce5c6a2.thumbnail.0000000000ee61.jpg]
[cdn.shopify.com/s/files/1/0702/3204/7829/files/preview_images/1735ef679fcf4600aa40f05c72eaf687.thumbnail.0000000000c30a.jpg]
[cdn.shopify.com/s/files/1/0702/3204/7829/files/preview_images/4a033c3b672f41ba8cd30f721f06ec1b.thumbnail.0000000000e94b.jpg]
[cdn.shopify.com/s/files/1/0702/3204/7829/files/preview_images/f6c7e23dd7da4922b495860bff6db526.thumbnail.0000000000f647.jpg]
[cdn.shopify.com/s/files/1/0702/3204/7829/files/preview_images/6553f289cd914650b35995ae4958c1c9.thumbnail.0000000000390e.jpg]
[cdn.shopify.com/s/files/1/0702/3204/7829/files/preview_images/0f77a8ca7d1c4982beab9e0375db265f.thumbnail.00000000001f94.jpg]
[cdn.shopify.com/s/files/1/0702/3204/7829/files/preview_images/ccce26c103c94312a728884dc29a4e7c.thumbnail.0000000000201d.jpg]
[cdn.shopify.com/s/files/1/0702/3204/7829/files/preview_images/dedddbe063c5420cb7212fc0a739b6cb.thumbnail.0000000000a960.jpg]
[cdn.shopify.com/s/files/1/0702/3204/7829/files/preview_images/1868df46f1404208940b84ba9dd038be.thumbnail.00000000009715.jpg]
[cdn.shopify.com/s/files/1/0702/3204/7829/files/preview_images/9e98835694774c7f87b41cb7f3d8375f.thumbnail.00000000004cbf.jpg]
[cdn.shopify.com/s/files/1/0702/3204/7829/files/preview_images/72565a19959c4bf3b9cec43f5e7cb461.thumbnail.0000000000b349.jpg]
[cdn.shopify.com/s/files/1/0702/3204/7829/files/preview_images/31166f5996f84f1a91c316e3406d4275.thumbnail.000000000034dc.jpg]
[cdn.shopify.com/s/files/1/0702/3204/7829/files/preview_images/7655ce7706364e54b90fa9b294c912b5.thumbnail.000000000058f4.jpg]
[cdn.shopify.com/s/files/1/0702/3204/7829/files/preview_images/28cabc0449584091aa8d645cb12731a5.thumbnail.00000000001aca.jpg]
[cdn.shopify.com/s/files/1/0702/3204/7829/files/preview_images/486c6633569144e39fa47f9b46bce0a0.thumbnail.0000000000efe6.jpg]
[cdn.shopify.com/s/files/1/0702/3204/7829/files/preview_images/fd220f80fd34499e960381850cdce300.thumbnail.000000000084f3.jpg]
[cdn.shopify.com/s/files/1/0702/3204/7829/files/preview_images/91938eaaa864434eb54024248f77e51e.thumbnail.00000000001a18.jpg]
[cdn.shopify.com/s/files/1/0702/3204/7829/files/preview_images/eadc44b3deb343e68ad2b01bc8990c65.thumbnail.00000000003e7b.jpg]
[cdn.shopify.com/s/files/1/0702/3204/7829/files/preview_images/e8cd962eae174be79b6ce1fd25443b3e.thumbnail.00000000003203.jpg]
[cdn.shopify.com/s/files/1/0702/3204/7829/files/preview_images/6ec73a9546d84d30b938c1ec07af404f.thumbnail.00000000004edc.jpg]
[cdn.shopify.com/s/files/1/0702/3204/7829/files/preview_images/ab936287e32d4bb1bdc304edcbbd85c0.thumbnail.00000000008ff3.jpg]
[cdn.shopify.com/s/files/1/0702/3204/7829/files/preview_images/dd234247ed6b403c91e7a14b9e634670.thumbnail.0000000000ac13.jpg]
[cdn.shopify.com/s/files/1/0702/3204/7829/files/preview_images/b3ab8dd211054ab6b70f0b6f100de742.thumbnail.00000000004eae.jpg]
[cdn.shopify.com/s/files/1/0702/3204/7829/files/preview_images/3da6707eb9ca47f99ce71b1830958423.thumbnail.0000000000b249.jpg]
[cdn.shopify.com/s/files/1/0702/3204/7829/files/preview_images/afe8e6c122e4472297807472430e8531.thumbnail.0000000000f6c9.jpg]
[cdn.shopify.com/s/files/1/0702/3204/7829/files/preview_images/b0e4f8ab413344a4b961118f0f3ca333.thumbnail.0000000000ea5f.jpg]
[cdn.shopify.com/s/files/1/0702/3204/7829/files/preview_images/19ec7b342c59458d898b6894f7eb185d.thumbnail.000000000030cd.jpg]
[cdn.shopify.com/s/files/1/0702/3204/7829/files/preview_images/060d6669ee504d3589fb912ffcb19774.thumbnail.000000000058d9.jpg]
[cdn.shopify.com/s/files/1/0702/3204/7829/files/preview_images/719b69fb16cd48e68451c0ccadcb3bc0.thumbnail.0000000000e169.jpg]
[cdn.shopify.com/s/files/1/0702/3204/7829/files/preview_images/703ca2a1074a41218b66233c6b7e7281.thumbnail.0000000000f91a.jpg]
[cdn.shopify.com/s/files/1/0702/3204/7829/files/preview_images/624d05ddd3dc418eba4820d1861444df.thumbnail.0000000000615a.jpg]
[cdn.shopify.com/s/files/1/0702/3204/7829/files/preview_images/768da3fd8e19493cb0408b8411b29fc4.thumbnail.0000000000b26f.jpg]
[cdn.shopify.com/s/files/1/0702/3204/7829/files/preview_images/efda36360f964baa9f66cfb4ee67e2f6.thumbnail.00000000009d4d.jpg]
[cdn.shopify.com/s/files/1/0702/3204/7829/files/preview_images/3691a6123244465e856b21e46d0903ac.thumbnail.0000000000ba5d.jpg]
[cdn.shopify.com/s/files/1/0702/3204/7829/files/preview_images/3711cb1a9f594f898a4156b8e3a53fb8.thumbnail.00000000002281.jpg]
[cdn.shopify.com/s/files/1/0702/3204/7829/files/preview_images/c067787808aa478b86a2a144d31be07a.thumbnail.0000000000cbea.jpg]
[cdn.shopify.com/s/files/1/0702/3204/7829/files/preview_images/9635bb868c2f461281e5be2216393717.thumbnail.0000000000057d.jpg]
[cdn.shopify.com/s/files/1/0702/3204/7829/files/preview_images/18485fde0159468290b3620da6cfab1f.thumbnail.00000000009774.jpg]
[cdn.shopify.com/s/files/1/0702/3204/7829/files/preview_images/7441bfacee5e4c6da1b8db7734be07ed.thumbnail.00000000009e18.jpg]
[cdn.shopify.com/s/files/1/0702/3204/7829/files/preview_images/927048f5e52c4a93a9cf30ac40d3318a.thumbnail.0000000000300b.jpg]
[cdn.shopify.com/s/files/1/0702/3204/7829/files/preview_images/c277a06ffa70497194bcb5edb1d986e2.thumbnail.0000000000b4e0.jpg]
[cdn.shopify.com/s/files/1/0702/3204/7829/files/preview_images/9964c36bd70244989d5b5bc8fc7330ad.thumbnail.0000000000b4cc.jpg]
[cdn.shopify.com/s/files/1/0702/3204/7829/files/preview_images/820b044cbcaf42c188ed0be2ec923cd3.thumbnail.000000000093d0.jpg]
[cdn.shopify.com/s/files/1/0702/3204/7829/files/preview_images/69b88ed8e8854c048fed5fad25a66cc8.thumbnail.0000000000fbed.jpg]
[cdn.shopify.com/s/files/1/0702/3204/7829/files/preview_images/7299cf46dbfd4e45ac51cbe01d4d96eb.thumbnail.0000000000eeb4.jpg]
[cdn.shopify.com/s/files/1/0702/3204/7829/files/preview_images/47ae55d1456a42a9b0c76eb898518fa2.thumbnail.00000000006ba9.jpg]
[cdn.shopify.com/s/files/1/0702/3204/7829/files/preview_images/d1800dd651b4491984fd8cf4a590ccdd.thumbnail.00000000008550.jpg]
[cdn.shopify.com/s/files/1/0702/3204/7829/files/preview_images/dcc22a3073704892a6c0e77a9aeea4d7.thumbnail.0000000000f621.jpg]
[cdn.shopify.com/s/files/1/0702/3204/7829/files/preview_images/f6e1e6f7bb48444a9657a1eb0cab80f2.thumbnail.0000000000ed4d.jpg]
[cdn.shopify.com/s/files/1/0702/3204/7829/files/preview_images/01848cf0cb6545d7b3cbe12829327adc.thumbnail.00000000009dff.jpg]
[cdn.shopify.com/s/files/1/0702/3204/7829/files/preview_images/92e0a40a86f64c9a8415f67a69e39055.thumbnail.0000000000930f.jpg]
[cdn.shopify.com/s/files/1/0702/3204/7829/files/preview_images/efd51ac733a3403f86374c2f61bb6e34.thumbnail.000000000090a2.jpg]
[cdn.shopify.com/s/files/1/0702/3204/7829/files/preview_images/9769e72b1abb495699e9ebd23b7618d7.thumbnail.00000000009aa8.jpg]
[cdn.shopify.com/s/files/1/0702/3204/7829/files/preview_images/2babf250655d4a78ab7414e413d87ef0.thumbnail.00000000003dde.jpg]
[cdn.shopify.com/s/files/1/0702/3204/7829/files/preview_images/97e2a6fd7fbd46b49a60ec752cfcdaa7.thumbnail.0000000000f861.jpg]
[cdn.shopify.com/s/files/1/0702/3204/7829/files/preview_images/9a54a6d8f9fc404c99e577de32cbd765.thumbnail.00000000004600.jpg]
[www.shopify.com/editions/winter2025.html]
[www.shopify.com/editions/shopify-w26-emoji-pack.html]
[cdn.shopify.com/s/files/1/0687/4942/6943/files/share_image1d32.jpg]
[cdn.shopify.com/oxygen-v2/30648/20682/42778/4074628/assets/tailwind-BK5uxXrx.css]
[cdn.shopify.com/s/files/1/0687/4942/6943/files/favicone585.png]
[www.shopify.com/editions/summer2024b280.html]
[cdn.shopify.com/s/files/1/0687/4942/6943/files/Magic_Gen_4_3b652.png]
[cdn.shopify.com/s/files/1/0687/4942/6943/files/Magic_Gen_4_3cc71.png]
[cdn.shopify.com/s/files/1/0687/4942/6943/files/Magic_Gen_4_34be5.png]
[cdn.shopify.com/s/files/1/0687/4942/6943/files/Magic_Gen_4_3b4ff.png]
[cdn.shopify.com/s/files/1/0687/4942/6943/files/Magic_Gen_4_37eac.png]
[cdn.shopify.com/s/files/1/0687/4942/6943/files/Magic_Gen_4_34d9d.png]
[cdn.shopify.com/s/files/1/0687/4942/6943/files/Magic_Gen_4_30f86.png]
[cdn.shopify.com/oxygen-v2/30648/20682/42778/4074628/assets/manifest-c8f90296.js]
[cdn.shopify.com/oxygen-v2/30648/20682/42778/4074628/assets/entry.client-BaON5f5k.js]
[cdn.shopify.com/oxygen-v2/30648/20682/42778/4074628/assets/components-DAw3o7VS.js]
[cdn.shopify.com/oxygen-v2/30648/20682/42778/4074628/assets/root-g-o-nBzE.js]
[cdn.shopify.com/oxygen-v2/30648/20682/42778/4074628/assets/constants-pkhPV5DT.js]
[cdn.shopify.com/oxygen-v2/30648/20682/42778/4074628/assets/root-CQZA3hiq.js]
[cdn.shopify.com/oxygen-v2/30648/20682/42778/4074628/assets/(_locale).editions.summer2024._index-DUF34sgK.js]
[cdn.shopify.com/s/files/1/0687/4942/6943/files/Glen-Preroll-16x9bd89.jpg]
[cdn.shopify.com/s/files/1/0687/4942/6943/files/Glen-Preroll-Mobile-9x13ef2f.jpg]
[cdn.shopify.com/s/files/1/0687/4942/6943/files/Markets-home-featued-16x94598.jpg]
[cdn.shopify.com/s/files/1/0687/4942/6943/files/Markets-home-featued-9x13260c.jpg]
[cdn.shopify.com/s/files/1/0687/4942/6943/files/Split-Cart-Preroll-16x99777.jpg]
[cdn.shopify.com/s/files/1/0687/4942/6943/files/Split-Cart-Preroll-9x137fef.jpg]
[cdn.shopify.com/s/files/1/0687/4942/6943/files/Magic-Preroll-16x9e0b6.jpg]
[cdn.shopify.com/s/files/1/0687/4942/6943/files/Magic-Preroll-Mobile-9x134d36.jpg]
[cdn.shopify.com/s/files/1/0687/4942/6943/files/Sidekick_a4622bab-3739-49e0-a865-4155c5c4e40c4c90.png]
[cdn.shopify.com/s/files/1/0687/4942/6943/files/Analytics-16x9ad39.jpg]
[cdn.shopify.com/s/files/1/0687/4942/6943/files/Analytics-9x13322e.jpg]
[cdn.shopify.com/s/files/1/0687/4942/6943/files/OnlineStore-Preroll-16x91ae6.jpg]
[cdn.shopify.com/s/files/1/0687/4942/6943/files/themeBlocks1e6bb.png]
[cdn.shopify.com/s/files/1/0687/4942/6943/files/themeBlocks2e6bb.png]
[cdn.shopify.com/s/files/1/0687/4942/6943/files/themeBlocks3e6bb.png]
[cdn.shopify.com/s/files/1/0687/4942/6943/files/themeBlocks4e6bb.png]
[cdn.shopify.com/s/files/1/0687/4942/6943/files/OnlineStore-Preroll-Mobile-9x13a3cd.jpg]
[cdn.shopify.com/s/files/1/0687/4942/6943/files/Utopia-Preroll-16x9e85a.jpg]
[cdn.shopify.com/s/files/1/0687/4942/6943/files/Utopia-Preroll-Mobile-9x13a833.jpg]
[cdn.shopify.com/s/files/1/0687/4942/6943/files/Markets-Pro-16x98f47.jpg]
[cdn.shopify.com/s/files/1/0687/4942/6943/files/Markets-Pro-9x13790f.jpg]
[cdn.shopify.com/s/files/1/0687/4942/6943/files/Local-Pickup-Preroll-16x9c7c8.jpg]
[cdn.shopify.com/s/files/1/0687/4942/6943/files/Local-Pickup-Preroll-9x131f42.jpg]
[cdn.shopify.com/s/files/1/0687/4942/6943/files/POS-Preroll-16x9884a.jpg]
[cdn.shopify.com/s/files/1/0687/4942/6943/files/customerReceiptSelectionAsset137fa.png]
[cdn.shopify.com/s/files/1/0687/4942/6943/files/customerReceiptSelectionAsset44f17.png]
[cdn.shopify.com/s/files/1/0687/4942/6943/files/customerReceiptSelectionAsset537fa.png]
[cdn.shopify.com/s/files/1/0687/4942/6943/files/customerReceiptSelectionAsset74f17.png]
[cdn.shopify.com/s/files/1/0687/4942/6943/files/customerReceiptSelectionAsset237fa.png]
[cdn.shopify.com/s/files/1/0687/4942/6943/files/customerReceiptSelectionAsset637fa.png]
[cdn.shopify.com/s/files/1/0687/4942/6943/files/customerReceiptSelectionAsset34058.jpg]
[cdn.shopify.com/s/files/1/0687/4942/6943/files/POS-Preroll-Mobile-9x1387cd.jpg]
[cdn.shopify.com/s/files/1/0687/4942/6943/files/Markets-Preroll-16x9862c.jpg]
[cdn.shopify.com/s/files/1/0687/4942/6943/files/Markets-Preroll-Mobile-9x13dc2f.jpg]
[cdn.shopify.com/s/files/1/0687/4942/6943/files/marketsInHomeAsset190a9.png]
[cdn.shopify.com/s/files/1/0687/4942/6943/files/marketsInHomeAsset290a9.png]
[cdn.shopify.com/s/files/1/0687/4942/6943/files/marketsInHomeAsset390a9.png]
[cdn.shopify.com/s/files/1/0687/4942/6943/files/marketsInHomeAsset490a9.png]
[cdn.shopify.com/s/files/1/0687/4942/6943/files/marketsInHomeAsset590a9.png]
[cdn.shopify.com/s/files/1/0687/4942/6943/files/marketsInHomeAsset690a9.png]
[cdn.shopify.com/s/files/1/0687/4942/6943/files/Markets_Home_233a27d2-2b33-4f49-bf24-88d7ba671e63d51f.png]
[cdn.shopify.com/s/files/1/0687/4942/6943/files/b2bRegions149b8.png]
[cdn.shopify.com/s/files/1/0687/4942/6943/files/b2bRegions249b8.png]
[cdn.shopify.com/s/files/1/0687/4942/6943/files/b2bRegions349b8.png]
[cdn.shopify.com/s/files/1/0687/4942/6943/files/b2bRegions449b8.png]
[cdn.shopify.com/s/files/1/0687/4942/6943/files/b2bRegions549b8.png]
[cdn.shopify.com/s/files/1/0687/4942/6943/files/B2B_retail501e.png]
[cdn.shopify.com/s/files/1/0687/4942/6943/files/signInWithShopAsset15a94.png]
[cdn.shopify.com/s/files/1/0687/4942/6943/files/signInWithShopAsset2a239.png]
[cdn.shopify.com/s/files/1/0687/4942/6943/files/signInWithShopAsset3a239.png]
[cdn.shopify.com/s/files/1/0687/4942/6943/files/signInWithShopAsset4a239.png]
[cdn.shopify.com/s/files/1/0687/4942/6943/files/Signinwithshop1b0e.png]
[cdn.shopify.com/s/files/1/0687/4942/6943/files/taxonomybluechair5d56.png]
[cdn.shopify.com/s/files/1/0687/4942/6943/files/taxonomypinkchair5d56.png]
[cdn.shopify.com/s/files/1/0687/4942/6943/files/taxonomyyellowchair5d56.png]
[cdn.shopify.com/s/files/1/0687/4942/6943/files/Taxonomy_GA_c5ea2407-cc21-47d9-b495-81f8301191b98a58.png]
[cdn.shopify.com/s/files/1/0687/4942/6943/files/searchAndDiscoveryAsset14c11.png]
[cdn.shopify.com/s/files/1/0687/4942/6943/files/searchAndDiscoveryAsset104c11.png]
[cdn.shopify.com/s/files/1/0687/4942/6943/files/searchAndDiscoveryAsset11fb74.png]
[cdn.shopify.com/s/files/1/0687/4942/6943/files/searchAndDiscoveryAsset12fb74.png]
[cdn.shopify.com/s/files/1/0687/4942/6943/files/searchAndDiscoveryAsset13fb74.png]
[cdn.shopify.com/s/files/1/0687/4942/6943/files/searchAndDiscoveryAsset154c11.png]
[cdn.shopify.com/s/files/1/0687/4942/6943/files/searchAndDiscoveryAsset16fb74.png]
[cdn.shopify.com/s/files/1/0687/4942/6943/files/searchAndDiscoveryAsset174c11.png]
[cdn.shopify.com/s/files/1/0687/4942/6943/files/searchAndDiscoveryAsset184c11.png]
[cdn.shopify.com/s/files/1/0687/4942/6943/files/searchAndDiscoveryAsset19fb74.png]
[cdn.shopify.com/s/files/1/0687/4942/6943/files/searchAndDiscoveryAsset2fb74.png]
[cdn.shopify.com/s/files/1/0687/4942/6943/files/searchAndDiscoveryAsset20fb74.png]
[cdn.shopify.com/s/files/1/0687/4942/6943/files/searchAndDiscoveryAsset21fb74.png]
[cdn.shopify.com/s/files/1/0687/4942/6943/files/searchAndDiscoveryAsset3fb74.png]
[cdn.shopify.com/s/files/1/0687/4942/6943/files/searchAndDiscoveryAsset44c11.png]
[cdn.shopify.com/s/files/1/0687/4942/6943/files/searchAndDiscoveryAsset54c11.png]
[cdn.shopify.com/s/files/1/0687/4942/6943/files/searchAndDiscoveryAsset6fb74.png]
[cdn.shopify.com/s/files/1/0687/4942/6943/files/searchAndDiscoveryAsset7fb74.png]
[cdn.shopify.com/s/files/1/0687/4942/6943/files/searchAndDiscoveryAsset84c11.png]
[cdn.shopify.com/s/files/1/0687/4942/6943/files/searchAndDiscoveryAsset9fb74.png]
[cdn.shopify.com/s/files/1/0687/4942/6943/files/searchAndDiscoveryAsset146e3e.png]
[cdn.shopify.com/s/files/1/0687/4942/6943/files/search_and_discovery-new4dd1.png]
[cdn.shopify.com/s/files/1/0687/4942/6943/files/combinedListingsAsset13cb83.png]
[cdn.shopify.com/s/files/1/0687/4942/6943/files/combinedListingsAsset14cb83.png]
[cdn.shopify.com/s/files/1/0687/4942/6943/files/combinedListingsAsset17cb83.png]
[cdn.shopify.com/s/files/1/0687/4942/6943/files/combinedListingsAsset19cb83.png]
[cdn.shopify.com/s/files/1/0687/4942/6943/files/combinedListingsAsset2cb83.png]
[cdn.shopify.com/s/files/1/0687/4942/6943/files/combinedListingsAsset21cb83.png]
[cdn.shopify.com/s/files/1/0687/4942/6943/files/combinedListingsAsset22cb83.png]
[cdn.shopify.com/s/files/1/0687/4942/6943/files/combinedListingsAsset7cb83.png]
[cdn.shopify.com/s/files/1/0687/4942/6943/files/combinedListingsAsset8cb83.png]
[cdn.shopify.com/s/files/1/0687/4942/6943/files/combinedListingsAsset9cb83.png]
[cdn.shopify.com/s/files/1/0687/4942/6943/files/combinedListingsAsset1cb83.png]
[cdn.shopify.com/s/files/1/0687/4942/6943/files/combinedListingsAsset10cb83.png]
[cdn.shopify.com/s/files/1/0687/4942/6943/files/combinedListingsAsset116e3d.png]
[cdn.shopify.com/s/files/1/0687/4942/6943/files/combinedListingsAsset12cb83.png]
[cdn.shopify.com/s/files/1/0687/4942/6943/files/combinedListingsAsset15cb83.png]
[cdn.shopify.com/s/files/1/0687/4942/6943/files/combinedListingsAsset166e3d.png]
[cdn.shopify.com/s/files/1/0687/4942/6943/files/combinedListingsAsset18cb83.png]
[cdn.shopify.com/s/files/1/0687/4942/6943/files/combinedListingsAsset20cb83.png]
[cdn.shopify.com/s/files/1/0687/4942/6943/files/combinedListingsAsset3cb83.png]
[cdn.shopify.com/s/files/1/0687/4942/6943/files/combinedListingsAsset4cb83.png]
[cdn.shopify.com/s/files/1/0687/4942/6943/files/combinedListingsAsset5cb83.png]
[cdn.shopify.com/s/files/1/0687/4942/6943/files/combinedListingsAsset6cb83.png]
[cdn.shopify.com/s/files/1/0687/4942/6943/files/Combinedlistings94a6.png]
[cdn.shopify.com/s/files/1/0687/4942/6943/files/storeCreditAsset1d07a.png]
[cdn.shopify.com/s/files/1/0687/4942/6943/files/storeCreditAsset21e37.png]
[cdn.shopify.com/s/files/1/0687/4942/6943/files/storeCreditAsset3d07a.png]
[cdn.shopify.com/s/files/1/0687/4942/6943/files/Store_Credit_f95faa2b-a627-4f2d-abc0-e57d1457479e2a5a.png]
[cdn.shopify.com/s/files/1/0687/4942/6943/files/rumEvents1a1ef.png]
[cdn.shopify.com/s/files/1/0687/4942/6943/files/rumEvents2a1ef.png]
[cdn.shopify.com/s/files/1/0687/4942/6943/files/RUM_EVENTS_72072d12-29b0-4402-b5c6-6bb29b48216fc9e8.png]
[cdn.shopify.com/s/files/1/0687/4942/6943/files/checkoutValidation13cc7.png]
[cdn.shopify.com/s/files/1/0687/4942/6943/files/checkoutValidation250cc.png]
[cdn.shopify.com/s/files/1/0687/4942/6943/files/checkoutValidation361b9.png]
[cdn.shopify.com/s/files/1/0687/4942/6943/files/checkoutValidation4d799.png]
[cdn.shopify.com/s/files/1/0687/4942/6943/files/Checkout_validation_e98ab509-e315-4d56-bf5a-e479c38a20d0390b.png]
[cdn.shopify.com/s/files/1/0687/4942/6943/files/Email_captured7b7.png]
[cdn.shopify.com/s/files/1/0687/4942/6943/files/marketPosAsset66d0e.png]
[cdn.shopify.com/s/files/1/0687/4942/6943/files/marketPosAsset11f19.png]
[cdn.shopify.com/s/files/1/0687/4942/6943/files/marketPosAsset101f19.png]
[cdn.shopify.com/s/files/1/0687/4942/6943/files/marketPosAsset111f19.png]
[cdn.shopify.com/s/files/1/0687/4942/6943/files/marketPosAsset121f19.png]
[cdn.shopify.com/s/files/1/0687/4942/6943/files/marketPosAsset131f19.png]
[cdn.shopify.com/s/files/1/0687/4942/6943/files/marketPosAsset141f19.png]
[cdn.shopify.com/s/files/1/0687/4942/6943/files/marketPosAsset21f19.png]
[cdn.shopify.com/s/files/1/0687/4942/6943/files/marketPosAsset31f19.png]
[cdn.shopify.com/s/files/1/0687/4942/6943/files/marketPosAsset46d0e.png]
[cdn.shopify.com/s/files/1/0687/4942/6943/files/marketPosAsset56d0e.png]
[cdn.shopify.com/s/files/1/0687/4942/6943/files/marketPosAsset71f19.png]
[cdn.shopify.com/s/files/1/0687/4942/6943/files/marketPosAsset81f19.png]
[cdn.shopify.com/s/files/1/0687/4942/6943/files/marketPosAsset91f19.png]
[cdn.shopify.com/s/files/1/0687/4942/6943/files/Unique_catalogs2b8b.png]
[cdn.shopify.com/s/files/1/0687/4942/6943/files/returnRulesAsset1ae0a.png]
[cdn.shopify.com/s/files/1/0687/4942/6943/files/returnRulesAsset2ae0a.png]
[cdn.shopify.com/s/files/1/0687/4942/6943/files/returnRulesAsset3ae0a.png]
[cdn.shopify.com/s/files/1/0687/4942/6943/files/returnRulesAsset4ae0a.png]
[cdn.shopify.com/s/files/1/0687/4942/6943/files/returnRulesAsset5ae0a.png]
[cdn.shopify.com/s/files/1/0687/4942/6943/files/returnRulesAsset6ae0a.png]
[cdn.shopify.com/s/files/1/0687/4942/6943/files/Return_Rules_68228ed0-9d75-4239-b7fe-c8bf5a90858358d3.png]
[cdn.shopify.com/s/files/1/0687/4942/6943/files/bxgyAsset1ec24.png]
[cdn.shopify.com/s/files/1/0687/4942/6943/files/bxgyAsset2ec24.png]
[cdn.shopify.com/s/files/1/0687/4942/6943/files/bxgyAsset3ec24.png]
[cdn.shopify.com/s/files/1/0687/4942/6943/files/BOGOfb0b.png]
[cdn.shopify.com/s/files/1/0687/4942/6943/files/combinedDiscountsAsset30058.png]
[cdn.shopify.com/s/files/1/0687/4942/6943/files/combinedDiscountsAsset10058.png]
[cdn.shopify.com/s/files/1/0687/4942/6943/files/combinedDiscountsAsset20058.png]
[cdn.shopify.com/s/files/1/0687/4942/6943/files/combinedDiscountsAsset40058.png]
[cdn.shopify.com/s/files/1/0687/4942/6943/files/combined_discounts_ad2e7d9e-ccac-47f5-a818-d697a33be10e22c4.png]
[cdn.shopify.com/s/files/1/0687/4942/6943/files/tradeThemeAsset15002.png]
[cdn.shopify.com/s/files/1/0687/4942/6943/files/tradeThemeAsset105002.png]
[cdn.shopify.com/s/files/1/0687/4942/6943/files/tradeThemeAsset115002.png]
[cdn.shopify.com/s/files/1/0687/4942/6943/files/tradeThemeAsset125002.png]
[cdn.shopify.com/s/files/1/0687/4942/6943/files/tradeThemeAsset13a026.png]
[cdn.shopify.com/s/files/1/0687/4942/6943/files/tradeThemeAsset145002.png]
[cdn.shopify.com/s/files/1/0687/4942/6943/files/tradeThemeAsset155002.png]
[cdn.shopify.com/s/files/1/0687/4942/6943/files/tradeThemeAsset2a026.png]
[cdn.shopify.com/s/files/1/0687/4942/6943/files/tradeThemeAsset35002.png]
[cdn.shopify.com/s/files/1/0687/4942/6943/files/tradeThemeAsset45002.png]
[cdn.shopify.com/s/files/1/0687/4942/6943/files/tradeThemeAsset55002.png]
[cdn.shopify.com/s/files/1/0687/4942/6943/files/tradeThemeAsset6a026.png]
[cdn.shopify.com/s/files/1/0687/4942/6943/files/tradeThemeAsset75002.png]
[cdn.shopify.com/s/files/1/0687/4942/6943/files/tradeThemeAsset85002.png]
[cdn.shopify.com/s/files/1/0687/4942/6943/files/tradeThemeAsset95002.png]
[cdn.shopify.com/s/files/1/0687/4942/6943/files/b2b_trade_theme2317.png]
[cdn.shopify.com/s/files/1/0687/4942/6943/files/storeContextualizationAsset1a13c.png]
[cdn.shopify.com/s/files/1/0687/4942/6943/files/storeContextualizationAsset2a13c.png]
[cdn.shopify.com/s/files/1/0687/4942/6943/files/storeContextualizationAsset3a13c.png]
[cdn.shopify.com/s/files/1/0687/4942/6943/files/storeContextualizationAsset4a13c.png]
[cdn.shopify.com/s/files/1/0687/4942/6943/files/storeContextualizationAsset5a13c.png]
[cdn.shopify.com/s/files/1/0687/4942/6943/files/storeContextualizationAsset6a13c.png]
[cdn.shopify.com/s/files/1/0687/4942/6943/files/storeContextualizationAsset7a13c.png]
[cdn.shopify.com/s/files/1/0687/4942/6943/files/Contextualize_B2B_9a387edc-3a80-4833-8f33-ad7d3411feb8dea2.png]
[cdn.shopify.com/s/files/1/0687/4942/6943/files/depositsAtCheckoutAsset1040c.png]
[cdn.shopify.com/s/files/1/0687/4942/6943/files/depositsAtCheckoutAsset2040c.png]
[cdn.shopify.com/s/files/1/0687/4942/6943/files/depositsAtCheckoutAsset3040c.png]
[cdn.shopify.com/s/files/1/0687/4942/6943/files/Deposits_at_checkout830c.png]
[cdn.shopify.com/s/files/1/0687/4942/6943/files/dynamicShippingRateAsset28980.png]
[cdn.shopify.com/s/files/1/0687/4942/6943/files/dynamicShippingRateAsset48980.png]
[cdn.shopify.com/s/files/1/0687/4942/6943/files/dynamicShippingRateAsset38980.png]
[cdn.shopify.com/s/files/1/0687/4942/6943/files/dynamicShippingRateAsset18980.png]
[cdn.shopify.com/s/files/1/0687/4942/6943/files/Dynamic_supplier_eb54dd0a-9299-463f-83b8-54c01255c65c4177.png]
[cdn.shopify.com/s/files/1/0687/4942/6943/files/Dynamic_supplier_512603d3-5bc0-4bfa-bcbf-2fe78361d0b4f57f.png]
[cdn.shopify.com/s/files/1/0687/4942/6943/files/bulkproduct18416.png]
[cdn.shopify.com/s/files/1/0687/4942/6943/files/bulkproduct10f2a5.png]
[cdn.shopify.com/s/files/1/0687/4942/6943/files/bulkproduct118416.png]
[cdn.shopify.com/s/files/1/0687/4942/6943/files/bulkproduct12f2a5.png]
[cdn.shopify.com/s/files/1/0687/4942/6943/files/bulkproduct138416.png]
[cdn.shopify.com/s/files/1/0687/4942/6943/files/bulkproduct14f2a5.png]
[cdn.shopify.com/s/files/1/0687/4942/6943/files/bulkproduct158416.png]
[cdn.shopify.com/s/files/1/0687/4942/6943/files/bulkproduct168416.png]
[cdn.shopify.com/s/files/1/0687/4942/6943/files/bulkproduct178416.png]
[cdn.shopify.com/s/files/1/0687/4942/6943/files/bulkproduct18f2a5.png]
[cdn.shopify.com/s/files/1/0687/4942/6943/files/bulkproduct19f2a5.png]
[cdn.shopify.com/s/files/1/0687/4942/6943/files/bulkproduct2f2a5.png]
[cdn.shopify.com/s/files/1/0687/4942/6943/files/bulkproduct208416.png]
[cdn.shopify.com/s/files/1/0687/4942/6943/files/bulkproduct218416.png]
[cdn.shopify.com/s/files/1/0687/4942/6943/files/bulkproduct228416.png]
[cdn.shopify.com/s/files/1/0687/4942/6943/files/bulkproduct23f2a5.png]
[cdn.shopify.com/s/files/1/0687/4942/6943/files/bulkproduct248416.png]
[cdn.shopify.com/s/files/1/0687/4942/6943/files/bulkproduct258416.png]
[cdn.shopify.com/s/files/1/0687/4942/6943/files/bulkproduct268416.png]
[cdn.shopify.com/s/files/1/0687/4942/6943/files/bulkproduct38416.png]
[cdn.shopify.com/s/files/1/0687/4942/6943/files/bulkproduct48416.png]
[cdn.shopify.com/s/files/1/0687/4942/6943/files/bulkproduct58416.png]
[cdn.shopify.com/s/files/1/0687/4942/6943/files/bulkproduct68416.png]
[cdn.shopify.com/s/files/1/0687/4942/6943/files/bulkproduct78416.png]
[cdn.shopify.com/s/files/1/0687/4942/6943/files/bulkproduct88416.png]
[cdn.shopify.com/s/files/1/0687/4942/6943/files/bulkproduct98416.png]
[cdn.shopify.com/s/files/1/0687/4942/6943/files/manage_in_bulk_6664ca0b-97d4-45ac-8e1f-cc53ac65a70e8fd5.png]
[cdn.shopify.com/s/files/1/0687/4942/6943/files/dutiesAsset1f93c.png]
[cdn.shopify.com/s/files/1/0687/4942/6943/files/dutiesc0dc.png]
[cdn.shopify.com/s/files/1/0687/4942/6943/files/regionalSellingRestrictionsAsset139d4.png]
[cdn.shopify.com/s/files/1/0687/4942/6943/files/regionalSellingRestrictionsAsset239d4.png]
[cdn.shopify.com/s/files/1/0687/4942/6943/files/regionalSellingRestrictionsAsset339d4.png]
[cdn.shopify.com/s/files/1/0687/4942/6943/files/regional_restrictionsfba5.png]
[cdn.shopify.com/s/files/1/0687/4942/6943/files/orderEditingAsset1e3c2.png]
[cdn.shopify.com/s/files/1/0687/4942/6943/files/orderEditingAsset2e3c2.png]
[cdn.shopify.com/s/files/1/0687/4942/6943/files/orderEditingAsset3e3c2.png]
[cdn.shopify.com/s/files/1/0687/4942/6943/files/edit_ordersef4d.png]
[cdn.shopify.com/s/files/1/0687/4942/6943/files/upsAsset1d33c.png]
[cdn.shopify.com/s/files/1/0687/4942/6943/files/upsAsset2d33c.png]
[cdn.shopify.com/s/files/1/0687/4942/6943/files/UPS_bedd4e56-9de7-44fe-b2ba-a83d24fc8d3fc9a1.png]
[cdn.shopify.com/s/files/1/0687/4942/6943/files/business_entity95a8.png]
[cdn.shopify.com/s/files/1/0687/4942/6943/files/expand_markets301b.png]
[cdn.shopify.com/s/files/1/0687/4942/6943/files/japanThemeAsset1488c.png]
[cdn.shopify.com/s/files/1/0687/4942/6943/files/japanThemeAsset2488c.png]
[cdn.shopify.com/s/files/1/0687/4942/6943/files/japanThemeAsset3488c.png]
[cdn.shopify.com/s/files/1/0687/4942/6943/files/japanThemeAsset4488c.png]
[cdn.shopify.com/s/files/1/0687/4942/6943/files/japanThemeAsset5488c.png]
[cdn.shopify.com/s/files/1/0687/4942/6943/files/japanThemeAsset6488c.png]
[cdn.shopify.com/s/files/1/0687/4942/6943/files/japanThemeAsset7488c.png]
[cdn.shopify.com/s/files/1/0687/4942/6943/files/japanThemeAsset8488c.png]
[cdn.shopify.com/s/files/1/0687/4942/6943/files/japanThemeAsset9d0ff.png]
[cdn.shopify.com/s/files/1/0687/4942/6943/files/japan_theme_99b0d516-29bf-4642-a214-16343f5a23c17086.png]
[cdn.shopify.com/s/files/1/0687/4942/6943/files/checkoutblocksasset117ad.png]
[cdn.shopify.com/s/files/1/0687/4942/6943/files/checkoutblocksasset2303d.png]
[cdn.shopify.com/s/files/1/0687/4942/6943/files/checkoutblocksasset317ad.png]
[cdn.shopify.com/s/files/1/0687/4942/6943/files/checkoutblocksasset4303d.png]
[cdn.shopify.com/s/files/1/0687/4942/6943/files/Checkout_blocks_7e12302b-b2d0-4a48-9682-f50e4a9379b8d5c8.png]
[cdn.shopify.com/s/files/1/0687/4942/6943/files/checkoutAccountEditorAsset12396.png]
[cdn.shopify.com/s/files/1/0687/4942/6943/files/checkoutAccountEditorAsset22396.png]
[cdn.shopify.com/s/files/1/0687/4942/6943/files/checkoutAccountEditorAsset32396.png]
[cdn.shopify.com/s/files/1/0687/4942/6943/files/Checkout_customization_d2fc9c6c-ab73-43c4-aaf9-c3ebd6449f9364b5.png]
[cdn.shopify.com/s/files/1/0687/4942/6943/files/paymentPerFulfillmentAsset167c7.png]
[cdn.shopify.com/s/files/1/0687/4942/6943/files/paymentPerFulfillmentAsset267c7.png]
[cdn.shopify.com/s/files/1/0687/4942/6943/files/paymentPerFulfillmentAsset367c7.png]
[cdn.shopify.com/s/files/1/0687/4942/6943/files/paymentPerFulfillmentAsset467c7.png]
[cdn.shopify.com/s/files/1/0687/4942/6943/files/paymentPerFulfillmentAsset567c7.png]
[cdn.shopify.com/s/files/1/0687/4942/6943/files/paymentPerFulfillmentAsset667c7.png]
[cdn.shopify.com/s/files/1/0687/4942/6943/files/capture_per_fulfill7229.png]
[cdn.shopify.com/s/files/1/0687/4942/6943/files/bopisAsset132db.png]
[cdn.shopify.com/s/files/1/0687/4942/6943/files/bopisAsset232db.png]
[cdn.shopify.com/s/files/1/0687/4942/6943/files/bopisAsset332db.png]
[cdn.shopify.com/s/files/1/0687/4942/6943/files/bopisAsset432db.png]
[cdn.shopify.com/s/files/1/0687/4942/6943/files/bopisAsset532db.png]
[cdn.shopify.com/s/files/1/0687/4942/6943/files/Shop_pay_component_8bf27a66-5462-4aed-877d-8b3a990ad7649eb4.png]
[cdn.shopify.com/s/files/1/0687/4942/6943/files/Sidekick_4_38e2b.png]
[cdn.shopify.com/s/files/1/0687/4942/6943/files/suggestedRepliesAsset1237b.png]
[cdn.shopify.com/s/files/1/0687/4942/6943/files/suggested_replies_intro_b01d6a50-83db-4ecb-852d-2ace5daa6f478ee6.png]
[cdn.shopify.com/s/files/1/0687/4942/6943/files/Natural_language_translations-new5332.png]
[cdn.shopify.com/s/files/1/0687/4942/6943/files/taxonomyAiAsset3f498.png]
[cdn.shopify.com/s/files/1/0687/4942/6943/files/taxonomyAiAsset1f498.png]
[cdn.shopify.com/s/files/1/0687/4942/6943/files/taxonomyAiAsset2f498.png]
[cdn.shopify.com/s/files/1/0687/4942/6943/files/taxonomy_ai-new23f8.png]
[cdn.shopify.com/s/files/1/0687/4942/6943/files/Magic_Gen_4_38ee6.png]
[cdn.shopify.com/s/files/1/0687/4942/6943/files/mediaGenAsset14e68.png]
[cdn.shopify.com/s/files/1/0687/4942/6943/files/mediaGenAsset104e68.png]
[cdn.shopify.com/s/files/1/0687/4942/6943/files/mediaGenAsset114e68.png]
[cdn.shopify.com/s/files/1/0687/4942/6943/files/mediaGenAsset24e68.png]
[cdn.shopify.com/s/files/1/0687/4942/6943/files/mediaGenAsset34e68.png]
[cdn.shopify.com/s/files/1/0687/4942/6943/files/mediaGenAsset44e68.png]
[cdn.shopify.com/s/files/1/0687/4942/6943/files/mediaGenAsset5a90f.png]
[cdn.shopify.com/s/files/1/0687/4942/6943/files/mediaGenAsset64e68.png]
[cdn.shopify.com/s/files/1/0687/4942/6943/files/mediaGenAsset7a90f.png]
[cdn.shopify.com/s/files/1/0687/4942/6943/files/mediaGenAsset84e68.png]
[cdn.shopify.com/s/files/1/0687/4942/6943/files/mediaGenAsset94e68.png]
[cdn.shopify.com/s/files/1/0687/4942/6943/files/Campaigns-Preroll-16x91a09.jpg]
[cdn.shopify.com/s/files/1/0687/4942/6943/files/Campaigns-Preroll-Mobile-9x131306.jpg]
[cdn.shopify.com/s/files/1/0687/4942/6943/files/riveAudiencesOrder109945.png]
[cdn.shopify.com/s/files/1/0687/4942/6943/files/riveAudiencesOrder119945.png]
[cdn.shopify.com/s/files/1/0687/4942/6943/files/riveAudiencesOrder129945.png]
[cdn.shopify.com/s/files/1/0687/4942/6943/files/riveAudiencesOrder169945.png]
[cdn.shopify.com/s/files/1/0687/4942/6943/files/riveAudiencesOrder199945.png]
[cdn.shopify.com/s/files/1/0687/4942/6943/files/riveAudiencesOrder29945.png]
[cdn.shopify.com/s/files/1/0687/4942/6943/files/riveAudiencesOrder209945.png]
[cdn.shopify.com/s/files/1/0687/4942/6943/files/riveAudiencesOrder219945.png]
[cdn.shopify.com/s/files/1/0687/4942/6943/files/riveAudiencesOrder239945.png]
[cdn.shopify.com/s/files/1/0687/4942/6943/files/riveAudiencesOrder249945.png]
[cdn.shopify.com/s/files/1/0687/4942/6943/files/riveAudiencesOrder269945.png]
[cdn.shopify.com/s/files/1/0687/4942/6943/files/riveAudiencesOrder279945.png]
[cdn.shopify.com/s/files/1/0687/4942/6943/files/riveAudiencesOrder309945.png]
[cdn.shopify.com/s/files/1/0687/4942/6943/files/riveAudiencesOrder319945.png]
[cdn.shopify.com/s/files/1/0687/4942/6943/files/riveAudiencesOrder69945.png]
[cdn.shopify.com/s/files/1/0687/4942/6943/files/riveAudiencesOrder89945.png]
[cdn.shopify.com/s/files/1/0687/4942/6943/files/riveAudiencesOrder19945.png]
[cdn.shopify.com/s/files/1/0687/4942/6943/files/riveAudiencesOrder139945.png]
[cdn.shopify.com/s/files/1/0687/4942/6943/files/riveAudiencesOrder149945.png]
[cdn.shopify.com/s/files/1/0687/4942/6943/files/riveAudiencesOrder159945.png]
[cdn.shopify.com/s/files/1/0687/4942/6943/files/riveAudiencesOrder179945.png]
[cdn.shopify.com/s/files/1/0687/4942/6943/files/riveAudiencesOrder189945.png]
[cdn.shopify.com/s/files/1/0687/4942/6943/files/riveAudiencesOrder229945.png]
[cdn.shopify.com/s/files/1/0687/4942/6943/files/riveAudiencesOrder259945.png]
[cdn.shopify.com/s/files/1/0687/4942/6943/files/riveAudiencesOrder289945.png]
[cdn.shopify.com/s/files/1/0687/4942/6943/files/riveAudiencesOrder299945.png]
[cdn.shopify.com/s/files/1/0687/4942/6943/files/riveAudiencesOrder39945.png]
[cdn.shopify.com/s/files/1/0687/4942/6943/files/riveAudiencesOrder49945.png]
[cdn.shopify.com/s/files/1/0687/4942/6943/files/riveAudiencesOrder59945.png]
[cdn.shopify.com/s/files/1/0687/4942/6943/files/riveAudiencesOrder79945.png]
[cdn.shopify.com/s/files/1/0687/4942/6943/files/riveAudiencesOrder99945.png]
[cdn.shopify.com/s/files/1/0687/4942/6943/files/Audiences_0a810a03-7a44-4fe0-8ecb-f25d2b0735c94048.png]
[cdn.shopify.com/s/files/1/0687/4942/6943/files/offsiteAdsAsset10052.png]
[cdn.shopify.com/s/files/1/0687/4942/6943/files/offsiteAdsAsset20052.png]
[cdn.shopify.com/s/files/1/0687/4942/6943/files/offsiteAdsAsset3d019.png]
[cdn.shopify.com/s/files/1/0687/4942/6943/files/offsiteAdsAsset4d019.png]
[cdn.shopify.com/s/files/1/0687/4942/6943/files/offsiteAdsAsset5d019.png]
[cdn.shopify.com/s/files/1/0687/4942/6943/files/offsiteAdsAsset60052.png]
[cdn.shopify.com/s/files/1/0687/4942/6943/files/offsiteAdsAsset7d019.png]
[cdn.shopify.com/s/files/1/0687/4942/6943/files/Google_Meta_Shop_Campaigns_dc7ce716-fe45-4f9a-a29c-1fecb899272e4048.png]
[cdn.shopify.com/s/files/1/0687/4942/6943/files/canadaExpansionAsset14e51.png]
[cdn.shopify.com/s/files/1/0687/4942/6943/files/canadaExpansionAsset26897.png]
[cdn.shopify.com/s/files/1/0687/4942/6943/files/Shop_in_Canada_7e3ec8e2-4951-4c24-a3b5-27d029efd8ff4048.png]
[cdn.shopify.com/s/files/1/0687/4942/6943/files/aggregatesAsset10d51.png]
[cdn.shopify.com/s/files/1/0687/4942/6943/files/aggregatesAsset100d51.png]
[cdn.shopify.com/s/files/1/0687/4942/6943/files/aggregatesAsset40d51.png]
[cdn.shopify.com/s/files/1/0687/4942/6943/files/aggregatesAsset50d51.png]
[cdn.shopify.com/s/files/1/0687/4942/6943/files/aggregatesAsset60d51.png]
[cdn.shopify.com/s/files/1/0687/4942/6943/files/aggregatesAsset70d51.png]
[cdn.shopify.com/s/files/1/0687/4942/6943/files/aggregatesAsset80d51.png]
[cdn.shopify.com/s/files/1/0687/4942/6943/files/aggregatesAsset20d51.png]
[cdn.shopify.com/s/files/1/0687/4942/6943/files/aggregatesAsset30d51.png]
[cdn.shopify.com/s/files/1/0687/4942/6943/files/aggregatesAsset90d51.png]
[cdn.shopify.com/s/files/1/0687/4942/6943/files/Aggregatese678.png]
[cdn.shopify.com/s/files/1/0687/4942/6943/files/segmentTriggersAsset11abc.png]
[cdn.shopify.com/s/files/1/0687/4942/6943/files/segmentTriggersAsset21abc.png]
[cdn.shopify.com/s/files/1/0687/4942/6943/files/segment_triggers_07b2a006-478b-421f-bf99-340a67bc4a954048.png]
[cdn.shopify.com/s/files/1/0687/4942/6943/files/pixel_consent1592.png]
[cdn.shopify.com/s/files/1/0687/4942/6943/files/youtubeAffiliatesAsset1fe95.png]
[cdn.shopify.com/s/files/1/0687/4942/6943/files/youtubeAffiliatesAsset2fe95.png]
[cdn.shopify.com/s/files/1/0687/4942/6943/files/youtubeAffiliatesAsset3fe95.png]
[cdn.shopify.com/s/files/1/0687/4942/6943/files/youtubeAffiliatesAsset4096b.png]
[cdn.shopify.com/s/files/1/0687/4942/6943/files/youtubeAffiliatesAsset5096b.png]
[cdn.shopify.com/s/files/1/0687/4942/6943/files/youtubeAffiliatesAsset6e718.png]
[cdn.shopify.com/s/files/1/0687/4942/6943/files/youtubeAffiliatesAsset7fe95.png]
[cdn.shopify.com/s/files/1/0687/4942/6943/files/youtubeAffiliatesAsset8fe95.png]
[cdn.shopify.com/s/files/1/0687/4942/6943/files/youtube9106.png]
[cdn.shopify.com/s/files/1/0687/4942/6943/files/shopMiniAsset1bd85.png]
[cdn.shopify.com/s/files/1/0687/4942/6943/files/shopMiniAsset2638a.png]
[cdn.shopify.com/s/files/1/0687/4942/6943/files/shopMiniAsset3bd85.png]
[cdn.shopify.com/s/files/1/0687/4942/6943/files/shopMiniAsset4bd85.png]
[cdn.shopify.com/s/files/1/0687/4942/6943/files/shopMiniAsset5638a.png]
[cdn.shopify.com/s/files/1/0687/4942/6943/files/shopMiniAsset6bd85.png]
[cdn.shopify.com/s/files/1/0687/4942/6943/files/shopMiniAsset7bd85.png]
[cdn.shopify.com/s/files/1/0687/4942/6943/files/shopMiniAsset8bd85.png]
[cdn.shopify.com/s/files/1/0687/4942/6943/files/shopMiniAsset9bd85.png]
[cdn.shopify.com/s/files/1/0687/4942/6943/files/shop-minis4048.png]
[cdn.shopify.com/s/files/1/0687/4942/6943/files/buyOnlineStSAsset015c88.png]
[cdn.shopify.com/s/files/1/0687/4942/6943/files/buyOnlineStSAsset025c88.png]
[cdn.shopify.com/s/files/1/0687/4942/6943/files/buyOnlineStSAsset035c88.png]
[cdn.shopify.com/s/files/1/0687/4942/6943/files/buyOnlineStSAsset045c88.png]
[cdn.shopify.com/s/files/1/0687/4942/6943/files/buyOnlineStSAsset065c88.png]
[cdn.shopify.com/s/files/1/0687/4942/6943/files/buyOnlineStSAsset075c88.png]
[cdn.shopify.com/s/files/1/0687/4942/6943/files/buyOnlineStSAsset055c88.png]
[cdn.shopify.com/s/files/1/0687/4942/6943/files/Shop_pay_componentfba5.png]
[cdn.shopify.com/s/files/1/0687/4942/6943/files/shipFromStoreAsset01c46f.png]
[cdn.shopify.com/s/files/1/0687/4942/6943/files/shipFromStoreAsset02c46f.png]
[cdn.shopify.com/s/files/1/0687/4942/6943/files/Ship_from_store_c3092f90-781e-4e71-9ed8-d779bf3c4ffbfba5.png]
[cdn.shopify.com/s/files/1/0687/4942/6943/files/shippingAddressValidationAsset019982.png]
[cdn.shopify.com/s/files/1/0687/4942/6943/files/shippingAddressValidationAsset029982.png]
[cdn.shopify.com/s/files/1/0687/4942/6943/files/fix_address_bef000a5-db78-46c3-8b08-a20f8f11277ba975.png]
[cdn.shopify.com/s/files/1/0687/4942/6943/files/adjustfulfillment160dc.png]
[cdn.shopify.com/s/files/1/0687/4942/6943/files/adjustfulfillment27d2c.png]
[cdn.shopify.com/s/files/1/0687/4942/6943/files/adjustfulfillment360dc.png]
[cdn.shopify.com/s/files/1/0687/4942/6943/files/adjustfulfillment460dc.png]
[cdn.shopify.com/s/files/1/0687/4942/6943/files/adjustfulfillment560dc.png]
[cdn.shopify.com/s/files/1/0687/4942/6943/files/Adjust_fulfilment_ec657586-ebab-45f5-b082-86c61a1348aee6cc.png]
[cdn.shopify.com/s/files/1/0687/4942/6943/files/automatefulfillment310bb.png]
[cdn.shopify.com/s/files/1/0687/4942/6943/files/automatefulfillment610bb.png]
[cdn.shopify.com/s/files/1/0687/4942/6943/files/automatefulfillment710bb.png]
[cdn.shopify.com/s/files/1/0687/4942/6943/files/automatefulfillment110bb.png]
[cdn.shopify.com/s/files/1/0687/4942/6943/files/automatefulfillment510bb.png]
[cdn.shopify.com/s/files/1/0687/4942/6943/files/automatefulfillment210bb.png]
[cdn.shopify.com/s/files/1/0687/4942/6943/files/automatefulfillment410bb.png]
[cdn.shopify.com/s/files/1/0687/4942/6943/files/fulfillment_actions37cc.png]
[cdn.shopify.com/s/files/1/0687/4942/6943/files/target_75705e52-dd85-477a-ab24-da7d0217a3a5a975.png]
[cdn.shopify.com/s/files/1/0687/4942/6943/files/marketplaceConnectTargetAsset01ea73.png]
[cdn.shopify.com/s/files/1/0687/4942/6943/files/org_settings_d2739ed4-db53-4f6b-955e-838f14bbf7036950.png]
[cdn.shopify.com/s/files/1/0687/4942/6943/files/STAFF_ROLES_1ebbb919-e2d2-4d12-9e2e-5f1789185d770f1c.png]
[cdn.shopify.com/s/files/1/0687/4942/6943/files/importStoreData9eae2.png]
[cdn.shopify.com/s/files/1/0687/4942/6943/files/importStoreData3eae2.png]
[cdn.shopify.com/s/files/1/0687/4942/6943/files/importStoreData2eae2.png]
[cdn.shopify.com/s/files/1/0687/4942/6943/files/importStoreData1eae2.png]
[cdn.shopify.com/s/files/1/0687/4942/6943/files/importStoreData5eae2.png]
[cdn.shopify.com/s/files/1/0687/4942/6943/files/importStoreData4eae2.png]
[cdn.shopify.com/s/files/1/0687/4942/6943/files/importStoreData6eae2.png]
[cdn.shopify.com/s/files/1/0687/4942/6943/files/importStoreData8eae2.png]
[cdn.shopify.com/s/files/1/0687/4942/6943/files/importStoreData7eae2.png]
[cdn.shopify.com/s/files/1/0687/4942/6943/files/import_data2de1.png]
[cdn.shopify.com/s/files/1/0687/4942/6943/files/Polaris_updatea335.png]
[cdn.shopify.com/s/files/1/0687/4942/6943/files/hydrogen-dx142f.png]
[cdn.shopify.com/s/files/1/0687/4942/6943/files/autofillCheckoutAsset15127.png]
[cdn.shopify.com/s/files/1/0687/4942/6943/files/autofillCheckoutAsset25127.png]
[cdn.shopify.com/s/files/1/0687/4942/6943/files/autofillCheckoutAsset35127.png]
[cdn.shopify.com/s/files/1/0687/4942/6943/files/checkout_api5b6d.png]
[cdn.shopify.com/s/files/1/0687/4942/6943/files/customeraccountextensibility124d4.png]
[cdn.shopify.com/s/files/1/0687/4942/6943/files/customeraccountextensibility224d4.png]
[cdn.shopify.com/s/files/1/0687/4942/6943/files/customeraccountextensibility324d4.png]
[cdn.shopify.com/s/files/1/0687/4942/6943/files/customeraccountextensibility424d4.png]
[cdn.shopify.com/s/files/1/0687/4942/6943/files/Extend_accounts_42a1a746-cfdb-4452-8dc4-f930c6d7618db5fa.png]
[cdn.shopify.com/s/files/1/0687/4942/6943/files/printAppExtensions1690e.png]
[cdn.shopify.com/s/files/1/0687/4942/6943/files/printAppExtensions2690e.png]
[cdn.shopify.com/s/files/1/0687/4942/6943/files/printAppExtensions3690e.png]
[cdn.shopify.com/s/files/1/0687/4942/6943/files/printAppExtensions4690e.png]
[cdn.shopify.com/s/files/1/0687/4942/6943/files/printAppExtensions5690e.png]
[cdn.shopify.com/s/files/1/0687/4942/6943/files/printextend00da.png]
[cdn.shopify.com/s/files/1/0687/4942/6943/files/unifyingPOSCheckoutExtension01032d.png]
[cdn.shopify.com/s/files/1/0687/4942/6943/files/POS_uib682.png]
[cdn.shopify.com/s/files/1/0687/4942/6943/files/Flow-Preroll-DEV-16x9-Poster0d9e.jpg]
[cdn.shopify.com/s/files/1/0687/4942/6943/files/Flow-Preroll-DEV-9x13-Poster8701.jpg]
[cdn.shopify.com/s/files/1/0687/4942/6943/files/bfsAdTargetingAsset01b072.png]
[cdn.shopify.com/s/files/1/0687/4942/6943/files/bfsAdTargetingAsset02b072.png]
[cdn.shopify.com/s/files/1/0687/4942/6943/files/BFS_target_e6d230b0-3f3d-408e-b395-c7ebd0625142b5fa.png]
[cdn.shopify.com/s/files/1/0687/4942/6943/files/bfsFilterAsset01e3ab.png]
[cdn.shopify.com/s/files/1/0687/4942/6943/files/bfsFilterAsset02e3ab.png]
[cdn.shopify.com/s/files/1/0687/4942/6943/files/bfsFilterAsset03e3ab.png]
[cdn.shopify.com/s/files/1/0687/4942/6943/files/bfsFilterAsset04e3ab.png]
[cdn.shopify.com/s/files/1/0687/4942/6943/files/bfsFilterAsset05e3ab.png]
[cdn.shopify.com/s/files/1/0687/4942/6943/files/bfsFilterAsset06e3ab.png]
[cdn.shopify.com/s/files/1/0687/4942/6943/files/bfsFilterAsset07e3ab.png]
[cdn.shopify.com/s/files/1/0687/4942/6943/files/bfsFilterAsset08e3ab.png]
[cdn.shopify.com/s/files/1/0687/4942/6943/files/bfsFilterAsset09e3ab.png]
[cdn.shopify.com/s/files/1/0687/4942/6943/files/bfsFilterAsset10e3ab.png]
[cdn.shopify.com/s/files/1/0687/4942/6943/files/bfsFilterAsset11e3ab.png]
[cdn.shopify.com/s/files/1/0687/4942/6943/files/bfsFilterAsset12e3ab.png]
[cdn.shopify.com/s/files/1/0687/4942/6943/files/bfsFilterAsset13e3ab.png]
[cdn.shopify.com/s/files/1/0687/4942/6943/files/bfsFilterAsset14e3ab.png]
[cdn.shopify.com/s/files/1/0687/4942/6943/files/bfsFilterAsset15e3ab.png]
[cdn.shopify.com/s/files/1/0687/4942/6943/files/bfsFilterAsset16e3ab.png]
[cdn.shopify.com/s/files/1/0687/4942/6943/files/bfsFilterAsset17e3ab.png]
[cdn.shopify.com/s/files/1/0687/4942/6943/files/bfsFilterAsset18e3ab.png]
[cdn.shopify.com/s/files/1/0687/4942/6943/files/bfsFilterAsset19e3ab.png]
[cdn.shopify.com/s/files/1/0687/4942/6943/files/BFS_filter_smallest_51f41dbc-e651-4208-8d64-bec42a9de919b5fa.png]
[cdn.shopify.com/s/files/1/0687/4942/6943/files/App_Approvals_f20b22a2-dd4b-4276-b39d-21d48cdef3fa2422.png]
[cdn.shopify.com/s/files/1/0687/4942/6943/files/standardizedAppPricing14413.png]
[cdn.shopify.com/s/files/1/0687/4942/6943/files/App_Pricing_a08b0e1f-ac72-4500-8694-fdc40bd0c45cb5fa.png]
[cdn.shopify.com/s/files/1/0687/4942/6943/files/boostAppsAsset0136f6.png]
[cdn.shopify.com/s/files/1/0687/4942/6943/files/boostAppsAsset0236f6.png]
[cdn.shopify.com/s/files/1/0687/4942/6943/files/boostAppsAsset0336f6.png]
[cdn.shopify.com/s/files/1/0687/4942/6943/files/Apps_-_Category_Info_e3951a5d-4a2c-425e-907e-3cef906275e894f7.png]
[cdn.shopify.com/s/files/1/0687/4942/6943/files/Measure_Ad_performance_90a99327-d387-411c-bd18-a00decbc01bc9733.png]
[cdn.shopify.com/s/files/1/0687/4942/6943/files/graphQLCompletenessAsset013805.png]
[cdn.shopify.com/s/files/1/0687/4942/6943/files/graphQLCompletenessAsset023805.png]
[cdn.shopify.com/s/files/1/0687/4942/6943/files/graphQLCompletenessAsset033805.png]
[cdn.shopify.com/s/files/1/0687/4942/6943/files/GraphQL_a51fe4d5-8a20-4591-98ec-460711852fc0a257.png]
[www.shopify.com/editions/summer2024.html]
[cdn.shopify.com/b/shopify-brochure2-assets/c2ab73f9d0c7c734888f40dd50c17f10.gif]
[cdn.shopify.com/b/shopify-brochure2-assets/9059a9ca21715ffd81396a4d235bf143.jpg]
[cdn.shopify.com/oxygen-v2/29944/20751/42927/4074605/assets/tailwind-CpYT6ZU3.css]
[cdn.shopify.com/s/files/1/0834/1733/4050/files/favicon059d.png]
[www.shopify.com/editions/winter2024/menu.html]
[www.shopify.com/editions/winter2024/video/product-merchandising-updates.html]
[cdn.shopify.com/s/files/1/0834/1733/4050/files/combined-listings-postera0ad.jpg]
[cdn.shopify.com/s/files/1/0834/1733/4050/files/combined-listings-poster0989.jpg]
[cdn.shopify.com/s/files/1/0834/1733/4050/files/combined-listings-poster9013.jpg]
[cdn.shopify.com/s/files/1/0834/1733/4050/files/combined-listings-poster4eaa.jpg]
[cdn.shopify.com/s/files/1/0834/1733/4050/files/combined-listings-posterd7d7.jpg]
[cdn.shopify.com/s/files/1/0834/1733/4050/files/Taxonomy2x_cb03dac5-a504-4dcd-8478-a22ac7be92f7de88.jpg]
[cdn.shopify.com/s/files/1/0834/1733/4050/files/Taxonomy2x_cb03dac5-a504-4dcd-8478-a22ac7be92f719ad.jpg]
[cdn.shopify.com/s/files/1/0834/1733/4050/files/Taxonomy2x_cb03dac5-a504-4dcd-8478-a22ac7be92f74f1d.jpg]
[cdn.shopify.com/s/files/1/0834/1733/4050/files/Taxonomy2x_cb03dac5-a504-4dcd-8478-a22ac7be92f7bc22.jpg]
[cdn.shopify.com/s/files/1/0834/1733/4050/files/Taxonomy2x_cb03dac5-a504-4dcd-8478-a22ac7be92f72edb.jpg]
[cdn.shopify.com/s/files/1/0834/1733/4050/files/2000-variants-poster61a0.jpg]
[cdn.shopify.com/s/files/1/0834/1733/4050/files/2000-variants-posterfb97.jpg]
[cdn.shopify.com/s/files/1/0834/1733/4050/files/2000-variants-posterc458.jpg]
[cdn.shopify.com/s/files/1/0834/1733/4050/files/2000-variants-poster2e33.jpg]
[cdn.shopify.com/s/files/1/0834/1733/4050/files/2000-variants-poster6800.jpg]
[cdn.shopify.com/s/files/1/0834/1733/4050/files/semantic-search-poster-96-percent53db.png]
[cdn.shopify.com/s/files/1/0834/1733/4050/files/semantic-search-poster-96-percentbb77.png]
[cdn.shopify.com/s/files/1/0834/1733/4050/files/semantic-search-poster-96-percent3be4.png]
[cdn.shopify.com/s/files/1/0834/1733/4050/files/semantic-search-poster-96-percent165f.png]
[cdn.shopify.com/s/files/1/0834/1733/4050/files/semantic-search-poster-96-percente3ae.png]
[cdn.shopify.com/s/files/1/0834/1733/4050/files/semantic-search-poster-96-percented04.png]
[cdn.shopify.com/s/files/1/0834/1733/4050/files/semantic-search-poster-96-percent87f6.png]
[cdn.shopify.com/s/files/1/0834/1733/4050/files/semantic-search-poster-96-percentcd8b.png]
[cdn.shopify.com/s/files/1/0834/1733/4050/files/Subscriptions2x_0c819b5b-51a5-40c1-8a45-36bb2390bfc2e03f.png]
[cdn.shopify.com/s/files/1/0834/1733/4050/files/Subscriptions2x_0c819b5b-51a5-40c1-8a45-36bb2390bfc209d2.png]
[cdn.shopify.com/s/files/1/0834/1733/4050/files/Subscriptions2x_0c819b5b-51a5-40c1-8a45-36bb2390bfc29b3b.png]
[cdn.shopify.com/s/files/1/0834/1733/4050/files/Subscriptions2x_0c819b5b-51a5-40c1-8a45-36bb2390bfc2b992.png]
[cdn.shopify.com/s/files/1/0834/1733/4050/files/Subscriptions2x_0c819b5b-51a5-40c1-8a45-36bb2390bfc26aaf.png]
[cdn.shopify.com/s/files/1/0834/1733/4050/files/Subscriptions2x_0c819b5b-51a5-40c1-8a45-36bb2390bfc2591c.png]
[cdn.shopify.com/s/files/1/0834/1733/4050/files/Subscriptions2x_0c819b5b-51a5-40c1-8a45-36bb2390bfc2cd7d.png]
[cdn.shopify.com/s/files/1/0834/1733/4050/files/Subscriptions2x_0c819b5b-51a5-40c1-8a45-36bb2390bfc212fa.png]
[cdn.shopify.com/s/files/1/0834/1733/4050/files/Bundles-editionsc18a.jpg]
[cdn.shopify.com/s/files/1/0834/1733/4050/files/Bundles-editions5d60.jpg]
[cdn.shopify.com/s/files/1/0834/1733/4050/files/Bundles-editions3d34.jpg]
[cdn.shopify.com/s/files/1/0834/1733/4050/files/Bundles-editionsfbae.jpg]
[cdn.shopify.com/s/files/1/0834/1733/4050/files/Bundles-editions70f1.jpg]
[cdn.shopify.com/s/files/1/0834/1733/4050/files/Draftorders2x5428.jpg]
[cdn.shopify.com/s/files/1/0834/1733/4050/files/Draftorders2x356d.jpg]
[cdn.shopify.com/s/files/1/0834/1733/4050/files/Draftorders2x596d.jpg]
[cdn.shopify.com/s/files/1/0834/1733/4050/files/Draftorders2x2940.jpg]
[cdn.shopify.com/s/files/1/0834/1733/4050/files/Draftorders2x2f3f.jpg]
[cdn.shopify.com/s/files/1/0834/1733/4050/files/Discounts2x_4a77a21d-e819-46dd-b63f-e65957a9849df847.jpg]
[cdn.shopify.com/s/files/1/0834/1733/4050/files/Discounts2x_4a77a21d-e819-46dd-b63f-e65957a9849dcb9f.jpg]
[cdn.shopify.com/s/files/1/0834/1733/4050/files/Discounts2x_4a77a21d-e819-46dd-b63f-e65957a9849da699.jpg]
[cdn.shopify.com/s/files/1/0834/1733/4050/files/Discounts2x_4a77a21d-e819-46dd-b63f-e65957a9849d8467.jpg]
[cdn.shopify.com/s/files/1/0834/1733/4050/files/Discounts2x_4a77a21d-e819-46dd-b63f-e65957a9849d0237.jpg]
[www.shopify.com/editions/winter2024/video/checkout-extensibility-updates.html]
[cdn.shopify.com/s/files/1/0834/1733/4050/files/faster-checkout-poster278b.jpg]
[cdn.shopify.com/s/files/1/0834/1733/4050/files/faster-checkout-poster5efb.jpg]
[cdn.shopify.com/s/files/1/0834/1733/4050/files/faster-checkout-poster0fc6.jpg]
[cdn.shopify.com/s/files/1/0834/1733/4050/files/faster-checkout-poster8c4d.jpg]
[cdn.shopify.com/s/files/1/0834/1733/4050/files/faster-checkout-poster2a79.jpg]
[cdn.shopify.com/s/files/1/0834/1733/4050/files/Checkoutcasestudy2x2512.jpg]
[cdn.shopify.com/s/files/1/0834/1733/4050/files/Checkoutcasestudy2x9c26.jpg]
[cdn.shopify.com/s/files/1/0834/1733/4050/files/Checkoutcasestudy2xf04c.jpg]
[cdn.shopify.com/s/files/1/0834/1733/4050/files/Checkoutcasestudy2xc522.jpg]
[cdn.shopify.com/s/files/1/0834/1733/4050/files/Checkoutcasestudy2x80d6.jpg]
[cdn.shopify.com/s/files/1/0834/1733/4050/files/checkoutapps2x7eaa.jpg]
[cdn.shopify.com/s/files/1/0834/1733/4050/files/checkoutapps2x1ea3.jpg]
[cdn.shopify.com/s/files/1/0834/1733/4050/files/checkoutapps2x959a.jpg]
[cdn.shopify.com/s/files/1/0834/1733/4050/files/checkoutapps2x09d0.jpg]
[cdn.shopify.com/s/files/1/0834/1733/4050/files/checkoutapps2x52da.jpg]
[cdn.shopify.com/s/files/1/0834/1733/4050/files/checkoutsheet2x6ac3.jpg]
[cdn.shopify.com/s/files/1/0834/1733/4050/files/checkoutsheet2xbdf8.jpg]
[cdn.shopify.com/s/files/1/0834/1733/4050/files/checkoutsheet2x6603.jpg]
[cdn.shopify.com/s/files/1/0834/1733/4050/files/checkoutsheet2xf679.jpg]
[cdn.shopify.com/s/files/1/0834/1733/4050/files/checkoutsheet2xda9e.jpg]
[cdn.shopify.com/s/files/1/0834/1733/4050/files/SPI2x68e6.jpg]
[cdn.shopify.com/s/files/1/0834/1733/4050/files/SPI2xcf76.jpg]
[cdn.shopify.com/s/files/1/0834/1733/4050/files/SPI2xe510.jpg]
[cdn.shopify.com/s/files/1/0834/1733/4050/files/SPI2x71d4.jpg]
[cdn.shopify.com/s/files/1/0834/1733/4050/files/SPI2x1dba.jpg]
[cdn.shopify.com/s/files/1/0834/1733/4050/files/ShopPayEnterprise_2x_e2c1bfb1-ee06-4576-ba66-203dae1933dfbe98.jpg]
[cdn.shopify.com/s/files/1/0834/1733/4050/files/ShopPayEnterprise_2x_e2c1bfb1-ee06-4576-ba66-203dae1933dfbea7.jpg]
[cdn.shopify.com/s/files/1/0834/1733/4050/files/ShopPayEnterprise_2x_e2c1bfb1-ee06-4576-ba66-203dae1933dfe4b2.jpg]
[cdn.shopify.com/s/files/1/0834/1733/4050/files/ShopPayEnterprise_2x_e2c1bfb1-ee06-4576-ba66-203dae1933dff33c.jpg]
[cdn.shopify.com/s/files/1/0834/1733/4050/files/ShopPayEnterprise_2x_e2c1bfb1-ee06-4576-ba66-203dae1933df968f.jpg]
[cdn.shopify.com/s/files/1/0834/1733/4050/files/StorePerformance2x75c6.png]
[cdn.shopify.com/s/files/1/0834/1733/4050/files/StorePerformance2xc6f9.png]
[cdn.shopify.com/s/files/1/0834/1733/4050/files/StorePerformance2x5255.png]
[cdn.shopify.com/s/files/1/0834/1733/4050/files/StorePerformance2xeca7.png]
[cdn.shopify.com/s/files/1/0834/1733/4050/files/StorePerformance2x4506.png]
[cdn.shopify.com/s/files/1/0834/1733/4050/files/StorePerformance2xf1d7.png]
[cdn.shopify.com/s/files/1/0834/1733/4050/files/StorePerformance2x98ae.png]
[cdn.shopify.com/s/files/1/0834/1733/4050/files/StorePerformance2x6414.png]
[cdn.shopify.com/s/files/1/0834/1733/4050/files/pos-popster-100-percent34f1.png]
[cdn.shopify.com/s/files/1/0834/1733/4050/files/pos-popster-100-percentdea4.png]
[cdn.shopify.com/s/files/1/0834/1733/4050/files/pos-popster-100-percent85b9.png]
[cdn.shopify.com/s/files/1/0834/1733/4050/files/pos-popster-100-percent8144.png]
[cdn.shopify.com/s/files/1/0834/1733/4050/files/pos-popster-100-percentb7dc.png]
[cdn.shopify.com/s/files/1/0834/1733/4050/files/pos-popster-100-percent9a13.png]
[cdn.shopify.com/s/files/1/0834/1733/4050/files/pos-popster-100-percent363c.png]
[cdn.shopify.com/s/files/1/0834/1733/4050/files/pos-popster-100-percent7c6f.png]
[cdn.shopify.com/s/files/1/0834/1733/4050/files/POSUIextensions2xc101.jpg]
[cdn.shopify.com/s/files/1/0834/1733/4050/files/POSUIextensions2x7ec4.jpg]
[cdn.shopify.com/s/files/1/0834/1733/4050/files/POSUIextensions2xed21.jpg]
[cdn.shopify.com/s/files/1/0834/1733/4050/files/POSUIextensions2x196a.jpg]
[cdn.shopify.com/s/files/1/0834/1733/4050/files/POSUIextensions2xb7f6.jpg]
[cdn.shopify.com/s/files/1/0834/1733/4050/files/POSsmartgridcustomizationM2x0c35.jpg]
[cdn.shopify.com/s/files/1/0834/1733/4050/files/POSsmartgridcustomizationM2x328e.jpg]
[cdn.shopify.com/s/files/1/0834/1733/4050/files/POSsmartgridcustomizationM2x334a.jpg]
[cdn.shopify.com/s/files/1/0834/1733/4050/files/POSsmartgridcustomizationM2xf15d.jpg]
[cdn.shopify.com/s/files/1/0834/1733/4050/files/POSsmartgridcustomizationM2xc3ca.jpg]
[cdn.shopify.com/s/files/1/0834/1733/4050/files/POSreciept2x92b9.jpg]
[cdn.shopify.com/s/files/1/0834/1733/4050/files/POSreciept2x75f2.jpg]
[cdn.shopify.com/s/files/1/0834/1733/4050/files/POSreciept2x9053.jpg]
[cdn.shopify.com/s/files/1/0834/1733/4050/files/POSreciept2x6684.jpg]
[cdn.shopify.com/s/files/1/0834/1733/4050/files/POSreciept2x904a.jpg]
[www.shopify.com/editions/winter2024/video/fulfillment-from-retail-locations.html]
[cdn.shopify.com/s/files/1/0834/1733/4050/files/b2b-reps-poster-100-percent2b6a.png]
[cdn.shopify.com/s/files/1/0834/1733/4050/files/b2b-reps-poster-100-percentb2b0.png]
[cdn.shopify.com/s/files/1/0834/1733/4050/files/b2b-reps-poster-100-percent80b8.png]
[cdn.shopify.com/s/files/1/0834/1733/4050/files/b2b-reps-poster-100-percentc1f0.png]
[cdn.shopify.com/s/files/1/0834/1733/4050/files/b2b-reps-poster-100-percent02c1.png]
[cdn.shopify.com/s/files/1/0834/1733/4050/files/b2b-reps-poster-100-percente7bc.png]
[cdn.shopify.com/s/files/1/0834/1733/4050/files/b2b-reps-poster-100-percente02e.png]
[cdn.shopify.com/s/files/1/0834/1733/4050/files/b2b-reps-poster-100-percent8a67.png]
[cdn.shopify.com/s/files/1/0834/1733/4050/files/B2BTheme-NEW2x_7113db66-4165-49ee-b6e8-7fe911eb3850041c.jpg]
[cdn.shopify.com/s/files/1/0834/1733/4050/files/B2BTheme-NEW2x_7113db66-4165-49ee-b6e8-7fe911eb3850e696.jpg]
[cdn.shopify.com/s/files/1/0834/1733/4050/files/B2BTheme-NEW2x_7113db66-4165-49ee-b6e8-7fe911eb3850a459.jpg]
[cdn.shopify.com/s/files/1/0834/1733/4050/files/B2BTheme-NEW2x_7113db66-4165-49ee-b6e8-7fe911eb3850651a.jpg]
[cdn.shopify.com/s/files/1/0834/1733/4050/files/B2BTheme-NEW2x_7113db66-4165-49ee-b6e8-7fe911eb3850b03d.jpg]
[cdn.shopify.com/s/files/1/0834/1733/4050/files/B2BHeadless2x7272.jpg]
[cdn.shopify.com/s/files/1/0834/1733/4050/files/B2BHeadless2x62be.jpg]
[cdn.shopify.com/s/files/1/0834/1733/4050/files/B2BHeadless2xc190.jpg]
[cdn.shopify.com/s/files/1/0834/1733/4050/files/B2BHeadless2x4619.jpg]
[cdn.shopify.com/s/files/1/0834/1733/4050/files/B2BHeadless2x7849.jpg]
[cdn.shopify.com/s/files/1/0834/1733/4050/files/B2BDiscounts2x53e5.jpg]
[cdn.shopify.com/s/files/1/0834/1733/4050/files/B2BDiscounts2xe3a0.jpg]
[cdn.shopify.com/s/files/1/0834/1733/4050/files/B2BDiscounts2x317a.jpg]
[cdn.shopify.com/s/files/1/0834/1733/4050/files/B2BDiscounts2x05ea.jpg]
[cdn.shopify.com/s/files/1/0834/1733/4050/files/B2BDiscounts2xe40a.jpg]
[cdn.shopify.com/s/files/1/0834/1733/4050/files/Collectivesearch2x_a7fd380b-a016-4817-b899-158b1504bd1d4723.jpg]
[cdn.shopify.com/s/files/1/0834/1733/4050/files/Collectivesearch2x_a7fd380b-a016-4817-b899-158b1504bd1d0654.jpg]
[cdn.shopify.com/s/files/1/0834/1733/4050/files/Collectivesearch2x_a7fd380b-a016-4817-b899-158b1504bd1d4852.jpg]
[cdn.shopify.com/s/files/1/0834/1733/4050/files/Collectivesearch2x_a7fd380b-a016-4817-b899-158b1504bd1d12d4.jpg]
[cdn.shopify.com/s/files/1/0834/1733/4050/files/Collectivesearch2x_a7fd380b-a016-4817-b899-158b1504bd1d1661.jpg]
[cdn.shopify.com/s/files/1/0834/1733/4050/files/Collectivetimeline2x_f06cdcf7-ec11-4c9d-a6d8-122fc861c1481614.jpg]
[cdn.shopify.com/s/files/1/0834/1733/4050/files/Collectivetimeline2x_f06cdcf7-ec11-4c9d-a6d8-122fc861c1485b7a.jpg]
[cdn.shopify.com/s/files/1/0834/1733/4050/files/Collectivetimeline2x_f06cdcf7-ec11-4c9d-a6d8-122fc861c148d9ea.jpg]
[cdn.shopify.com/s/files/1/0834/1733/4050/files/Collectivetimeline2x_f06cdcf7-ec11-4c9d-a6d8-122fc861c14855a0.jpg]
[cdn.shopify.com/s/files/1/0834/1733/4050/files/Collectivetimeline2x_f06cdcf7-ec11-4c9d-a6d8-122fc861c14878bc.jpg]
[cdn.shopify.com/s/files/1/0834/1733/4050/files/faire-postera67d.jpg]
[cdn.shopify.com/s/files/1/0834/1733/4050/files/faire-poster2748.jpg]
[cdn.shopify.com/s/files/1/0834/1733/4050/files/faire-posterb4c7.jpg]
[cdn.shopify.com/s/files/1/0834/1733/4050/files/faire-poster6229.jpg]
[cdn.shopify.com/s/files/1/0834/1733/4050/files/faire-posterdebd.jpg]
[cdn.shopify.com/s/files/1/0834/1733/4050/files/Marketplaceinventory2xfc2e.jpg]
[cdn.shopify.com/s/files/1/0834/1733/4050/files/Marketplaceinventory2x717f.jpg]
[cdn.shopify.com/s/files/1/0834/1733/4050/files/Marketplaceinventory2x5425.jpg]
[cdn.shopify.com/s/files/1/0834/1733/4050/files/Marketplaceinventory2x47f9.jpg]
[cdn.shopify.com/s/files/1/0834/1733/4050/files/Marketplaceinventory2x52c2.jpg]
[cdn.shopify.com/s/files/1/0834/1733/4050/files/amazon-posterda3c.jpg]
[cdn.shopify.com/s/files/1/0834/1733/4050/files/amazon-postere6db.jpg]
[cdn.shopify.com/s/files/1/0834/1733/4050/files/amazon-poster78d8.jpg]
[cdn.shopify.com/s/files/1/0834/1733/4050/files/amazon-poster9bec.jpg]
[cdn.shopify.com/s/files/1/0834/1733/4050/files/amazon-posterd71b.jpg]
[cdn.shopify.com/s/files/1/0834/1733/4050/files/MarketsProL2x7cba.png]
[cdn.shopify.com/s/files/1/0834/1733/4050/files/MarketsProL2x87ab.png]
[cdn.shopify.com/s/files/1/0834/1733/4050/files/MarketsProL2x202f.png]
[cdn.shopify.com/s/files/1/0834/1733/4050/files/MarketsProL2xfe88.png]
[cdn.shopify.com/s/files/1/0834/1733/4050/files/MarketsProL2x5cdc.png]
[cdn.shopify.com/s/files/1/0834/1733/4050/files/MarketsProL2x36f0.png]
[cdn.shopify.com/s/files/1/0834/1733/4050/files/MarketsProL2x9c13.png]
[cdn.shopify.com/s/files/1/0834/1733/4050/files/MarketsProL2xd432.png]
[cdn.shopify.com/s/files/1/0834/1733/4050/files/MarketsProDHL2xbfbe.jpg]
[cdn.shopify.com/s/files/1/0834/1733/4050/files/MarketsProDHL2x1240.jpg]
[cdn.shopify.com/s/files/1/0834/1733/4050/files/MarketsProDHL2x4c56.jpg]
[cdn.shopify.com/s/files/1/0834/1733/4050/files/MarketsProDHL2x38d7.jpg]
[cdn.shopify.com/s/files/1/0834/1733/4050/files/MarketsProDHL2x5c40.jpg]
[cdn.shopify.com/s/files/1/0834/1733/4050/files/Marketsanalytics2x919f.jpg]
[cdn.shopify.com/s/files/1/0834/1733/4050/files/Marketsanalytics2x34b2.jpg]
[cdn.shopify.com/s/files/1/0834/1733/4050/files/Marketsanalytics2x9938.jpg]
[cdn.shopify.com/s/files/1/0834/1733/4050/files/Marketsanalytics2x69c7.jpg]
[cdn.shopify.com/s/files/1/0834/1733/4050/files/Marketsanalytics2xcbdf.jpg]
[cdn.shopify.com/s/files/1/0834/1733/4050/files/TranslateSearch2xcf42.jpg]
[cdn.shopify.com/s/files/1/0834/1733/4050/files/TranslateSearch2xa1a3.jpg]
[cdn.shopify.com/s/files/1/0834/1733/4050/files/TranslateSearch2xa36d.jpg]
[cdn.shopify.com/s/files/1/0834/1733/4050/files/TranslateSearch2xf2a2.jpg]
[cdn.shopify.com/s/files/1/0834/1733/4050/files/TranslateSearch2x11de.jpg]
[cdn.shopify.com/s/files/1/0834/1733/4050/files/audiences-poster-100-percentec22.png]
[cdn.shopify.com/s/files/1/0834/1733/4050/files/audiences-poster-100-percent6bab.png]
[cdn.shopify.com/s/files/1/0834/1733/4050/files/audiences-poster-100-percente4fb.png]
[cdn.shopify.com/s/files/1/0834/1733/4050/files/audiences-poster-100-percent58b2.png]
[cdn.shopify.com/s/files/1/0834/1733/4050/files/audiences-poster-100-percent4c4c.png]
[cdn.shopify.com/s/files/1/0834/1733/4050/files/audiences-poster-100-percenta64f.png]
[cdn.shopify.com/s/files/1/0834/1733/4050/files/audiences-poster-100-percent49a9.png]
[cdn.shopify.com/s/files/1/0834/1733/4050/files/audiences-poster-100-percent3fee.png]
[cdn.shopify.com/s/files/1/0834/1733/4050/files/collabs-poster10d6.jpg]
[cdn.shopify.com/s/files/1/0834/1733/4050/files/collabs-poster8040.jpg]
[cdn.shopify.com/s/files/1/0834/1733/4050/files/collabs-poster45fd.jpg]
[cdn.shopify.com/s/files/1/0834/1733/4050/files/collabs-poster23a5.jpg]
[cdn.shopify.com/s/files/1/0834/1733/4050/files/collabs-poster3e14.jpg]
[cdn.shopify.com/s/files/1/0834/1733/4050/files/Collabs-autopay2x82df.jpg]
[cdn.shopify.com/s/files/1/0834/1733/4050/files/Collabs-autopay2x6559.jpg]
[cdn.shopify.com/s/files/1/0834/1733/4050/files/Collabs-autopay2x785b.jpg]
[cdn.shopify.com/s/files/1/0834/1733/4050/files/Collabs-autopay2xb82e.jpg]
[cdn.shopify.com/s/files/1/0834/1733/4050/files/Collabs-autopay2xc2bc.jpg]
[cdn.shopify.com/s/files/1/0834/1733/4050/files/Collabs-profile2x8d9a.jpg]
[cdn.shopify.com/s/files/1/0834/1733/4050/files/Collabs-profile2x3a67.jpg]
[cdn.shopify.com/s/files/1/0834/1733/4050/files/Collabs-profile2xf2be.jpg]
[cdn.shopify.com/s/files/1/0834/1733/4050/files/Collabs-profile2x4716.jpg]
[cdn.shopify.com/s/files/1/0834/1733/4050/files/Collabs-profile2xcfe4.jpg]
[cdn.shopify.com/s/files/1/0834/1733/4050/files/shop-campaign-poster-100-percent-v29beb.png]
[cdn.shopify.com/s/files/1/0834/1733/4050/files/shop-campaign-poster-100-percent-v2dd06.png]
[cdn.shopify.com/s/files/1/0834/1733/4050/files/shop-campaign-poster-100-percent-v29a12.png]
[cdn.shopify.com/s/files/1/0834/1733/4050/files/shop-campaign-poster-100-percent-v230b9.png]
[cdn.shopify.com/s/files/1/0834/1733/4050/files/shop-campaign-poster-100-percent-v27c2e.png]
[cdn.shopify.com/s/files/1/0834/1733/4050/files/shop-campaign-poster-100-percent-v20f47.png]
[cdn.shopify.com/s/files/1/0834/1733/4050/files/shop-campaign-poster-100-percent-v238a7.png]
[cdn.shopify.com/s/files/1/0834/1733/4050/files/shop-campaign-poster-100-percent-v2b7d0.png]
[cdn.shopify.com/s/files/1/0834/1733/4050/files/Shopleadcapture2xb4d1.jpg]
[cdn.shopify.com/s/files/1/0834/1733/4050/files/Shopleadcapture2x42e4.jpg]
[cdn.shopify.com/s/files/1/0834/1733/4050/files/Shopleadcapture2xddbe.jpg]
[cdn.shopify.com/s/files/1/0834/1733/4050/files/Shopleadcapture2x7de8.jpg]
[cdn.shopify.com/s/files/1/0834/1733/4050/files/Shopleadcapture2x9eb6.jpg]
[cdn.shopify.com/s/files/1/0834/1733/4050/files/ShopASsistant2xdb02.jpg]
[cdn.shopify.com/s/files/1/0834/1733/4050/files/ShopASsistant2xdf63.jpg]
[cdn.shopify.com/s/files/1/0834/1733/4050/files/ShopASsistant2x3ffd.jpg]
[cdn.shopify.com/s/files/1/0834/1733/4050/files/ShopASsistant2x5c19.jpg]
[cdn.shopify.com/s/files/1/0834/1733/4050/files/ShopASsistant2x5768.jpg]
[cdn.shopify.com/s/files/1/0834/1733/4050/files/ReviewsL2xb098.png]
[cdn.shopify.com/s/files/1/0834/1733/4050/files/ReviewsL2xcefd.png]
[cdn.shopify.com/s/files/1/0834/1733/4050/files/ReviewsL2x9509.png]
[cdn.shopify.com/s/files/1/0834/1733/4050/files/ReviewsL2x7681.png]
[cdn.shopify.com/s/files/1/0834/1733/4050/files/ReviewsL2xece8.png]
[cdn.shopify.com/s/files/1/0834/1733/4050/files/ReviewsL2x8d17.png]
[cdn.shopify.com/s/files/1/0834/1733/4050/files/ReviewsL2x77dd.png]
[cdn.shopify.com/s/files/1/0834/1733/4050/files/ReviewsL2x0075.png]
[cdn.shopify.com/s/files/1/0834/1733/4050/files/Marketingintegrations2x78d5.jpg]
[cdn.shopify.com/s/files/1/0834/1733/4050/files/Marketingintegrations2x7040.jpg]
[cdn.shopify.com/s/files/1/0834/1733/4050/files/Marketingintegrations2xba4f.jpg]
[cdn.shopify.com/s/files/1/0834/1733/4050/files/Marketingintegrations2x3e9c.jpg]
[cdn.shopify.com/s/files/1/0834/1733/4050/files/Marketingintegrations2xdb81.jpg]
[cdn.shopify.com/s/files/1/0834/1733/4050/files/marketing-reporting-poster6f31.jpg]
[cdn.shopify.com/s/files/1/0834/1733/4050/files/marketing-reporting-poster2b73.jpg]
[cdn.shopify.com/s/files/1/0834/1733/4050/files/marketing-reporting-posterf3b8.jpg]
[cdn.shopify.com/s/files/1/0834/1733/4050/files/marketing-reporting-posterd4a1.jpg]
[cdn.shopify.com/s/files/1/0834/1733/4050/files/marketing-reporting-posterca7d.jpg]
[cdn.shopify.com/s/files/1/0834/1733/4050/files/metafeildsdata2x5211.jpg]
[cdn.shopify.com/s/files/1/0834/1733/4050/files/metafeildsdata2x52fd.jpg]
[cdn.shopify.com/s/files/1/0834/1733/4050/files/metafeildsdata2x70d1.jpg]
[cdn.shopify.com/s/files/1/0834/1733/4050/files/metafeildsdata2x3f43.jpg]
[cdn.shopify.com/s/files/1/0834/1733/4050/files/metafeildsdata2x31a5.jpg]
[cdn.shopify.com/s/files/1/0834/1733/4050/files/magic-backgrounds-poster-96-percentd419.png]
[cdn.shopify.com/s/files/1/0834/1733/4050/files/magic-backgrounds-poster-96-percent865d.png]
[cdn.shopify.com/s/files/1/0834/1733/4050/files/magic-backgrounds-poster-96-percent376e.png]
[cdn.shopify.com/s/files/1/0834/1733/4050/files/magic-backgrounds-poster-96-percentddd0.png]
[cdn.shopify.com/s/files/1/0834/1733/4050/files/magic-backgrounds-poster-96-percent9d96.png]
[cdn.shopify.com/s/files/1/0834/1733/4050/files/magic-backgrounds-poster-96-percentb150.png]
[cdn.shopify.com/s/files/1/0834/1733/4050/files/magic-backgrounds-poster-96-percent5239.png]
[cdn.shopify.com/s/files/1/0834/1733/4050/files/magic-backgrounds-poster-96-percent1790.png]
[cdn.shopify.com/s/files/1/0834/1733/4050/files/Sidekick2x8ba5.jpg]
[cdn.shopify.com/s/files/1/0834/1733/4050/files/Sidekick2x86a1.jpg]
[cdn.shopify.com/s/files/1/0834/1733/4050/files/Sidekick2xf328.jpg]
[cdn.shopify.com/s/files/1/0834/1733/4050/files/Sidekick2x2e5d.jpg]
[cdn.shopify.com/s/files/1/0834/1733/4050/files/Sidekick2x581f.jpg]
[cdn.shopify.com/s/files/1/0834/1733/4050/files/MagicPages98ca.jpg]
[cdn.shopify.com/s/files/1/0834/1733/4050/files/MagicPages39cb.jpg]
[cdn.shopify.com/s/files/1/0834/1733/4050/files/MagicPages1979.jpg]
[cdn.shopify.com/s/files/1/0834/1733/4050/files/MagicPages6c3f.jpg]
[cdn.shopify.com/s/files/1/0834/1733/4050/files/MagicPages020c.jpg]
[cdn.shopify.com/s/files/1/0834/1733/4050/files/Magiccasestudy2xeebd.jpg]
[cdn.shopify.com/s/files/1/0834/1733/4050/files/Magiccasestudy2x9221.jpg]
[cdn.shopify.com/s/files/1/0834/1733/4050/files/Magiccasestudy2x9128.jpg]
[cdn.shopify.com/s/files/1/0834/1733/4050/files/Magiccasestudy2xf327.jpg]
[cdn.shopify.com/s/files/1/0834/1733/4050/files/Magiccasestudy2xb8a6.jpg]
[www.shopify.com/editions/winter2024/video/centralized-privacy-settings.html]
[www.shopify.com/editions/winter2024/video/shopify-lending.html]
[cdn.shopify.com/s/files/1/0834/1733/4050/files/Shopifycapital2x89fe.png]
[cdn.shopify.com/s/files/1/0834/1733/4050/files/Shopifycapital2xb9d1.png]
[cdn.shopify.com/s/files/1/0834/1733/4050/files/Shopifycapital2xb065.png]
[cdn.shopify.com/s/files/1/0834/1733/4050/files/Shopifycapital2xb540.png]
[cdn.shopify.com/s/files/1/0834/1733/4050/files/Shopifycapital2xc4b8.png]
[cdn.shopify.com/s/files/1/0834/1733/4050/files/Shopifycapital2x28a7.png]
[cdn.shopify.com/s/files/1/0834/1733/4050/files/Shopifycapital2x458d.png]
[cdn.shopify.com/s/files/1/0834/1733/4050/files/Shopifycapital2x83c6.png]
[cdn.shopify.com/s/files/1/0834/1733/4050/files/LineofcreditALT12x4dc0.jpg]
[cdn.shopify.com/s/files/1/0834/1733/4050/files/LineofcreditALT12x9ab5.jpg]
[cdn.shopify.com/s/files/1/0834/1733/4050/files/LineofcreditALT12xe1f0.jpg]
[cdn.shopify.com/s/files/1/0834/1733/4050/files/LineofcreditALT12x0fba.jpg]
[cdn.shopify.com/s/files/1/0834/1733/4050/files/LineofcreditALT12xaeff.jpg]
[cdn.shopify.com/s/files/1/0834/1733/4050/files/ShopifyTermLoansALT12x5ab0.jpg]
[cdn.shopify.com/s/files/1/0834/1733/4050/files/ShopifyTermLoansALT12xaf31.jpg]
[cdn.shopify.com/s/files/1/0834/1733/4050/files/ShopifyTermLoansALT12xfc43.jpg]
[cdn.shopify.com/s/files/1/0834/1733/4050/files/ShopifyTermLoansALT12xfc67.jpg]
[cdn.shopify.com/s/files/1/0834/1733/4050/files/ShopifyTermLoansALT12x0fee.jpg]
[cdn.shopify.com/s/files/1/0834/1733/4050/files/balanceAPY2x4b89.jpg]
[cdn.shopify.com/s/files/1/0834/1733/4050/files/balanceAPY2x5471.jpg]
[cdn.shopify.com/s/files/1/0834/1733/4050/files/balanceAPY2x010d.jpg]
[cdn.shopify.com/s/files/1/0834/1733/4050/files/balanceAPY2x0895.jpg]
[cdn.shopify.com/s/files/1/0834/1733/4050/files/balanceAPY2x5e31.jpg]
[cdn.shopify.com/s/files/1/0834/1733/4050/files/ShopifyTax2x_d50f196e-a2cc-4a9b-915f-84c177b1b92f00a2.png]
[cdn.shopify.com/s/files/1/0834/1733/4050/files/ShopifyTax2x_d50f196e-a2cc-4a9b-915f-84c177b1b92f44c2.png]
[cdn.shopify.com/s/files/1/0834/1733/4050/files/ShopifyTax2x_d50f196e-a2cc-4a9b-915f-84c177b1b92fc7b9.png]
[cdn.shopify.com/s/files/1/0834/1733/4050/files/ShopifyTax2x_d50f196e-a2cc-4a9b-915f-84c177b1b92f9ded.png]
[cdn.shopify.com/s/files/1/0834/1733/4050/files/ShopifyTax2x_d50f196e-a2cc-4a9b-915f-84c177b1b92f1bcd.png]
[cdn.shopify.com/s/files/1/0834/1733/4050/files/ShopifyTax2x_d50f196e-a2cc-4a9b-915f-84c177b1b92f3dc4.png]
[cdn.shopify.com/s/files/1/0834/1733/4050/files/ShopifyTax2x_d50f196e-a2cc-4a9b-915f-84c177b1b92f96be.png]
[cdn.shopify.com/s/files/1/0834/1733/4050/files/ShopifyTax2x_d50f196e-a2cc-4a9b-915f-84c177b1b92f2426.png]
[cdn.shopify.com/s/files/1/0834/1733/4050/files/sqlite-posterc69d.jpg]
[cdn.shopify.com/s/files/1/0834/1733/4050/files/sqlite-poster56f6.jpg]
[cdn.shopify.com/s/files/1/0834/1733/4050/files/sqlite-poster7b4d.jpg]
[cdn.shopify.com/s/files/1/0834/1733/4050/files/sqlite-poster5466.jpg]
[cdn.shopify.com/s/files/1/0834/1733/4050/files/sqlite-poster580a.jpg]
[cdn.shopify.com/s/files/1/0834/1733/4050/files/Mobilewidget-alt2x192a.jpg]
[cdn.shopify.com/s/files/1/0834/1733/4050/files/Mobilewidget-alt2x9d60.jpg]
[cdn.shopify.com/s/files/1/0834/1733/4050/files/Mobilewidget-alt2xe7ab.jpg]
[cdn.shopify.com/s/files/1/0834/1733/4050/files/Mobilewidget-alt2xdc99.jpg]
[cdn.shopify.com/s/files/1/0834/1733/4050/files/Mobilewidget-alt2xeb3c.jpg]
[cdn.shopify.com/s/files/1/0834/1733/4050/files/3DScan-alt22x6b23.jpg]
[cdn.shopify.com/s/files/1/0834/1733/4050/files/3DScan-alt22x166e.jpg]
[cdn.shopify.com/s/files/1/0834/1733/4050/files/3DScan-alt22x7b10.jpg]
[cdn.shopify.com/s/files/1/0834/1733/4050/files/3DScan-alt22x8d48.jpg]
[cdn.shopify.com/s/files/1/0834/1733/4050/files/3DScan-alt22xbf93.jpg]
[cdn.shopify.com/s/files/1/0834/1733/4050/files/Flow2x_979403b1-dd56-4c80-a5d2-4e42b423c8f9eb6e.png]
[cdn.shopify.com/s/files/1/0834/1733/4050/files/Flow2x_979403b1-dd56-4c80-a5d2-4e42b423c8f9947a.png]
[cdn.shopify.com/s/files/1/0834/1733/4050/files/Flow2x_979403b1-dd56-4c80-a5d2-4e42b423c8f92868.png]
[cdn.shopify.com/s/files/1/0834/1733/4050/files/Flow2x_979403b1-dd56-4c80-a5d2-4e42b423c8f94c60.png]
[cdn.shopify.com/s/files/1/0834/1733/4050/files/Flow2x_979403b1-dd56-4c80-a5d2-4e42b423c8f9992d.png]
[cdn.shopify.com/s/files/1/0834/1733/4050/files/Flow2x_979403b1-dd56-4c80-a5d2-4e42b423c8f99f9c.png]
[cdn.shopify.com/s/files/1/0834/1733/4050/files/Flow2x_979403b1-dd56-4c80-a5d2-4e42b423c8f9360d.png]
[cdn.shopify.com/s/files/1/0834/1733/4050/files/Flow2x_979403b1-dd56-4c80-a5d2-4e42b423c8f94822.png]
[www.shopify.com/editions/winter2024/video/shopify-fulfillment-updates.html]
[cdn.shopify.com/s/files/1/0834/1733/4050/files/Addressverification2x6d9e.jpg]
[cdn.shopify.com/s/files/1/0834/1733/4050/files/Addressverification2x99cd.jpg]
[cdn.shopify.com/s/files/1/0834/1733/4050/files/Addressverification2x62b8.jpg]
[cdn.shopify.com/s/files/1/0834/1733/4050/files/Addressverification2xee3b.jpg]
[cdn.shopify.com/s/files/1/0834/1733/4050/files/Addressverification2x09b6.jpg]
[cdn.shopify.com/s/files/1/0834/1733/4050/files/Fufillableinventory2x_8b8c8441-6794-48fc-8c2d-c3775d253abe283e.jpg]
[cdn.shopify.com/s/files/1/0834/1733/4050/files/Fufillableinventory2x_8b8c8441-6794-48fc-8c2d-c3775d253abe4b34.jpg]
[cdn.shopify.com/s/files/1/0834/1733/4050/files/Fufillableinventory2x_8b8c8441-6794-48fc-8c2d-c3775d253abeb428.jpg]
[cdn.shopify.com/s/files/1/0834/1733/4050/files/Fufillableinventory2x_8b8c8441-6794-48fc-8c2d-c3775d253abedd1b.jpg]
[cdn.shopify.com/s/files/1/0834/1733/4050/files/Fufillableinventory2x_8b8c8441-6794-48fc-8c2d-c3775d253abe5316.jpg]
[cdn.shopify.com/s/files/1/0834/1733/4050/files/ShopifyFufillmentnetwork2xd170.jpg]
[cdn.shopify.com/s/files/1/0834/1733/4050/files/ShopifyFufillmentnetwork2x7e92.jpg]
[cdn.shopify.com/s/files/1/0834/1733/4050/files/ShopifyFufillmentnetwork2x2d7b.jpg]
[cdn.shopify.com/s/files/1/0834/1733/4050/files/ShopifyFufillmentnetwork2xa89d.jpg]
[cdn.shopify.com/s/files/1/0834/1733/4050/files/ShopifyFufillmentnetwork2x8e70.jpg]
[cdn.shopify.com/s/files/1/0834/1733/4050/files/Exchanges2x_168c41d5-2bcc-477e-ae95-0e953a7729ab27ec.png]
[cdn.shopify.com/s/files/1/0834/1733/4050/files/Exchanges2x_168c41d5-2bcc-477e-ae95-0e953a7729ab98ef.png]
[cdn.shopify.com/s/files/1/0834/1733/4050/files/Exchanges2x_168c41d5-2bcc-477e-ae95-0e953a7729ab1bf8.png]
[cdn.shopify.com/s/files/1/0834/1733/4050/files/Exchanges2x_168c41d5-2bcc-477e-ae95-0e953a7729ab2d89.png]
[cdn.shopify.com/s/files/1/0834/1733/4050/files/Exchanges2x_168c41d5-2bcc-477e-ae95-0e953a7729ab2010.png]
[cdn.shopify.com/s/files/1/0834/1733/4050/files/Exchanges2x_168c41d5-2bcc-477e-ae95-0e953a7729ab9349.png]
[cdn.shopify.com/s/files/1/0834/1733/4050/files/Exchanges2x_168c41d5-2bcc-477e-ae95-0e953a7729ab2f46.png]
[cdn.shopify.com/s/files/1/0834/1733/4050/files/Exchanges2x_168c41d5-2bcc-477e-ae95-0e953a7729ab72e2.png]
[cdn.shopify.com/s/files/1/0834/1733/4050/files/blocks-poster-96-percentb9f4.png]
[cdn.shopify.com/s/files/1/0834/1733/4050/files/blocks-poster-96-percent5ba3.png]
[cdn.shopify.com/s/files/1/0834/1733/4050/files/blocks-poster-96-percent1526.png]
[cdn.shopify.com/s/files/1/0834/1733/4050/files/blocks-poster-96-percent4b88.png]
[cdn.shopify.com/s/files/1/0834/1733/4050/files/blocks-poster-96-percent6367.png]
[cdn.shopify.com/s/files/1/0834/1733/4050/files/blocks-poster-96-percent43a4.png]
[cdn.shopify.com/s/files/1/0834/1733/4050/files/blocks-poster-96-percent95af.png]
[cdn.shopify.com/s/files/1/0834/1733/4050/files/blocks-poster-96-percent0b2a.png]
[cdn.shopify.com/s/files/1/0834/1733/4050/files/HydrogenNEW2x83eb.png]
[cdn.shopify.com/s/files/1/0834/1733/4050/files/HydrogenNEW2xe03e.png]
[cdn.shopify.com/s/files/1/0834/1733/4050/files/HydrogenNEW2x43c0.png]
[cdn.shopify.com/s/files/1/0834/1733/4050/files/HydrogenNEW2x0261.png]
[cdn.shopify.com/s/files/1/0834/1733/4050/files/HydrogenNEW2xc4b2.png]
[cdn.shopify.com/s/files/1/0834/1733/4050/files/HydrogenNEW2x34ae.png]
[cdn.shopify.com/s/files/1/0834/1733/4050/files/HydrogenNEW2x8ccb.png]
[cdn.shopify.com/s/files/1/0834/1733/4050/files/HydrogenNEW2xe834.png]
[www.shopify.com/editions/winter2024/video/customer-accounts-ui-extensions.html]
[cdn.shopify.com/s/files/1/0834/1733/4050/files/CheckoutextensTY2x7164.jpg]
[cdn.shopify.com/s/files/1/0834/1733/4050/files/CheckoutextensTY2x83d9.jpg]
[cdn.shopify.com/s/files/1/0834/1733/4050/files/CheckoutextensTY2x7cf9.jpg]
[cdn.shopify.com/s/files/1/0834/1733/4050/files/CheckoutextensTY2xed6f.jpg]
[cdn.shopify.com/s/files/1/0834/1733/4050/files/CheckoutextensTY2x3451.jpg]
[cdn.shopify.com/s/files/1/0834/1733/4050/files/customize-checkout-poster9ba1.jpg]
[cdn.shopify.com/s/files/1/0834/1733/4050/files/customize-checkout-posterd500.jpg]
[cdn.shopify.com/s/files/1/0834/1733/4050/files/customize-checkout-poster42b2.jpg]
[cdn.shopify.com/s/files/1/0834/1733/4050/files/customize-checkout-poster6bab.jpg]
[cdn.shopify.com/s/files/1/0834/1733/4050/files/customize-checkout-poster481c.jpg]
[cdn.shopify.com/s/files/1/0834/1733/4050/files/CheckoutShopifyfunctions2x395d.jpg]
[cdn.shopify.com/s/files/1/0834/1733/4050/files/CheckoutShopifyfunctions2x4bfc.jpg]
[cdn.shopify.com/s/files/1/0834/1733/4050/files/CheckoutShopifyfunctions2xf7a3.jpg]
[cdn.shopify.com/s/files/1/0834/1733/4050/files/CheckoutShopifyfunctions2x44f0.jpg]
[cdn.shopify.com/s/files/1/0834/1733/4050/files/CheckoutShopifyfunctions2x7497.jpg]
[cdn.shopify.com/s/files/1/0834/1733/4050/files/dev-blocks-poster-96-percent7b1e.png]
[cdn.shopify.com/s/files/1/0834/1733/4050/files/dev-blocks-poster-96-percent7f70.png]
[cdn.shopify.com/s/files/1/0834/1733/4050/files/dev-blocks-poster-96-percent388c.png]
[cdn.shopify.com/s/files/1/0834/1733/4050/files/dev-blocks-poster-96-percent0983.png]
[cdn.shopify.com/s/files/1/0834/1733/4050/files/dev-blocks-poster-96-percent5e8d.png]
[cdn.shopify.com/s/files/1/0834/1733/4050/files/dev-blocks-poster-96-percentbe30.png]
[cdn.shopify.com/s/files/1/0834/1733/4050/files/dev-blocks-poster-96-percente946.png]
[cdn.shopify.com/s/files/1/0834/1733/4050/files/dev-blocks-poster-96-percent1c6f.png]
[cdn.shopify.com/s/files/1/0834/1733/4050/files/ShippingDiscount2x57ba.jpg]
[cdn.shopify.com/s/files/1/0834/1733/4050/files/ShippingDiscount2x34aa.jpg]
[cdn.shopify.com/s/files/1/0834/1733/4050/files/ShippingDiscount2x212a.jpg]
[cdn.shopify.com/s/files/1/0834/1733/4050/files/ShippingDiscount2x4973.jpg]
[cdn.shopify.com/s/files/1/0834/1733/4050/files/ShippingDiscount2x9c6c.jpg]
[cdn.shopify.com/s/files/1/0834/1733/4050/files/Discountallocatorfunc2x6d668.jpg]
[cdn.shopify.com/s/files/1/0834/1733/4050/files/Discountallocatorfunc2x6a0b9.jpg]
[cdn.shopify.com/s/files/1/0834/1733/4050/files/Discountallocatorfunc2x69147.jpg]
[cdn.shopify.com/s/files/1/0834/1733/4050/files/Discountallocatorfunc2x66f7f.jpg]
[cdn.shopify.com/s/files/1/0834/1733/4050/files/Discountallocatorfunc2x67a7c.jpg]
[cdn.shopify.com/s/files/1/0834/1733/4050/files/Discountallocatorfunc2xd519.jpg]
[cdn.shopify.com/s/files/1/0834/1733/4050/files/Discountallocatorfunc2x98d1.jpg]
[cdn.shopify.com/s/files/1/0834/1733/4050/files/Discountallocatorfunc2x6318.jpg]
[cdn.shopify.com/s/files/1/0834/1733/4050/files/Discountallocatorfunc2x1e72.jpg]
[cdn.shopify.com/s/files/1/0834/1733/4050/files/Discountallocatorfunc2x9d6b.jpg]
[cdn.shopify.com/s/files/1/0834/1733/4050/files/store-credit-poster3361.png]
[cdn.shopify.com/s/files/1/0834/1733/4050/files/store-credit-posterb5c9.png]
[cdn.shopify.com/s/files/1/0834/1733/4050/files/store-credit-poster4c1b.png]
[cdn.shopify.com/s/files/1/0834/1733/4050/files/store-credit-poster2dc2.png]
[cdn.shopify.com/s/files/1/0834/1733/4050/files/store-credit-posteraf41.png]
[cdn.shopify.com/s/files/1/0834/1733/4050/files/store-credit-poster0a89.png]
[cdn.shopify.com/s/files/1/0834/1733/4050/files/store-credit-poster4ddd.png]
[cdn.shopify.com/s/files/1/0834/1733/4050/files/store-credit-poster7b47.png]
[www.shopify.com/editions/winter2024/video/shopify-flow-for-developers.html]
[cdn.shopify.com/s/files/1/0834/1733/4050/files/app-development-poster-96-percent8111.png]
[cdn.shopify.com/s/files/1/0834/1733/4050/files/app-development-poster-96-percent8445.png]
[cdn.shopify.com/s/files/1/0834/1733/4050/files/app-development-poster-96-percent7205.png]
[cdn.shopify.com/s/files/1/0834/1733/4050/files/app-development-poster-96-percent6f38.png]
[cdn.shopify.com/s/files/1/0834/1733/4050/files/app-development-poster-96-percent4546.png]
[cdn.shopify.com/s/files/1/0834/1733/4050/files/app-development-poster-96-percent2ff7.png]
[cdn.shopify.com/s/files/1/0834/1733/4050/files/app-development-poster-96-percent0a6d.png]
[cdn.shopify.com/s/files/1/0834/1733/4050/files/app-development-poster-96-percent0006.png]
[cdn.shopify.com/s/files/1/0834/1733/4050/files/webhook2x8038.jpg]
[cdn.shopify.com/s/files/1/0834/1733/4050/files/webhook2x6261.jpg]
[cdn.shopify.com/s/files/1/0834/1733/4050/files/webhook2xde9a.jpg]
[cdn.shopify.com/s/files/1/0834/1733/4050/files/webhook2x69bb.jpg]
[cdn.shopify.com/s/files/1/0834/1733/4050/files/webhook2xcf84.jpg]
[cdn.shopify.com/s/files/1/0834/1733/4050/files/dev-functions-poster-100-percenta882.png]
[cdn.shopify.com/s/files/1/0834/1733/4050/files/dev-functions-poster-100-percenta425.png]
[cdn.shopify.com/s/files/1/0834/1733/4050/files/dev-functions-poster-100-percent68e3.png]
[cdn.shopify.com/s/files/1/0834/1733/4050/files/dev-functions-poster-100-percenteaa7.png]
[cdn.shopify.com/s/files/1/0834/1733/4050/files/dev-functions-poster-100-percent5930.png]
[cdn.shopify.com/s/files/1/0834/1733/4050/files/metafeildsdev2x1ac8.jpg]
[cdn.shopify.com/s/files/1/0834/1733/4050/files/metafeildsdev2x0d4b.jpg]
[cdn.shopify.com/s/files/1/0834/1733/4050/files/metafeildsdev2x1e40.jpg]
[cdn.shopify.com/s/files/1/0834/1733/4050/files/metafeildsdev2x882c.jpg]
[cdn.shopify.com/s/files/1/0834/1733/4050/files/metafeildsdev2x8930.jpg]
[cdn.shopify.com/s/files/1/0834/1733/4050/files/GraphQL2x_8fb74215-94dd-4ed8-8e48-ec13494344497709.png]
[cdn.shopify.com/s/files/1/0834/1733/4050/files/GraphQL2x_8fb74215-94dd-4ed8-8e48-ec1349434449e284.png]
[cdn.shopify.com/s/files/1/0834/1733/4050/files/GraphQL2x_8fb74215-94dd-4ed8-8e48-ec1349434449f862.png]
[cdn.shopify.com/s/files/1/0834/1733/4050/files/GraphQL2x_8fb74215-94dd-4ed8-8e48-ec1349434449d7b0.png]
[cdn.shopify.com/s/files/1/0834/1733/4050/files/GraphQL2x_8fb74215-94dd-4ed8-8e48-ec13494344497df9.png]
[cdn.shopify.com/s/files/1/0834/1733/4050/files/GraphQL2x_8fb74215-94dd-4ed8-8e48-ec1349434449e64a.png]
[cdn.shopify.com/s/files/1/0834/1733/4050/files/GraphQL2x_8fb74215-94dd-4ed8-8e48-ec1349434449e16d.png]
[cdn.shopify.com/s/files/1/0834/1733/4050/files/GraphQL2x_8fb74215-94dd-4ed8-8e48-ec1349434449ee80.png]
[cdn.shopify.com/s/files/1/0834/1733/4050/files/keyboard-poster0b5c.png]
[cdn.shopify.com/s/files/1/0834/1733/4050/files/keyboard-posterdba3.png]
[cdn.shopify.com/s/files/1/0834/1733/4050/files/keyboard-poster5f10.png]
[cdn.shopify.com/s/files/1/0834/1733/4050/files/keyboard-poster41af.png]
[cdn.shopify.com/s/files/1/0834/1733/4050/files/keyboard-poster1897.png]
[cdn.shopify.com/s/files/1/0834/1733/4050/files/keyboard-poster9bd3.png]
[cdn.shopify.com/s/files/1/0834/1733/4050/files/keyboard-poster2a85.png]
[cdn.shopify.com/s/files/1/0834/1733/4050/files/keyboard-poster9fb0.png]
[cdn.shopify.com/s/files/1/0834/1733/4050/files/SponsoredApps2x7c50.jpg]
[cdn.shopify.com/s/files/1/0834/1733/4050/files/SponsoredApps2x038a.jpg]
[cdn.shopify.com/s/files/1/0834/1733/4050/files/SponsoredApps2x8d9c.jpg]
[cdn.shopify.com/s/files/1/0834/1733/4050/files/SponsoredApps2x96fb.jpg]
[cdn.shopify.com/s/files/1/0834/1733/4050/files/SponsoredApps2x48d3.jpg]
[cdn.shopify.com/s/files/1/0834/1733/4050/files/Compareappsalt2x_895293bf-9188-4d77-9b8d-11b62b9ca4c7f91a.jpg]
[cdn.shopify.com/s/files/1/0834/1733/4050/files/Compareappsalt2x_895293bf-9188-4d77-9b8d-11b62b9ca4c750cc.jpg]
[cdn.shopify.com/s/files/1/0834/1733/4050/files/Compareappsalt2x_895293bf-9188-4d77-9b8d-11b62b9ca4c703c6.jpg]
[cdn.shopify.com/s/files/1/0834/1733/4050/files/Compareappsalt2x_895293bf-9188-4d77-9b8d-11b62b9ca4c7641d.jpg]
[cdn.shopify.com/s/files/1/0834/1733/4050/files/Appinsightsalt2xdb73.jpg]
[cdn.shopify.com/s/files/1/0834/1733/4050/files/Appinsightsalt2xf9cb.jpg]
[cdn.shopify.com/s/files/1/0834/1733/4050/files/Appinsightsalt2xbeae.jpg]
[cdn.shopify.com/s/files/1/0834/1733/4050/files/Appinsightsalt2x5e90.jpg]
[cdn.shopify.com/s/files/1/0834/1733/4050/files/Appinsightsalt2x6177.jpg]
[www.shopify.com/editions/winter2024/chill-hill.html]
[cdn.shopify.com/s/files/1/0834/1733/4050/files/Frame_15650074367c8f.jpg]
[cdn.shopify.com/oxygen-v2/29944/20751/42927/4074605/assets/manifest-6f51535d.js]
[cdn.shopify.com/oxygen-v2/29944/20751/42927/4074605/assets/entry.client-8_v5-kZD.js]
[cdn.shopify.com/oxygen-v2/29944/20751/42927/4074605/assets/components-CxzXq4Dg.js]
[cdn.shopify.com/oxygen-v2/29944/20751/42927/4074605/assets/client-CB5WnI_v.js]
[cdn.shopify.com/oxygen-v2/29944/20751/42927/4074605/assets/Button-OyRsnAo4.js]
[cdn.shopify.com/oxygen-v2/29944/20751/42927/4074605/assets/ShopifyMerchantContext-BjaDzBr9.js]
[cdn.shopify.com/oxygen-v2/29944/20751/42927/4074605/assets/constants-BhWDocI-.js]
[cdn.shopify.com/oxygen-v2/29944/20751/42927/4074605/assets/root-CDqs3md0.js]
[cdn.shopify.com/oxygen-v2/29944/20751/42927/4074605/assets/Icon-XyI3OSrY.js]
[cdn.shopify.com/oxygen-v2/29944/20751/42927/4074605/assets/NavigationProductList-V9O7h6zv.js]
[cdn.shopify.com/oxygen-v2/29944/20751/42927/4074605/assets/ColorSwipeTransition-BmZGR08a.js]
[cdn.shopify.com/oxygen-v2/29944/20751/42927/4074605/assets/meta-DcHu47IY.js]
[cdn.shopify.com/oxygen-v2/29944/20751/42927/4074605/assets/(_lang).editions.winter2024-2pDip7QR.js]
[cdn.shopify.com/s/files/1/0834/1733/4050/files/preview_images/dd55a90d71ca41fc84eccae53201b1c2.thumbnail.000000000063ae.jpg]
[cdn.shopify.com/s/files/1/0834/1733/4050/files/preview_images/hqdefault_266771eb-15dc-4dd2-ba43-e7fac57baca7deb3.jpg]
[cdn.shopify.com/s/files/1/0834/1733/4050/files/preview_images/e269bcdee2e748c4bd35343088b4062a.thumbnail.0000000000cea6.jpg]
[cdn.shopify.com/s/files/1/0834/1733/4050/files/combined-listings-poster8660.jpg]
[cdn.shopify.com/s/files/1/0834/1733/4050/files/blue-helmet-1-29b1fe.png]
[cdn.shopify.com/s/files/1/0834/1733/4050/files/purple-helmet-1-29b1fe.png]
[cdn.shopify.com/s/files/1/0834/1733/4050/files/silver-helmet-1-29b1fe.png]
[cdn.shopify.com/s/files/1/0834/1733/4050/files/card-1-29b1fe.png]
[cdn.shopify.com/s/files/1/0834/1733/4050/files/card-shadow-1-29b1fe.png]
[cdn.shopify.com/s/files/1/0834/1733/4050/files/combined-listings-bg-1-2936b7.jpg]
[cdn.shopify.com/s/files/1/0834/1733/4050/files/Taxonomy2x_cb03dac5-a504-4dcd-8478-a22ac7be92f785cc.jpg]
[cdn.shopify.com/s/files/1/0834/1733/4050/files/2000-variants-poster_fd488f2e-7dc9-4bb3-8cd2-557f2e7e77bd19ab.jpg]
[cdn.shopify.com/s/files/1/0834/1733/4050/files/2000-variants-poster0e14.jpg]
[cdn.shopify.com/s/files/1/0834/1733/4050/files/2k-blue-1-29999a.png]
[cdn.shopify.com/s/files/1/0834/1733/4050/files/variants-bg-1-29999a.jpg]
[cdn.shopify.com/s/files/1/0834/1733/4050/files/2k-pink-1-29999a.png]
[cdn.shopify.com/s/files/1/0834/1733/4050/files/2k-popsicle-1-29999a.png]
[cdn.shopify.com/s/files/1/0834/1733/4050/files/2k-purple-1-29999a.png]
[cdn.shopify.com/s/files/1/0834/1733/4050/files/2k-yellow-1-29999a.png]
[cdn.shopify.com/s/files/1/0834/1733/4050/files/2k-green-1-29999a.png]
[cdn.shopify.com/s/files/1/0834/1733/4050/files/2k-layer-1-2-1-30ef76.png]
[cdn.shopify.com/s/files/1/0834/1733/4050/files/2k-layer-2-2-1-30ef76.png]
[cdn.shopify.com/s/files/1/0834/1733/4050/files/2k-layer-4-1-30ef76.png]
[cdn.shopify.com/s/files/1/0834/1733/4050/files/2k-layer-1-1-1-30ef76.png]
[cdn.shopify.com/s/files/1/0834/1733/4050/files/2k-layer-1-3-1-30ef76.png]
[cdn.shopify.com/s/files/1/0834/1733/4050/files/2k-layer-2-1-1-30ef76.png]
[cdn.shopify.com/s/files/1/0834/1733/4050/files/2k-layer-3-1-1-30ef76.png]
[cdn.shopify.com/s/files/1/0834/1733/4050/files/2k-layer-3-2-1-30ef76.png]
[cdn.shopify.com/s/files/1/0834/1733/4050/files/semantic-search-poster_5fd27819-e751-4f23-9e2d-b3c5c740d8192e93.png]
[cdn.shopify.com/s/files/1/0834/1733/4050/files/semantic-search-poster-96-percent0be8.png]
[cdn.shopify.com/s/files/1/0834/1733/4050/files/faded-product-1-1-29f646.png]
[cdn.shopify.com/s/files/1/0834/1733/4050/files/semantic-product-4-1-29f646.jpg]
[cdn.shopify.com/s/files/1/0834/1733/4050/files/semantic-homepage-1-29f646.png]
[cdn.shopify.com/s/files/1/0834/1733/4050/files/semantic-menu-1-29f646.png]
[cdn.shopify.com/s/files/1/0834/1733/4050/files/semantic-product-1-1-29f646.jpg]
[cdn.shopify.com/s/files/1/0834/1733/4050/files/semantic-product-2-1-29f646.jpg]
[cdn.shopify.com/s/files/1/0834/1733/4050/files/semantic-product-3-1-29f646.jpg]
[cdn.shopify.com/s/files/1/0834/1733/4050/files/semantic-drop-shadow-1-29f646.png]
[cdn.shopify.com/s/files/1/0834/1733/4050/files/faded-product-4-1-29f646.png]
[cdn.shopify.com/s/files/1/0834/1733/4050/files/faded-product-3-1-29f646.png]
[cdn.shopify.com/s/files/1/0834/1733/4050/files/faded-product-2-1-29f646.png]
[cdn.shopify.com/s/files/1/0834/1733/4050/files/Subscriptions2x_0c819b5b-51a5-40c1-8a45-36bb2390bfc2f1b0.png]
[cdn.shopify.com/s/files/1/0834/1733/4050/files/Bundles-editions2622.jpg]
[cdn.shopify.com/s/files/1/0834/1733/4050/files/Draftorders2x9450.jpg]
[cdn.shopify.com/s/files/1/0834/1733/4050/files/Discounts2x_4a77a21d-e819-46dd-b63f-e65957a9849d09e9.jpg]
[cdn.shopify.com/s/files/1/0834/1733/4050/files/preview_images/8aa806e519ab43dd9d5eed743c421117.thumbnail.0000000000bc5f.jpg]
[cdn.shopify.com/s/files/1/0834/1733/4050/files/preview_images/hqdefault_c3672788-a383-4ee6-ae1f-4b00c2f3b0809c6b.jpg]
[cdn.shopify.com/s/files/1/0834/1733/4050/files/preview_images/fa3b9ac08a154e4c8e2b829620730fac.thumbnail.0000000000d30e.jpg]
[cdn.shopify.com/s/files/1/0834/1733/4050/files/faster-checkout-poster_b3334a0c-31a2-4373-b605-fb916a2ea6ca10f7.jpg]
[cdn.shopify.com/s/files/1/0834/1733/4050/files/faster-checkout-posterf793.jpg]
[cdn.shopify.com/s/files/1/0834/1733/4050/files/checkout-bg-1-294112.jpg]
[cdn.shopify.com/s/files/1/0834/1733/4050/files/checkout-device-1-294112.png]
[cdn.shopify.com/s/files/1/0834/1733/4050/files/checkout-map-1-294112.jpg]
[cdn.shopify.com/s/files/1/0834/1733/4050/files/checkout-puffy-1-294112.jpg]
[cdn.shopify.com/s/files/1/0834/1733/4050/files/Checkoutcasestudy2xa47a.jpg]
[cdn.shopify.com/s/files/1/0834/1733/4050/files/checkoutapps2xe10c.jpg]
[cdn.shopify.com/s/files/1/0834/1733/4050/files/checkoutsheet2xd466.jpg]
[cdn.shopify.com/s/files/1/0834/1733/4050/files/SPI2x3b53.jpg]
[cdn.shopify.com/s/files/1/0834/1733/4050/files/ShopPayEnterprise_2x_e2c1bfb1-ee06-4576-ba66-203dae1933dfdc5e.jpg]
[cdn.shopify.com/s/files/1/0834/1733/4050/files/StorePerformance2x1212.png]
[cdn.shopify.com/s/files/1/0834/1733/4050/files/pos-terminal-poster_18335f40-23b8-44a9-971e-5b2cb62a2f90f72f.png]
[cdn.shopify.com/s/files/1/0834/1733/4050/files/pos-popster-100-percent76e0.png]
[cdn.shopify.com/s/files/1/0834/1733/4050/files/pos-branded-screen-1-295652.jpg]
[cdn.shopify.com/s/files/1/0834/1733/4050/files/pos-terminal-1-2984df.png]
[cdn.shopify.com/s/files/1/0834/1733/4050/files/pos-loading-1-2984df.png]
[cdn.shopify.com/s/files/1/0834/1733/4050/files/pos-credit-card-1-2984df.png]
[cdn.shopify.com/s/files/1/0834/1733/4050/files/POSUIextensions2x6372.jpg]
[cdn.shopify.com/s/files/1/0834/1733/4050/files/POSsmartgridcustomizationM2x1c4d.jpg]
[cdn.shopify.com/s/files/1/0834/1733/4050/files/POSreciept2xeb6c.jpg]
[cdn.shopify.com/s/files/1/0834/1733/4050/files/preview_images/8ba2b8397b234aff87a1c6836247c8a0.thumbnail.0000000000e466.jpg]
[cdn.shopify.com/s/files/1/0834/1733/4050/files/preview_images/hqdefault_f00f09c7-8232-434a-9576-799cfc3699107c94.jpg]
[cdn.shopify.com/s/files/1/0834/1733/4050/files/preview_images/b56d5f3fab254224b7f26fd6ceff4d95.thumbnail.00000000000d02.jpg]
[cdn.shopify.com/s/files/1/0834/1733/4050/files/b2b-sales-rep-poster_a6d255be-75a4-4acc-86de-051276b692080ae8.png]
[cdn.shopify.com/s/files/1/0834/1733/4050/files/b2b-reps-poster-100-percent4b04.png]
[cdn.shopify.com/s/files/1/0834/1733/4050/files/bagb862.jpg]
[cdn.shopify.com/s/files/1/0834/1733/4050/files/sales-rep-avatarb862.png]
[cdn.shopify.com/s/files/1/0834/1733/4050/files/goggles8aed.jpg]
[cdn.shopify.com/s/files/1/0834/1733/4050/files/helmet-18aed.jpg]
[cdn.shopify.com/s/files/1/0834/1733/4050/files/helmet-38aed.jpg]
[cdn.shopify.com/s/files/1/0834/1733/4050/files/jacket-18aed.jpg]
[cdn.shopify.com/s/files/1/0834/1733/4050/files/jacket-38aed.jpg]
[cdn.shopify.com/s/files/1/0834/1733/4050/files/jacket-48aed.jpg]
[cdn.shopify.com/s/files/1/0834/1733/4050/files/jacket-68aed.jpg]
[cdn.shopify.com/s/files/1/0834/1733/4050/files/jacket-78aed.jpg]
[cdn.shopify.com/s/files/1/0834/1733/4050/files/order-blurb862.png]
[cdn.shopify.com/s/files/1/0834/1733/4050/files/jacket-8b862.jpg]
[cdn.shopify.com/s/files/1/0834/1733/4050/files/jacket-9b862.jpg]
[cdn.shopify.com/s/files/1/0834/1733/4050/files/jacket-5b862.jpg]
[cdn.shopify.com/s/files/1/0834/1733/4050/files/jacket-2b862.jpg]
[cdn.shopify.com/s/files/1/0834/1733/4050/files/helmet-2b862.jpg]
[cdn.shopify.com/s/files/1/0834/1733/4050/files/bootsb862.jpg]
[cdn.shopify.com/s/files/1/0834/1733/4050/files/B2BTheme-NEW2x_7113db66-4165-49ee-b6e8-7fe911eb38504305.jpg]
[cdn.shopify.com/s/files/1/0834/1733/4050/files/B2BHeadless2x4958.jpg]
[cdn.shopify.com/s/files/1/0834/1733/4050/files/B2BDiscounts2xa228.jpg]
[cdn.shopify.com/s/files/1/0834/1733/4050/files/Collectivesearch2x_a7fd380b-a016-4817-b899-158b1504bd1ded6d.jpg]
[cdn.shopify.com/s/files/1/0834/1733/4050/files/Collectivetimeline2x_f06cdcf7-ec11-4c9d-a6d8-122fc861c1488f70.jpg]
[cdn.shopify.com/s/files/1/0834/1733/4050/files/faire-poster_52b52584-c3af-464a-8ea4-89a2237834dfb695.jpg]
[cdn.shopify.com/s/files/1/0834/1733/4050/files/faire-poster51f3.jpg]
[cdn.shopify.com/s/files/1/0834/1733/4050/files/faire-bg-1-29c70f.jpg]
[cdn.shopify.com/s/files/1/0834/1733/4050/files/Marketplaceinventory2xf983.jpg]
[cdn.shopify.com/s/files/1/0834/1733/4050/files/amazon-poster_6893ed64-be2e-4273-a06f-15b4a3383e14460c.jpg]
[cdn.shopify.com/s/files/1/0834/1733/4050/files/amazon-poster9379.jpg]
[cdn.shopify.com/s/files/1/0834/1733/4050/files/amazon-logo3139.png]
[cdn.shopify.com/s/files/1/0834/1733/4050/files/box-glow3139.png]
[cdn.shopify.com/s/files/1/0834/1733/4050/files/jacket3139.jpg]
[cdn.shopify.com/s/files/1/0834/1733/4050/files/preview_images/be1b0a35e3aa48bcab1e53c16ffa8ddf.thumbnail.00000000000c89.jpg]
[cdn.shopify.com/s/files/1/0834/1733/4050/files/MarketsProL2x7021.png]
[cdn.shopify.com/s/files/1/0834/1733/4050/files/MarketsProDHL2xd5b9.jpg]
[cdn.shopify.com/s/files/1/0834/1733/4050/files/Marketsanalytics2x4a1e.jpg]
[cdn.shopify.com/s/files/1/0834/1733/4050/files/TranslateSearch2xd9e8.jpg]
[cdn.shopify.com/s/files/1/0834/1733/4050/files/audiences-poster_371304f3-915b-4c4f-9c72-41c39999472189a8.png]
[cdn.shopify.com/s/files/1/0834/1733/4050/files/audiences-poster-100-percented42.png]
[cdn.shopify.com/s/files/1/0834/1733/4050/files/lookalike-blur-1-29c2f5.png]
[cdn.shopify.com/s/files/1/0834/1733/4050/files/avatar-4c90a.png]
[cdn.shopify.com/s/files/1/0834/1733/4050/files/avatar-7c90a.png]
[cdn.shopify.com/s/files/1/0834/1733/4050/files/avatar-6f648.png]
[cdn.shopify.com/s/files/1/0834/1733/4050/files/avatar-2c90a.png]
[cdn.shopify.com/s/files/1/0834/1733/4050/files/avatar-9c90a.png]
[cdn.shopify.com/s/files/1/0834/1733/4050/files/ad-imagec90a.png]
[cdn.shopify.com/s/files/1/0834/1733/4050/files/avatar-10c90a.png]
[cdn.shopify.com/s/files/1/0834/1733/4050/files/avatar-5c90a.png]
[cdn.shopify.com/s/files/1/0834/1733/4050/files/avatar-11c90a.png]
[cdn.shopify.com/s/files/1/0834/1733/4050/files/avatar-1c90a.png]
[cdn.shopify.com/s/files/1/0834/1733/4050/files/avatar-154ba7.png]
[cdn.shopify.com/s/files/1/0834/1733/4050/files/avatar-13c90a.png]
[cdn.shopify.com/s/files/1/0834/1733/4050/files/avatar-14f648.png]
[cdn.shopify.com/s/files/1/0834/1733/4050/files/avatar-18c90a.png]
[cdn.shopify.com/s/files/1/0834/1733/4050/files/avatar-16f648.png]
[cdn.shopify.com/s/files/1/0834/1733/4050/files/avatar-17c90a.png]
[cdn.shopify.com/s/files/1/0834/1733/4050/files/avatar-3c90a.png]
[cdn.shopify.com/s/files/1/0834/1733/4050/files/avatar-8c90a.png]
[cdn.shopify.com/s/files/1/0834/1733/4050/files/avatar-19c90a.png]
[cdn.shopify.com/s/files/1/0834/1733/4050/files/avatar-12c90a.png]
[cdn.shopify.com/s/files/1/0834/1733/4050/files/avatar-240eae.png]
[cdn.shopify.com/s/files/1/0834/1733/4050/files/avatar-21cfcf.png]
[cdn.shopify.com/s/files/1/0834/1733/4050/files/avatar-230eae.png]
[cdn.shopify.com/s/files/1/0834/1733/4050/files/avatar-22cfcf.png]
[cdn.shopify.com/s/files/1/0834/1733/4050/files/avatar-27cfcf.png]
[cdn.shopify.com/s/files/1/0834/1733/4050/files/avatar-25cfcf.png]
[cdn.shopify.com/s/files/1/0834/1733/4050/files/avatar-200eae.png]
[cdn.shopify.com/s/files/1/0834/1733/4050/files/glowcfcf.png]
[cdn.shopify.com/s/files/1/0834/1733/4050/files/avatar-26cfcf.png]
[cdn.shopify.com/s/files/1/0834/1733/4050/files/prospecting-blur0eae.png]
[cdn.shopify.com/s/files/1/0834/1733/4050/files/AudiencesL2x_cf9c7f34-a55a-416b-8577-3cb9a7400d505265.png]
[cdn.shopify.com/s/files/1/0834/1733/4050/files/collabs-posteraf46.jpg]
[cdn.shopify.com/s/files/1/0834/1733/4050/files/collab-1-1-297aec.jpg]
[cdn.shopify.com/s/files/1/0834/1733/4050/files/collabs-bg-1-297aec.jpg]
[cdn.shopify.com/s/files/1/0834/1733/4050/files/collab-9-1-297aec.jpg]
[cdn.shopify.com/s/files/1/0834/1733/4050/files/collab-8-1-297aec.jpg]
[cdn.shopify.com/s/files/1/0834/1733/4050/files/collab-7-1-297aec.jpg]
[cdn.shopify.com/s/files/1/0834/1733/4050/files/collab-2-1-297aec.jpg]
[cdn.shopify.com/s/files/1/0834/1733/4050/files/collab-3-1-297aec.jpg]
[cdn.shopify.com/s/files/1/0834/1733/4050/files/collab-4-1-297aec.jpg]
[cdn.shopify.com/s/files/1/0834/1733/4050/files/collab-5-1-297aec.jpg]
[cdn.shopify.com/s/files/1/0834/1733/4050/files/collab-6-1-297aec.jpg]
[cdn.shopify.com/s/files/1/0834/1733/4050/files/collab-13-1-297aec.jpg]
[cdn.shopify.com/s/files/1/0834/1733/4050/files/collab-12-1-297aec.jpg]
[cdn.shopify.com/s/files/1/0834/1733/4050/files/collab-11-1-297aec.jpg]
[cdn.shopify.com/s/files/1/0834/1733/4050/files/collab-10-1-297aec.jpg]
[cdn.shopify.com/s/files/1/0834/1733/4050/files/Collabs-autopay2x0dc4.jpg]
[cdn.shopify.com/s/files/1/0834/1733/4050/files/Collabs-profile2x8327.jpg]
[cdn.shopify.com/s/files/1/0834/1733/4050/files/shop-campaigns-poster_4a0638ef-f65d-4bc6-8f2e-a6b1bb10d9836fcc.png]
[cdn.shopify.com/s/files/1/0834/1733/4050/files/shop-campaign-poster-100-percent-v22da3.png]
[cdn.shopify.com/s/files/1/0834/1733/4050/files/instagram-1-296a34.jpg]
[cdn.shopify.com/s/files/1/0834/1733/4050/files/shop-app-1-296a34.jpg]
[cdn.shopify.com/s/files/1/0834/1733/4050/files/shop-campaigns-device-1-296a34.png]
[cdn.shopify.com/s/files/1/0834/1733/4050/files/coin-432ce.png]
[cdn.shopify.com/s/files/1/0834/1733/4050/files/coin-532ce.png]
[cdn.shopify.com/s/files/1/0834/1733/4050/files/coin-332ce.png]
[cdn.shopify.com/s/files/1/0834/1733/4050/files/dot-glow32ce.png]
[cdn.shopify.com/s/files/1/0834/1733/4050/files/coin-232ce.png]
[cdn.shopify.com/s/files/1/0834/1733/4050/files/coin-132ce.png]
[cdn.shopify.com/s/files/1/0834/1733/4050/files/ShopCasestudy01m2x_5e90a1b8-a6ea-496e-9b09-39d6df9b0cb55ed4.png]
[cdn.shopify.com/s/files/1/0834/1733/4050/files/preview_images/a16248802c944d8cbcffa9e8d8d6ed16.thumbnail.00000000007f99.jpg]
[cdn.shopify.com/s/files/1/0834/1733/4050/files/Shopleadcapture2xbfba.jpg]
[cdn.shopify.com/s/files/1/0834/1733/4050/files/ShopASsistant2x8e9f.jpg]
[cdn.shopify.com/s/files/1/0834/1733/4050/files/ReviewsL2xb321.png]
[cdn.shopify.com/s/files/1/0834/1733/4050/files/Marketingintegrations2x2c1a.jpg]
[cdn.shopify.com/s/files/1/0834/1733/4050/files/marketing-reporting-poster_78386a63-a829-43f3-91a4-12fd6890ef1c78af.jpg]
[cdn.shopify.com/s/files/1/0834/1733/4050/files/marketing-reporting-posterd496.jpg]
[cdn.shopify.com/s/files/1/0834/1733/4050/files/marketing-reporting-1-29a0c8.jpg]
[cdn.shopify.com/s/files/1/0834/1733/4050/files/reporting-data-table-1-29a0c8.png]
[cdn.shopify.com/s/files/1/0834/1733/4050/files/reporting-plate-container-1-29a0c8.png]
[cdn.shopify.com/s/files/1/0834/1733/4050/files/reporting-shadow-1-29a0c8.png]
[cdn.shopify.com/s/files/1/0834/1733/4050/files/metafeildsdata2xab68.jpg]
[cdn.shopify.com/s/files/1/0834/1733/4050/files/magic-bg-poster_95dcb7d0-4b69-41bc-bc05-bd36ca5c79f663c8.png]
[cdn.shopify.com/s/files/1/0834/1733/4050/files/magic-backgrounds-poster-96-percente75b.png]
[cdn.shopify.com/s/files/1/0834/1733/4050/files/magic-bg-2-1-29db74.jpg]
[cdn.shopify.com/s/files/1/0834/1733/4050/files/pressed-button-1-29db74.png]
[cdn.shopify.com/s/files/1/0834/1733/4050/files/magic-big-star-1-29db74.png]
[cdn.shopify.com/s/files/1/0834/1733/4050/files/magic-bg-blurry-1-29db74.png]
[cdn.shopify.com/s/files/1/0834/1733/4050/files/magic-bg-1-1-29db74.jpg]
[cdn.shopify.com/s/files/1/0834/1733/4050/files/magic-bg-5-1-29db74.jpg]
[cdn.shopify.com/s/files/1/0834/1733/4050/files/magic-boots-1-292478.png]
[cdn.shopify.com/s/files/1/0834/1733/4050/files/magic-medium-star-1-29db74.png]
[cdn.shopify.com/s/files/1/0834/1733/4050/files/magic-small-star-1-29db74.png]
[cdn.shopify.com/s/files/1/0834/1733/4050/files/magic-bg-3-1-29db74.jpg]
[cdn.shopify.com/s/files/1/0834/1733/4050/files/magic-bg-4-1-29db74.jpg]
[cdn.shopify.com/s/files/1/0834/1733/4050/files/Sidekick2x1982.jpg]
[cdn.shopify.com/s/files/1/0834/1733/4050/files/MagicPages04ef.jpg]
[cdn.shopify.com/s/files/1/0834/1733/4050/files/Magiccasestudy2x05da.jpg]
[cdn.shopify.com/s/files/1/0834/1733/4050/files/preview_images/80c137811c7a447cbedd724d8b6fd2f3.thumbnail.00000000005a53.jpg]
[cdn.shopify.com/s/files/1/0834/1733/4050/files/preview_images/2192fa6860cc44d3895ab2e6b8fb8e07.thumbnail.00000000009d2d.jpg]
[cdn.shopify.com/s/files/1/0834/1733/4050/files/preview_images/hqdefault_599ec82e-f224-41ae-aee5-0cb67a264511eafe.jpg]
[cdn.shopify.com/s/files/1/0834/1733/4050/files/preview_images/55f7672d2fbd49e1bcd71d02123645ef.thumbnail.000000000050d3.jpg]
[cdn.shopify.com/s/files/1/0834/1733/4050/files/Shopifycapital2x192b.png]
[cdn.shopify.com/s/files/1/0834/1733/4050/files/preview_images/hqdefault_a3ba05eb-6206-4bec-b064-5b22effcd5f4eb63.jpg]
[cdn.shopify.com/s/files/1/0834/1733/4050/files/LineofcreditALT12x5b88.jpg]
[cdn.shopify.com/s/files/1/0834/1733/4050/files/ShopifyTermLoansALT12x5f34.jpg]
[cdn.shopify.com/s/files/1/0834/1733/4050/files/balanceAPY2x11ae.jpg]
[cdn.shopify.com/s/files/1/0834/1733/4050/files/ShopifyTax2x_d50f196e-a2cc-4a9b-915f-84c177b1b92f9459.png]
[cdn.shopify.com/s/files/1/0834/1733/4050/files/sqlite-poster_cc3f9a97-54c8-4536-adff-df8a1084876d7b81.jpg]
[cdn.shopify.com/s/files/1/0834/1733/4050/files/sqlite-poster5e31.jpg]
[cdn.shopify.com/s/files/1/0834/1733/4050/files/boots-147f0.png]
[cdn.shopify.com/s/files/1/0834/1733/4050/files/vest-347f0.png]
[cdn.shopify.com/s/files/1/0834/1733/4050/files/vest-247f0.png]
[cdn.shopify.com/s/files/1/0834/1733/4050/files/vest-147f0.png]
[cdn.shopify.com/s/files/1/0834/1733/4050/files/puffy-247f0.png]
[cdn.shopify.com/s/files/1/0834/1733/4050/files/puffy-147f0.png]
[cdn.shopify.com/s/files/1/0834/1733/4050/files/import-export-bg47f0.jpg]
[cdn.shopify.com/s/files/1/0834/1733/4050/files/boots-347f0.png]
[cdn.shopify.com/s/files/1/0834/1733/4050/files/boots-247f0.png]
[cdn.shopify.com/s/files/1/0834/1733/4050/files/Mobilewidget-alt2xb593.jpg]
[cdn.shopify.com/s/files/1/0834/1733/4050/files/3DScan-alt22xe522.jpg]
[cdn.shopify.com/s/files/1/0834/1733/4050/files/Flow2x_979403b1-dd56-4c80-a5d2-4e42b423c8f928cb.png]
[cdn.shopify.com/s/files/1/0834/1733/4050/files/preview_images/0df64348f9e941d1a5538cff23767bbf.thumbnail.0000000000a741.jpg]
[cdn.shopify.com/s/files/1/0834/1733/4050/files/preview_images/hqdefault_f67db7ce-6099-4a8a-a1cc-1bf9e918efbf8fcd.jpg]
[cdn.shopify.com/s/files/1/0834/1733/4050/files/preview_images/5cbe74ce53cf406ea0bc6364500792f4.thumbnail.000000000014d6.jpg]
[cdn.shopify.com/s/files/1/0834/1733/4050/files/Addressverification2x199d.jpg]
[cdn.shopify.com/s/files/1/0834/1733/4050/files/Fufillableinventory2x_8b8c8441-6794-48fc-8c2d-c3775d253abef346.jpg]
[cdn.shopify.com/s/files/1/0834/1733/4050/files/ShopifyFufillmentnetwork2x69e7.jpg]
[cdn.shopify.com/s/files/1/0834/1733/4050/files/Exchanges2x_168c41d5-2bcc-477e-ae95-0e953a7729abc649.png]
[cdn.shopify.com/s/files/1/0834/1733/4050/files/appstoref938.png]
[cdn.shopify.com/s/files/1/0834/1733/4050/files/app-store-search-1-292d18.png]
[cdn.shopify.com/s/files/1/0834/1733/4050/files/app-store-search-results-1-292d18.png]
[cdn.shopify.com/s/files/1/0834/1733/4050/files/zrochill-logo-1-292d18.png]
[cdn.shopify.com/s/files/1/0834/1733/4050/files/blocks-poster_98c55003-c61a-456f-9512-c7adc562b8903e20.png]
[cdn.shopify.com/s/files/1/0834/1733/4050/files/blocks-poster-96-percent9419.png]
[cdn.shopify.com/s/files/1/0834/1733/4050/files/blocks-button-block-1-3055cd.png]
[cdn.shopify.com/s/files/1/0834/1733/4050/files/blocks-photo-1-1-3055cd.jpg]
[cdn.shopify.com/s/files/1/0834/1733/4050/files/blocks-photo-2-1-3055cd.jpg]
[cdn.shopify.com/s/files/1/0834/1733/4050/files/blocks-text-block-1-3055cd.png]
[cdn.shopify.com/s/files/1/0834/1733/4050/files/blocks-poster_42a522b2-f623-4dac-8861-fe2e720d6eb22265.png]
[cdn.shopify.com/s/files/1/0834/1733/4050/files/HydrogenNEW2xc24f.png]
[cdn.shopify.com/s/files/1/0834/1733/4050/files/preview_images/a9d68cd525f44a73944d5d72f109d8d1.thumbnail.00000000007cb9.jpg]
[cdn.shopify.com/s/files/1/0834/1733/4050/files/preview_images/hqdefault_fc07fbc9-1938-4db3-b1ef-208562c417a48461.jpg]
[cdn.shopify.com/s/files/1/0834/1733/4050/files/preview_images/9e0684de3f624b7e9b3d5eacf8a45855.thumbnail.0000000000c559.jpg]
[cdn.shopify.com/s/files/1/0834/1733/4050/files/CheckoutextensTY2x7c5b.jpg]
[cdn.shopify.com/s/files/1/0834/1733/4050/files/customize-checkout-poster_0f4fb23f-082a-443b-bd5f-41c7cb5116f9e4ea.jpg]
[cdn.shopify.com/s/files/1/0834/1733/4050/files/customize-checkout-postera73c.jpg]
[cdn.shopify.com/s/files/1/0834/1733/4050/files/branding-api-bg-1-304232.png]
[cdn.shopify.com/s/files/1/0834/1733/4050/files/branding-api-goggles-1-30430c.jpg]
[cdn.shopify.com/s/files/1/0834/1733/4050/files/branding-api-gradient-1-304232.png]
[cdn.shopify.com/s/files/1/0834/1733/4050/files/branding-api-hero-1-304232.png]
[cdn.shopify.com/s/files/1/0834/1733/4050/files/branding-api-jacket-1-304232.jpg]
[cdn.shopify.com/s/files/1/0834/1733/4050/files/CheckoutShopifyfunctions2xe7b8.jpg]
[cdn.shopify.com/s/files/1/0834/1733/4050/files/Variantsdev2xe4aa.png]
[cdn.shopify.com/s/files/1/0834/1733/4050/files/dev-blocks-poster-96-percent3077.png]
[cdn.shopify.com/s/files/1/0834/1733/4050/files/2k-blur-shorts-11e581.png]
[cdn.shopify.com/s/files/1/0834/1733/4050/files/2k-blur-shorts-12ee5c.png]
[cdn.shopify.com/s/files/1/0834/1733/4050/files/2k-blur-shorts-13ee5c.png]
[cdn.shopify.com/s/files/1/0834/1733/4050/files/2k-blur-shorts-14ee5c.png]
[cdn.shopify.com/s/files/1/0834/1733/4050/files/2k-blur-shorts-15ee5c.png]
[cdn.shopify.com/s/files/1/0834/1733/4050/files/2k-blur-shorts-16ee5c.png]
[cdn.shopify.com/s/files/1/0834/1733/4050/files/2k-blur-shorts-17ee5c.png]
[cdn.shopify.com/s/files/1/0834/1733/4050/files/2k-dev-code-blur-1-1-302639.png]
[cdn.shopify.com/s/files/1/0834/1733/4050/files/2k-dev-code-blur-2-1-302639.png]
[cdn.shopify.com/s/files/1/0834/1733/4050/files/2k-dev-code-box-1-302639.png]
[cdn.shopify.com/s/files/1/0834/1733/4050/files/2k-blur-shorts-34c25.png]
[cdn.shopify.com/s/files/1/0834/1733/4050/files/2k-blur-shorts-14c25.png]
[cdn.shopify.com/s/files/1/0834/1733/4050/files/2k-blur-shorts-41035.png]
[cdn.shopify.com/s/files/1/0834/1733/4050/files/2k-blur-shorts-51035.png]
[cdn.shopify.com/s/files/1/0834/1733/4050/files/2k-blur-shorts-21035.png]
[cdn.shopify.com/s/files/1/0834/1733/4050/files/2k-blur-shorts-74c25.png]
[cdn.shopify.com/s/files/1/0834/1733/4050/files/2k-blur-shorts-61035.png]
[cdn.shopify.com/s/files/1/0834/1733/4050/files/2k-blur-shorts-81035.png]
[cdn.shopify.com/s/files/1/0834/1733/4050/files/2k-blur-shorts-91035.png]
[cdn.shopify.com/s/files/1/0834/1733/4050/files/2k-blur-shorts-104c25.png]
[cdn.shopify.com/s/files/1/0834/1733/4050/files/ShippingDiscount2x2e6a.jpg]
[cdn.shopify.com/s/files/1/0834/1733/4050/files/Discountallocatorfunc2x6d9da.jpg]
[cdn.shopify.com/s/files/1/0834/1733/4050/files/Discountallocatorfunc2xa30f.jpg]
[cdn.shopify.com/s/files/1/0834/1733/4050/files/store-credit-poster_00822727-763b-4e2c-ad9e-211a6b5e82a4e30b.png]
[cdn.shopify.com/s/files/1/0834/1733/4050/files/store-credit-poster921d.png]
[cdn.shopify.com/s/files/1/0834/1733/4050/files/store-credit-code-blur-1-30b000.png]
[cdn.shopify.com/s/files/1/0834/1733/4050/files/store-credit-window-blur-1-30b000.png]
[cdn.shopify.com/s/files/1/0834/1733/4050/files/preview_images/2b7e9b13e5a645038dbfd875ed3d92e6.thumbnail.00000000008d30.jpg]
[cdn.shopify.com/s/files/1/0834/1733/4050/files/preview_images/hqdefault_65aa8295-cbf1-44af-b840-5feb4d049d82988a.jpg]
[cdn.shopify.com/s/files/1/0834/1733/4050/files/preview_images/96a9ea6b5de8488f8eabe552fe039016.thumbnail.0000000000e389.jpg]
[cdn.shopify.com/s/files/1/0834/1733/4050/files/app-development-poster_1b3de09a-fb45-4621-9a14-74a0284f82ba37b7.png]
[cdn.shopify.com/s/files/1/0834/1733/4050/files/app-development-poster-96-percent0e3e.png]
[cdn.shopify.com/s/files/1/0834/1733/4050/files/puzzle-2fc62.png]
[cdn.shopify.com/s/files/1/0834/1733/4050/files/puzzle-3fc62.png]
[cdn.shopify.com/s/files/1/0834/1733/4050/files/puzzle-1fc62.png]
[cdn.shopify.com/s/files/1/0834/1733/4050/files/puzzle-4d84b.png]
[cdn.shopify.com/s/files/1/0834/1733/4050/files/zrochill-logo_a8b329f8-1583-4c0b-acad-4a4d5a00e728d84b.png]
[cdn.shopify.com/s/files/1/0834/1733/4050/files/webhook2x2c5b.jpg]
[cdn.shopify.com/s/files/1/0834/1733/4050/files/functions-poster_8b3a8fed-c8cf-4177-9564-79d4f2cfb52795e1.jpg]
[cdn.shopify.com/s/files/1/0834/1733/4050/files/dev-functions-poster-100-percentc0bf.png]
[cdn.shopify.com/s/files/1/0834/1733/4050/files/functions-blink-big-1-303ecc.png]
[cdn.shopify.com/s/files/1/0834/1733/4050/files/functions-blink-small-1-303ecc.png]
[cdn.shopify.com/s/files/1/0834/1733/4050/files/functions-bg-1-307871.jpg]
[cdn.shopify.com/s/files/1/0834/1733/4050/files/functions-code-block-1-303ecc.png]
[cdn.shopify.com/s/files/1/0834/1733/4050/files/metafeildsdev2x87fa.jpg]
[cdn.shopify.com/s/files/1/0834/1733/4050/files/GraphQL2x_8fb74215-94dd-4ed8-8e48-ec134943444992be.png]
[cdn.shopify.com/s/files/1/0834/1733/4050/files/Keyboard-ALT2x796e.png]
[cdn.shopify.com/s/files/1/0834/1733/4050/files/keyboard-posterac4b.png]
[cdn.shopify.com/s/files/1/0834/1733/4050/files/keyboard-grid-1-30b809.png]
[cdn.shopify.com/s/files/1/0834/1733/4050/files/keyboard-keycap-1-30b809.png]
[cdn.shopify.com/s/files/1/0834/1733/4050/files/keyboard-keyboard-1-30b809.png]
[cdn.shopify.com/s/files/1/0834/1733/4050/files/SponsoredApps2x173a.jpg]
[cdn.shopify.com/s/files/1/0834/1733/4050/files/Compareappsalt2x_895293bf-9188-4d77-9b8d-11b62b9ca4c7259f.jpg]
[cdn.shopify.com/s/files/1/0834/1733/4050/files/Appinsightsalt2xff40.jpg]
[cdn.shopify.com/s/files/1/0834/1733/4050/files/Helmet_Animation_1000px__00021_8ed84255-1456-4c39-9cc9-309caa6bbc550d47.png]
[cdn.shopify.com/s/files/1/0834/1733/4050/files/preview_images/847aee95604f42ac9eb49cfe090e42cd.thumbnail.0000000000b4ed.jpg]
[cdn.shopify.com/s/files/1/0834/1733/4050/files/Glen_Jan25.00_00_04_22_1d2bd.png]
[cdn.shopify.com/videos/c/o/v/c5d678aac17c43e59231a860115988b3.mov]
[cdn.shopify.com/s/files/1/0834/1733/4050/files/Dev_Blocks_1000px__00368d73b.png]
[cdn.shopify.com/s/files/1/0834/1733/4050/files/POS-fallback_c7307369-982f-43a9-8c3a-8d940c5a5070a910.png]
[cdn.shopify.com/s/files/1/0834/1733/4050/files/preview_images/c5111af15b134c03af26d2a9697e310a.thumbnail.00000000008aab.jpg]
[cdn.shopify.com/s/files/1/0834/1733/4050/files/MagicBG_mobile_headereddd.png]
[cdn.shopify.com/s/files/1/0834/1733/4050/files/preview_images/chill-hill-cover7387.jpg]
[www.shopify.com/editions/winter2024.html]
[cdn.shopify.com/oxygen-v2/24728/24949/51806/4074596/assets/tailwind-BVWAFVRi.css]
[cdn.shopify.com/s/files/1/0689/2342/4790/files/favicon272b.png]
[cdn.shopify.com/oxygen-v2/24728/24949/51806/4074596/assets/logo-B6OGj430.css]
[cdn.shopify.com/s/files/1/0689/2342/4790/files/Dev_card3x_114d0daa-d13b-41e0-9455-2d89efa0866d7c4e.png]
[cdn.shopify.com/s/files/1/0689/2342/4790/files/Dev_card3x_114d0daa-d13b-41e0-9455-2d89efa0866da495.png]
[cdn.shopify.com/s/files/1/0689/2342/4790/files/Dev_card3x_114d0daa-d13b-41e0-9455-2d89efa0866da436.png]
[cdn.shopify.com/s/files/1/0689/2342/4790/files/Dev_card3x_114d0daa-d13b-41e0-9455-2d89efa0866d4d87.png]
[cdn.shopify.com/s/files/1/0689/2342/4790/files/Dev_card3x_114d0daa-d13b-41e0-9455-2d89efa0866d4035.png]
[cdn.shopify.com/s/files/1/0689/2342/4790/files/Dev_card3x_114d0daa-d13b-41e0-9455-2d89efa0866d3129.png]
[cdn.shopify.com/s/files/1/0689/2342/4790/files/Dev_card3x_114d0daa-d13b-41e0-9455-2d89efa0866d5200.png]
[cdn.shopify.com/s/files/1/0689/2342/4790/files/Collective_card3x_19107002-276f-4d24-9ff8-5cde56d65451dcae.png]
[cdn.shopify.com/s/files/1/0689/2342/4790/files/Collective_card3x_19107002-276f-4d24-9ff8-5cde56d654513d7c.png]
[cdn.shopify.com/s/files/1/0689/2342/4790/files/Collective_card3x_19107002-276f-4d24-9ff8-5cde56d654510621.png]
[cdn.shopify.com/s/files/1/0689/2342/4790/files/Collective_card3x_19107002-276f-4d24-9ff8-5cde56d654510b79.png]
[cdn.shopify.com/s/files/1/0689/2342/4790/files/Collective_card3x_19107002-276f-4d24-9ff8-5cde56d654518881.png]
[cdn.shopify.com/s/files/1/0689/2342/4790/files/Collective_card3x_19107002-276f-4d24-9ff8-5cde56d654516927.png]
[cdn.shopify.com/s/files/1/0689/2342/4790/files/Collective_card3x_19107002-276f-4d24-9ff8-5cde56d65451c44f.png]
[cdn.shopify.com/s/files/1/0689/2342/4790/files/CheckoutExtensions_card3xb24f.png]
[cdn.shopify.com/s/files/1/0689/2342/4790/files/CheckoutExtensions_card3x4b60.png]
[cdn.shopify.com/s/files/1/0689/2342/4790/files/CheckoutExtensions_card3x9a4c.png]
[cdn.shopify.com/s/files/1/0689/2342/4790/files/CheckoutExtensions_card3x4b44.png]
[cdn.shopify.com/s/files/1/0689/2342/4790/files/CheckoutExtensions_card3x50fb.png]
[cdn.shopify.com/s/files/1/0689/2342/4790/files/CheckoutExtensions_card3xeb20.png]
[cdn.shopify.com/s/files/1/0689/2342/4790/files/CheckoutExtensions_card3x1ab5.png]
[cdn.shopify.com/s/files/1/0689/2342/4790/files/subscriptions_card3x_3e8b9c90-efbe-49cf-8cfd-0debc364f390a127.png]
[cdn.shopify.com/s/files/1/0689/2342/4790/files/subscriptions_card3x_3e8b9c90-efbe-49cf-8cfd-0debc364f3903d0e.png]
[cdn.shopify.com/s/files/1/0689/2342/4790/files/subscriptions_card3x_3e8b9c90-efbe-49cf-8cfd-0debc364f3902528.png]
[cdn.shopify.com/s/files/1/0689/2342/4790/files/subscriptions_card3x_3e8b9c90-efbe-49cf-8cfd-0debc364f390dee6.png]
[cdn.shopify.com/s/files/1/0689/2342/4790/files/subscriptions_card3x_3e8b9c90-efbe-49cf-8cfd-0debc364f3903b91.png]
[cdn.shopify.com/s/files/1/0689/2342/4790/files/subscriptions_card3x_3e8b9c90-efbe-49cf-8cfd-0debc364f390d6d9.png]
[cdn.shopify.com/s/files/1/0689/2342/4790/files/subscriptions_card3x_3e8b9c90-efbe-49cf-8cfd-0debc364f39023c2.png]
[cdn.shopify.com/s/files/1/0689/2342/4790/files/B2b_card3x_d605904b-4833-453b-bc4b-766a6fa5195ee250.png]
[cdn.shopify.com/s/files/1/0689/2342/4790/files/B2b_card3x_d605904b-4833-453b-bc4b-766a6fa5195e2504.png]
[cdn.shopify.com/s/files/1/0689/2342/4790/files/B2b_card3x_d605904b-4833-453b-bc4b-766a6fa5195e1c24.png]
[cdn.shopify.com/s/files/1/0689/2342/4790/files/B2b_card3x_d605904b-4833-453b-bc4b-766a6fa5195e6b3f.png]
[cdn.shopify.com/s/files/1/0689/2342/4790/files/B2b_card3x_d605904b-4833-453b-bc4b-766a6fa5195eeb03.png]
[cdn.shopify.com/s/files/1/0689/2342/4790/files/B2b_card3x_d605904b-4833-453b-bc4b-766a6fa5195e2ed0.png]
[cdn.shopify.com/s/files/1/0689/2342/4790/files/B2b_card3x_d605904b-4833-453b-bc4b-766a6fa5195e4399.png]
[cdn.shopify.com/s/files/1/0689/2342/4790/files/Bundles_card3x5561.png]
[cdn.shopify.com/s/files/1/0689/2342/4790/files/Bundles_card3xe358.png]
[cdn.shopify.com/s/files/1/0689/2342/4790/files/Bundles_card3xc538.png]
[cdn.shopify.com/s/files/1/0689/2342/4790/files/Bundles_card3xc72b.png]
[cdn.shopify.com/s/files/1/0689/2342/4790/files/Bundles_card3xc09f.png]
[cdn.shopify.com/s/files/1/0689/2342/4790/files/Bundles_card3x40f2.png]
[cdn.shopify.com/s/files/1/0689/2342/4790/files/Bundles_card3xa1b2.png]
[cdn.shopify.com/s/files/1/0689/2342/4790/files/Shopifyemail_cardimage4x_3b594dd1-42e3-42dd-bc03-852a5c41ff8e913e.png]
[cdn.shopify.com/s/files/1/0689/2342/4790/files/Shopifyemail_cardimage4x_3b594dd1-42e3-42dd-bc03-852a5c41ff8e2200.png]
[cdn.shopify.com/s/files/1/0689/2342/4790/files/Shopifyemail_cardimage4x_3b594dd1-42e3-42dd-bc03-852a5c41ff8e99d1.png]
[cdn.shopify.com/s/files/1/0689/2342/4790/files/Shopifyemail_cardimage4x_3b594dd1-42e3-42dd-bc03-852a5c41ff8e79c7.png]
[cdn.shopify.com/s/files/1/0689/2342/4790/files/Shopifyemail_cardimage4x_3b594dd1-42e3-42dd-bc03-852a5c41ff8e3055.png]
[cdn.shopify.com/s/files/1/0689/2342/4790/files/Shopifyemail_cardimage4x_3b594dd1-42e3-42dd-bc03-852a5c41ff8e0a1f.png]
[cdn.shopify.com/s/files/1/0689/2342/4790/files/Shopifyemail_cardimage4x_3b594dd1-42e3-42dd-bc03-852a5c41ff8e3bc8.png]
[cdn.shopify.com/s/files/1/0689/2342/4790/files/Shopifyemail_cardimage4x_3b594dd1-42e3-42dd-bc03-852a5c41ff8ebced.png]
[cdn.shopify.com/s/files/1/0689/2342/4790/files/Shopifyemail_cardimage4x_3b594dd1-42e3-42dd-bc03-852a5c41ff8e6944.png]
[cdn.shopify.com/s/files/1/0689/2342/4790/files/Helpcenter-imagecbd3.png]
[cdn.shopify.com/s/files/1/0689/2342/4790/files/Helpcenter-image54f5.png]
[cdn.shopify.com/s/files/1/0689/2342/4790/files/Helpcenter-image9927.png]
[cdn.shopify.com/s/files/1/0689/2342/4790/files/Helpcenter-image0ba5.png]
[cdn.shopify.com/s/files/1/0689/2342/4790/files/Helpcenter-image67e0.png]
[cdn.shopify.com/s/files/1/0689/2342/4790/files/Frame3161243500f5d.png]
[cdn.shopify.com/s/files/1/0689/2342/4790/files/Frame3161243505d44.png]
[cdn.shopify.com/s/files/1/0689/2342/4790/files/Frame31612435000a1.png]
[cdn.shopify.com/s/files/1/0689/2342/4790/files/Frame316124350a9d0.png]
[cdn.shopify.com/s/files/1/0689/2342/4790/files/Frame316124350e105.png]
[cdn.shopify.com/s/files/1/0689/2342/4790/files/inbox-reply-card_5a9e05c1-bf8e-4bfb-97c4-08b034468da8ac19.png]
[cdn.shopify.com/s/files/1/0689/2342/4790/files/inbox-reply-card_5a9e05c1-bf8e-4bfb-97c4-08b034468da8a183.png]
[cdn.shopify.com/s/files/1/0689/2342/4790/files/inbox-reply-card_5a9e05c1-bf8e-4bfb-97c4-08b034468da889fd.png]
[cdn.shopify.com/s/files/1/0689/2342/4790/files/inbox-reply-card_5a9e05c1-bf8e-4bfb-97c4-08b034468da870e6.png]
[cdn.shopify.com/s/files/1/0689/2342/4790/files/inbox-reply-card_5a9e05c1-bf8e-4bfb-97c4-08b034468da8bfef.png]
[cdn.shopify.com/s/files/1/0689/2342/4790/files/inbox-reply-card_5a9e05c1-bf8e-4bfb-97c4-08b034468da84acb.png]
[cdn.shopify.com/s/files/1/0689/2342/4790/files/inbox-reply-card_5a9e05c1-bf8e-4bfb-97c4-08b034468da8146d.png]
[cdn.shopify.com/s/files/1/0689/2342/4790/files/ShopifyInbox_Cardimage3x_fd803e4d-c79b-4186-895c-257a558231b713ad.png]
[cdn.shopify.com/s/files/1/0689/2342/4790/files/ShopifyInbox_Cardimage3x_fd803e4d-c79b-4186-895c-257a558231b72e05.png]
[cdn.shopify.com/s/files/1/0689/2342/4790/files/ShopifyInbox_Cardimage3x_fd803e4d-c79b-4186-895c-257a558231b789f8.png]
[cdn.shopify.com/s/files/1/0689/2342/4790/files/ShopifyInbox_Cardimage3x_fd803e4d-c79b-4186-895c-257a558231b7ea47.png]
[cdn.shopify.com/s/files/1/0689/2342/4790/files/ShopifyInbox_Cardimage3x_fd803e4d-c79b-4186-895c-257a558231b7b378.png]
[cdn.shopify.com/s/files/1/0689/2342/4790/files/ShopifyInbox_Cardimage3x_fd803e4d-c79b-4186-895c-257a558231b7ab43.png]
[cdn.shopify.com/s/files/1/0689/2342/4790/files/ShopifyInbox_Cardimage3x_fd803e4d-c79b-4186-895c-257a558231b77fa8.png]
[cdn.shopify.com/s/files/1/0689/2342/4790/files/CCSP_card3x_c858a6c9-ccf6-4734-9000-878b24c50118b622.png]
[cdn.shopify.com/s/files/1/0689/2342/4790/files/CCSP_card3x_c858a6c9-ccf6-4734-9000-878b24c501185db2.png]
[cdn.shopify.com/s/files/1/0689/2342/4790/files/CCSP_card3x_c858a6c9-ccf6-4734-9000-878b24c501182235.png]
[cdn.shopify.com/s/files/1/0689/2342/4790/files/CCSP_card3x_c858a6c9-ccf6-4734-9000-878b24c5011846d0.png]
[cdn.shopify.com/s/files/1/0689/2342/4790/files/CCSP_card3x_c858a6c9-ccf6-4734-9000-878b24c5011826a3.png]
[cdn.shopify.com/s/files/1/0689/2342/4790/files/CCSP_card3x_c858a6c9-ccf6-4734-9000-878b24c50118d109.png]
[cdn.shopify.com/s/files/1/0689/2342/4790/files/CCSP_card3x_c858a6c9-ccf6-4734-9000-878b24c501182112.png]
[cdn.shopify.com/s/files/1/0689/2342/4790/files/Addressvalidation-card3x8142.png]
[cdn.shopify.com/s/files/1/0689/2342/4790/files/Addressvalidation-card3x70af.png]
[cdn.shopify.com/s/files/1/0689/2342/4790/files/Addressvalidation-card3x2d2b.png]
[cdn.shopify.com/s/files/1/0689/2342/4790/files/Addressvalidation-card3x44c1.png]
[cdn.shopify.com/s/files/1/0689/2342/4790/files/Addressvalidation-card3xd393.png]
[cdn.shopify.com/s/files/1/0689/2342/4790/files/Addressvalidation-card3x7318.png]
[cdn.shopify.com/s/files/1/0689/2342/4790/files/Addressvalidation-card3xea47.png]
[cdn.shopify.com/s/files/1/0689/2342/4790/files/Stella_card3x_0b10910a-09c5-4e16-9f10-a16cee87252ef125.png]
[cdn.shopify.com/s/files/1/0689/2342/4790/files/Stella_card3x_0b10910a-09c5-4e16-9f10-a16cee87252ea679.png]
[cdn.shopify.com/s/files/1/0689/2342/4790/files/Stella_card3x_0b10910a-09c5-4e16-9f10-a16cee87252e2eb2.png]
[cdn.shopify.com/s/files/1/0689/2342/4790/files/Stella_card3x_0b10910a-09c5-4e16-9f10-a16cee87252e0617.png]
[cdn.shopify.com/s/files/1/0689/2342/4790/files/Stella_card3x_0b10910a-09c5-4e16-9f10-a16cee87252e0a0f.png]
[cdn.shopify.com/s/files/1/0689/2342/4790/files/Stella_card3x_0b10910a-09c5-4e16-9f10-a16cee87252ee8eb.png]
[cdn.shopify.com/s/files/1/0689/2342/4790/files/Stella_card3x_0b10910a-09c5-4e16-9f10-a16cee87252e12df.png]
[cdn.shopify.com/s/files/1/0689/2342/4790/files/Checkoutapps-card3x7faf.png]
[cdn.shopify.com/s/files/1/0689/2342/4790/files/Checkoutapps-card3xcac9.png]
[cdn.shopify.com/s/files/1/0689/2342/4790/files/Checkoutapps-card3xf456.png]
[cdn.shopify.com/s/files/1/0689/2342/4790/files/Checkoutapps-card3xad74.png]
[cdn.shopify.com/s/files/1/0689/2342/4790/files/Checkoutapps-card3x2c9a.png]
[cdn.shopify.com/s/files/1/0689/2342/4790/files/Checkoutapps-card3xdc4d.png]
[cdn.shopify.com/s/files/1/0689/2342/4790/files/Checkoutapps-card3x16b0.png]
[cdn.shopify.com/s/files/1/0689/2342/4790/files/subs_api_card6a69.png]
[cdn.shopify.com/s/files/1/0689/2342/4790/files/subs_api_card6151.png]
[cdn.shopify.com/s/files/1/0689/2342/4790/files/subs_api_cardc03c.png]
[cdn.shopify.com/s/files/1/0689/2342/4790/files/subs_api_card227b.png]
[cdn.shopify.com/s/files/1/0689/2342/4790/files/subs_api_card566d.png]
[cdn.shopify.com/s/files/1/0689/2342/4790/files/subs_api_card6fd0.png]
[cdn.shopify.com/s/files/1/0689/2342/4790/files/subs_api_carda452.png]
[cdn.shopify.com/s/files/1/0689/2342/4790/files/ShopPay2x9901.png]
[cdn.shopify.com/s/files/1/0689/2342/4790/files/ShopPay2xb5c8.png]
[cdn.shopify.com/s/files/1/0689/2342/4790/files/ShopPay2xb19d.png]
[cdn.shopify.com/s/files/1/0689/2342/4790/files/ShopPay2xcfb3.png]
[cdn.shopify.com/s/files/1/0689/2342/4790/files/ShopPay2x1a77.png]
[cdn.shopify.com/s/files/1/0689/2342/4790/files/Frame154775328851ad.png]
[cdn.shopify.com/s/files/1/0689/2342/4790/files/Frame15477532887b4f.png]
[cdn.shopify.com/s/files/1/0689/2342/4790/files/Frame1547753288597b.png]
[cdn.shopify.com/s/files/1/0689/2342/4790/files/Frame15477532880999.png]
[cdn.shopify.com/s/files/1/0689/2342/4790/files/Frame154775328842ec.png]
[cdn.shopify.com/s/files/1/0689/2342/4790/files/Frame15477532883e2e.png]
[cdn.shopify.com/s/files/1/0689/2342/4790/files/Frame15477532884b01.png]
[cdn.shopify.com/s/files/1/0689/2342/4790/files/UIextensions_card3x_f17054bc-111f-4356-9412-3c82b6a5e15182c9.png]
[cdn.shopify.com/s/files/1/0689/2342/4790/files/UIextensions_card3x_f17054bc-111f-4356-9412-3c82b6a5e15184ce.png]
[cdn.shopify.com/s/files/1/0689/2342/4790/files/UIextensions_card3x_f17054bc-111f-4356-9412-3c82b6a5e15174a0.png]
[cdn.shopify.com/s/files/1/0689/2342/4790/files/UIextensions_card3x_f17054bc-111f-4356-9412-3c82b6a5e1515ede.png]
[cdn.shopify.com/s/files/1/0689/2342/4790/files/UIextensions_card3x_f17054bc-111f-4356-9412-3c82b6a5e151a9b6.png]
[cdn.shopify.com/s/files/1/0689/2342/4790/files/UIextensions_card3x_f17054bc-111f-4356-9412-3c82b6a5e1518dce.png]
[cdn.shopify.com/s/files/1/0689/2342/4790/files/UIextensions_card3x_f17054bc-111f-4356-9412-3c82b6a5e151a405.png]
[cdn.shopify.com/s/files/1/0689/2342/4790/files/SPIPOS_card3x93d2.png]
[cdn.shopify.com/s/files/1/0689/2342/4790/files/SPIPOS_card3x96bd.png]
[cdn.shopify.com/s/files/1/0689/2342/4790/files/SPIPOS_card3x7b8d.png]
[cdn.shopify.com/s/files/1/0689/2342/4790/files/SPIPOS_card3xccfd.png]
[cdn.shopify.com/s/files/1/0689/2342/4790/files/SPIPOS_card3x059b.png]
[cdn.shopify.com/s/files/1/0689/2342/4790/files/SPIPOS_card3x7c1c.png]
[cdn.shopify.com/s/files/1/0689/2342/4790/files/SPIPOS_card3x3313.png]
[cdn.shopify.com/s/files/1/0689/2342/4790/files/POSwisepad_card3x3166.png]
[cdn.shopify.com/s/files/1/0689/2342/4790/files/POSwisepad_card3xf145.png]
[cdn.shopify.com/s/files/1/0689/2342/4790/files/POSwisepad_card3xf765.png]
[cdn.shopify.com/s/files/1/0689/2342/4790/files/POSwisepad_card3xb882.png]
[cdn.shopify.com/s/files/1/0689/2342/4790/files/POSwisepad_card3x11a8.png]
[cdn.shopify.com/s/files/1/0689/2342/4790/files/POSwisepad_card3x824e.png]
[cdn.shopify.com/s/files/1/0689/2342/4790/files/POSwisepad_card3x54d9.png]
[cdn.shopify.com/s/files/1/0689/2342/4790/files/functions-card-newef00.png]
[cdn.shopify.com/s/files/1/0689/2342/4790/files/functions-card-newdd27.png]
[cdn.shopify.com/s/files/1/0689/2342/4790/files/functions-card-new70ab.png]
[cdn.shopify.com/s/files/1/0689/2342/4790/files/functions-card-new973e.png]
[cdn.shopify.com/s/files/1/0689/2342/4790/files/functions-card-new0256.png]
[cdn.shopify.com/s/files/1/0689/2342/4790/files/functions-card-newa664.png]
[cdn.shopify.com/s/files/1/0689/2342/4790/files/functions-card-new6c1b.png]
[cdn.shopify.com/s/files/1/0689/2342/4790/files/appversioning27f4.png]
[cdn.shopify.com/s/files/1/0689/2342/4790/files/appversioning945c.png]
[cdn.shopify.com/s/files/1/0689/2342/4790/files/appversioninge2be.png]
[cdn.shopify.com/s/files/1/0689/2342/4790/files/appversioning8826.png]
[cdn.shopify.com/s/files/1/0689/2342/4790/files/appversioninga0e2.png]
[cdn.shopify.com/s/files/1/0689/2342/4790/files/appversioninge4ba.png]
[cdn.shopify.com/s/files/1/0689/2342/4790/files/appversioningbc9b.png]
[cdn.shopify.com/s/files/1/0689/2342/4790/files/Frame1547753284446f.png]
[cdn.shopify.com/s/files/1/0689/2342/4790/files/Frame15477532848aaa.png]
[cdn.shopify.com/s/files/1/0689/2342/4790/files/Frame15477532841471.png]
[cdn.shopify.com/s/files/1/0689/2342/4790/files/Frame1547753284cfa8.png]
[cdn.shopify.com/s/files/1/0689/2342/4790/files/Frame1547753284287d.png]
[cdn.shopify.com/s/files/1/0689/2342/4790/files/Frame15477532842228.png]
[cdn.shopify.com/s/files/1/0689/2342/4790/files/Frame15477532845279.png]
[cdn.shopify.com/s/files/1/0689/2342/4790/files/shophostedapp-card3x7b77.png]
[cdn.shopify.com/s/files/1/0689/2342/4790/files/shophostedapp-card3x639b.png]
[cdn.shopify.com/s/files/1/0689/2342/4790/files/shophostedapp-card3x3196.png]
[cdn.shopify.com/s/files/1/0689/2342/4790/files/shophostedapp-card3x88ff.png]
[cdn.shopify.com/s/files/1/0689/2342/4790/files/shophostedapp-card3x3be2.png]
[cdn.shopify.com/s/files/1/0689/2342/4790/files/shophostedapp-card3x32b7.png]
[cdn.shopify.com/s/files/1/0689/2342/4790/files/shophostedapp-card3xe6b2.png]
[cdn.shopify.com/s/files/1/0689/2342/4790/files/flow-return-card3xbc19.png]
[cdn.shopify.com/s/files/1/0689/2342/4790/files/flow-return-card3x998c.png]
[cdn.shopify.com/s/files/1/0689/2342/4790/files/flow-return-card3xe6c9.png]
[cdn.shopify.com/s/files/1/0689/2342/4790/files/flow-return-card3xaf96.png]
[cdn.shopify.com/s/files/1/0689/2342/4790/files/flow-return-card3x3f58.png]
[cdn.shopify.com/s/files/1/0689/2342/4790/files/flow-return-card3x2ba2.png]
[cdn.shopify.com/s/files/1/0689/2342/4790/files/flow-return-card3xcb1b.png]
[cdn.shopify.com/s/files/1/0689/2342/4790/files/AppStoreDEv_card3x9358.png]
[cdn.shopify.com/s/files/1/0689/2342/4790/files/AppStoreDEv_card3xed31.png]
[cdn.shopify.com/s/files/1/0689/2342/4790/files/AppStoreDEv_card3xfd48.png]
[cdn.shopify.com/s/files/1/0689/2342/4790/files/AppStoreDEv_card3xe1c9.png]
[cdn.shopify.com/s/files/1/0689/2342/4790/files/AppStoreDEv_card3x910a.png]
[cdn.shopify.com/s/files/1/0689/2342/4790/files/AppStoreDEv_card3x9b88.png]
[cdn.shopify.com/s/files/1/0689/2342/4790/files/AppStoreDEv_card3x43a0.png]
[cdn.shopify.com/s/files/1/0689/2342/4790/files/ShopCash_card3x_de282d95-2073-4895-b0fe-ec2ad7b0a6d3d7cb.png]
[cdn.shopify.com/s/files/1/0689/2342/4790/files/ShopCash_card3x_de282d95-2073-4895-b0fe-ec2ad7b0a6d33056.png]
[cdn.shopify.com/s/files/1/0689/2342/4790/files/ShopCash_card3x_de282d95-2073-4895-b0fe-ec2ad7b0a6d360fb.png]
[cdn.shopify.com/s/files/1/0689/2342/4790/files/ShopCash_card3x_de282d95-2073-4895-b0fe-ec2ad7b0a6d392db.png]
[cdn.shopify.com/s/files/1/0689/2342/4790/files/ShopCash_card3x_de282d95-2073-4895-b0fe-ec2ad7b0a6d32dd8.png]
[cdn.shopify.com/s/files/1/0689/2342/4790/files/ShopCash_card3x_de282d95-2073-4895-b0fe-ec2ad7b0a6d3ed81.png]
[cdn.shopify.com/s/files/1/0689/2342/4790/files/ShopCash_card3x_de282d95-2073-4895-b0fe-ec2ad7b0a6d392e4.png]
[cdn.shopify.com/s/files/1/0689/2342/4790/files/Frame1547753281_d649f81a-4d9c-4f68-b6c3-9d4c20d770c38b7e.png]
[cdn.shopify.com/s/files/1/0689/2342/4790/files/Frame1547753281_d649f81a-4d9c-4f68-b6c3-9d4c20d770c3e2f6.png]
[cdn.shopify.com/s/files/1/0689/2342/4790/files/Frame1547753281_d649f81a-4d9c-4f68-b6c3-9d4c20d770c34ee0.png]
[cdn.shopify.com/s/files/1/0689/2342/4790/files/Frame1547753281_d649f81a-4d9c-4f68-b6c3-9d4c20d770c33dfb.png]
[cdn.shopify.com/s/files/1/0689/2342/4790/files/Frame1547753281_d649f81a-4d9c-4f68-b6c3-9d4c20d770c3ef88.png]
[cdn.shopify.com/s/files/1/0689/2342/4790/files/Frame1547753281_d649f81a-4d9c-4f68-b6c3-9d4c20d770c384d8.png]
[cdn.shopify.com/s/files/1/0689/2342/4790/files/Frame1547753281_d649f81a-4d9c-4f68-b6c3-9d4c20d770c32fbc.png]
[cdn.shopify.com/s/files/1/0689/2342/4790/files/Frame1547753272_d7c7c42e-9b71-4fd0-a8e7-f855c53e6daf76ae.png]
[cdn.shopify.com/s/files/1/0689/2342/4790/files/Frame1547753272_d7c7c42e-9b71-4fd0-a8e7-f855c53e6dafb84f.png]
[cdn.shopify.com/s/files/1/0689/2342/4790/files/Frame1547753272_d7c7c42e-9b71-4fd0-a8e7-f855c53e6daf7b59.png]
[cdn.shopify.com/s/files/1/0689/2342/4790/files/Frame1547753272_d7c7c42e-9b71-4fd0-a8e7-f855c53e6daf717e.png]
[cdn.shopify.com/s/files/1/0689/2342/4790/files/Frame1547753272_d7c7c42e-9b71-4fd0-a8e7-f855c53e6dafcfab.png]
[cdn.shopify.com/s/files/1/0689/2342/4790/files/Frame1547753272_d7c7c42e-9b71-4fd0-a8e7-f855c53e6dafd9bc.png]
[cdn.shopify.com/s/files/1/0689/2342/4790/files/Frame1547753272_d7c7c42e-9b71-4fd0-a8e7-f855c53e6daf465b.png]
[cdn.shopify.com/s/files/1/0689/2342/4790/files/signin_card3x_e40f2f27-4048-4ea9-bc86-23bbd3b7332935d5.png]
[cdn.shopify.com/s/files/1/0689/2342/4790/files/signin_card3x_e40f2f27-4048-4ea9-bc86-23bbd3b73329f458.png]
[cdn.shopify.com/s/files/1/0689/2342/4790/files/signin_card3x_e40f2f27-4048-4ea9-bc86-23bbd3b733294af0.png]
[cdn.shopify.com/s/files/1/0689/2342/4790/files/signin_card3x_e40f2f27-4048-4ea9-bc86-23bbd3b73329702a.png]
[cdn.shopify.com/s/files/1/0689/2342/4790/files/signin_card3x_e40f2f27-4048-4ea9-bc86-23bbd3b733290d31.png]
[cdn.shopify.com/s/files/1/0689/2342/4790/files/signin_card3x_e40f2f27-4048-4ea9-bc86-23bbd3b73329ddf2.png]
[cdn.shopify.com/s/files/1/0689/2342/4790/files/signin_card3x_e40f2f27-4048-4ea9-bc86-23bbd3b7332957bc.png]
[cdn.shopify.com/s/files/1/0689/2342/4790/files/laurieellencc80.png]
[cdn.shopify.com/s/files/1/0689/2342/4790/files/laurieellen3e44.png]
[cdn.shopify.com/s/files/1/0689/2342/4790/files/laurieellen86fd.png]
[cdn.shopify.com/s/files/1/0689/2342/4790/files/laurieellend2cb.png]
[cdn.shopify.com/s/files/1/0689/2342/4790/files/laurieellen9e67.png]
[cdn.shopify.com/s/files/1/0689/2342/4790/files/laurieellene01d.png]
[cdn.shopify.com/s/files/1/0689/2342/4790/files/laurieellen202e.png]
[cdn.shopify.com/s/files/1/0689/2342/4790/files/Forms-card3x8321.png]
[cdn.shopify.com/s/files/1/0689/2342/4790/files/Forms-card3x5f5c.png]
[cdn.shopify.com/s/files/1/0689/2342/4790/files/Forms-card3xf578.png]
[cdn.shopify.com/s/files/1/0689/2342/4790/files/Forms-card3x2470.png]
[cdn.shopify.com/s/files/1/0689/2342/4790/files/Forms-card3xe30c.png]
[cdn.shopify.com/s/files/1/0689/2342/4790/files/Forms-card3x9bb1.png]
[cdn.shopify.com/s/files/1/0689/2342/4790/files/Forms-card3x4ba7.png]
[cdn.shopify.com/s/files/1/0689/2342/4790/files/tiktok-card9173.png]
[cdn.shopify.com/s/files/1/0689/2342/4790/files/tiktok-cardcad9.png]
[cdn.shopify.com/s/files/1/0689/2342/4790/files/tiktok-cardf373.png]
[cdn.shopify.com/s/files/1/0689/2342/4790/files/tiktok-cardaa44.png]
[cdn.shopify.com/s/files/1/0689/2342/4790/files/tiktok-card3bed.png]
[cdn.shopify.com/s/files/1/0689/2342/4790/files/tiktok-card1770.png]
[cdn.shopify.com/s/files/1/0689/2342/4790/files/tiktok-card8d65.png]
[cdn.shopify.com/s/files/1/0689/2342/4790/files/drake_card3x_aa3b224d-59b3-44e4-89ea-a1f70ba46bf45307.png]
[cdn.shopify.com/s/files/1/0689/2342/4790/files/drake_card3x_aa3b224d-59b3-44e4-89ea-a1f70ba46bf4067a.png]
[cdn.shopify.com/s/files/1/0689/2342/4790/files/drake_card3x_aa3b224d-59b3-44e4-89ea-a1f70ba46bf4e22a.png]
[cdn.shopify.com/s/files/1/0689/2342/4790/files/drake_card3x_aa3b224d-59b3-44e4-89ea-a1f70ba46bf46fea.png]
[cdn.shopify.com/s/files/1/0689/2342/4790/files/drake_card3x_aa3b224d-59b3-44e4-89ea-a1f70ba46bf4e7f0.png]
[cdn.shopify.com/s/files/1/0689/2342/4790/files/drake_card3x_aa3b224d-59b3-44e4-89ea-a1f70ba46bf421a9.png]
[cdn.shopify.com/s/files/1/0689/2342/4790/files/drake_card3x_aa3b224d-59b3-44e4-89ea-a1f70ba46bf4b3b5.png]
[cdn.shopify.com/s/files/1/0689/2342/4790/files/Accountrequests-card3x_3800fe95-00b2-4fac-8b0c-4068bb4abb9880f2.png]
[cdn.shopify.com/s/files/1/0689/2342/4790/files/Accountrequests-card3x_3800fe95-00b2-4fac-8b0c-4068bb4abb98506e.png]
[cdn.shopify.com/s/files/1/0689/2342/4790/files/Accountrequests-card3x_3800fe95-00b2-4fac-8b0c-4068bb4abb98a010.png]
[cdn.shopify.com/s/files/1/0689/2342/4790/files/Accountrequests-card3x_3800fe95-00b2-4fac-8b0c-4068bb4abb98eb8e.png]
[cdn.shopify.com/s/files/1/0689/2342/4790/files/Accountrequests-card3x_3800fe95-00b2-4fac-8b0c-4068bb4abb984de7.png]
[cdn.shopify.com/s/files/1/0689/2342/4790/files/Accountrequests-card3x_3800fe95-00b2-4fac-8b0c-4068bb4abb98c68d.png]
[cdn.shopify.com/s/files/1/0689/2342/4790/files/Accountrequests-card3x_3800fe95-00b2-4fac-8b0c-4068bb4abb98930e.png]
[cdn.shopify.com/s/files/1/0689/2342/4790/files/Volume-pricing3xb511.png]
[cdn.shopify.com/s/files/1/0689/2342/4790/files/Volume-pricing3xf155.png]
[cdn.shopify.com/s/files/1/0689/2342/4790/files/Volume-pricing3x76f5.png]
[cdn.shopify.com/s/files/1/0689/2342/4790/files/Volume-pricing3xec40.png]
[cdn.shopify.com/s/files/1/0689/2342/4790/files/Volume-pricing3x4b8c.png]
[cdn.shopify.com/s/files/1/0689/2342/4790/files/Volume-pricing3xb08e.png]
[cdn.shopify.com/s/files/1/0689/2342/4790/files/Volume-pricing3xeb07.png]
[cdn.shopify.com/s/files/1/0689/2342/4790/files/Quickorder-cards_ceef4003-8957-48fd-aa31-69535aff9ded2436.png]
[cdn.shopify.com/s/files/1/0689/2342/4790/files/Quickorder-cards_ceef4003-8957-48fd-aa31-69535aff9ded237e.png]
[cdn.shopify.com/s/files/1/0689/2342/4790/files/Quickorder-cards_ceef4003-8957-48fd-aa31-69535aff9ded2c66.png]
[cdn.shopify.com/s/files/1/0689/2342/4790/files/Quickorder-cards_ceef4003-8957-48fd-aa31-69535aff9ded1a27.png]
[cdn.shopify.com/s/files/1/0689/2342/4790/files/Quickorder-cards_ceef4003-8957-48fd-aa31-69535aff9dedf03b.png]
[cdn.shopify.com/s/files/1/0689/2342/4790/files/Quickorder-cards_ceef4003-8957-48fd-aa31-69535aff9ded4d84.png]
[cdn.shopify.com/s/files/1/0689/2342/4790/files/Quickorder-cards_ceef4003-8957-48fd-aa31-69535aff9deddb5a.png]
[cdn.shopify.com/s/files/1/0689/2342/4790/files/billpay_card3x_6c420c63-c313-46c7-ae49-522ffe6e34fe0382.png]
[cdn.shopify.com/s/files/1/0689/2342/4790/files/billpay_card3x_6c420c63-c313-46c7-ae49-522ffe6e34feafb5.png]
[cdn.shopify.com/s/files/1/0689/2342/4790/files/billpay_card3x_6c420c63-c313-46c7-ae49-522ffe6e34fe1954.png]
[cdn.shopify.com/s/files/1/0689/2342/4790/files/billpay_card3x_6c420c63-c313-46c7-ae49-522ffe6e34fe9f05.png]
[cdn.shopify.com/s/files/1/0689/2342/4790/files/billpay_card3x_6c420c63-c313-46c7-ae49-522ffe6e34fecc57.png]
[cdn.shopify.com/s/files/1/0689/2342/4790/files/billpay_card3x_6c420c63-c313-46c7-ae49-522ffe6e34fea86d.png]
[cdn.shopify.com/s/files/1/0689/2342/4790/files/billpay_card3x_6c420c63-c313-46c7-ae49-522ffe6e34fe04f3.png]
[cdn.shopify.com/s/files/1/0689/2342/4790/files/Vaultedpayments_card3x_159ba9ab-d625-40ac-a868-f65601eec6f266a3.png]
[cdn.shopify.com/s/files/1/0689/2342/4790/files/Vaultedpayments_card3x_159ba9ab-d625-40ac-a868-f65601eec6f27ed2.png]
[cdn.shopify.com/s/files/1/0689/2342/4790/files/Vaultedpayments_card3x_159ba9ab-d625-40ac-a868-f65601eec6f24014.png]
[cdn.shopify.com/s/files/1/0689/2342/4790/files/Vaultedpayments_card3x_159ba9ab-d625-40ac-a868-f65601eec6f20328.png]
[cdn.shopify.com/s/files/1/0689/2342/4790/files/Vaultedpayments_card3x_159ba9ab-d625-40ac-a868-f65601eec6f2bc54.png]
[cdn.shopify.com/s/files/1/0689/2342/4790/files/Vaultedpayments_card3x_159ba9ab-d625-40ac-a868-f65601eec6f27341.png]
[cdn.shopify.com/s/files/1/0689/2342/4790/files/Vaultedpayments_card3x_159ba9ab-d625-40ac-a868-f65601eec6f241ed.png]
[cdn.shopify.com/s/files/1/0689/2342/4790/files/Shopship-card_7d14cb48-3d2f-4edc-ab04-e476652bce033ecb.png]
[cdn.shopify.com/s/files/1/0689/2342/4790/files/Shopship-card_7d14cb48-3d2f-4edc-ab04-e476652bce0305c0.png]
[cdn.shopify.com/s/files/1/0689/2342/4790/files/Shopship-card_7d14cb48-3d2f-4edc-ab04-e476652bce03bf94.png]
[cdn.shopify.com/s/files/1/0689/2342/4790/files/Shopship-card_7d14cb48-3d2f-4edc-ab04-e476652bce03210a.png]
[cdn.shopify.com/s/files/1/0689/2342/4790/files/Shopship-card_7d14cb48-3d2f-4edc-ab04-e476652bce030582.png]
[cdn.shopify.com/s/files/1/0689/2342/4790/files/Shopship-card_7d14cb48-3d2f-4edc-ab04-e476652bce03db33.png]
[cdn.shopify.com/s/files/1/0689/2342/4790/files/Shopship-card_7d14cb48-3d2f-4edc-ab04-e476652bce039e45.png]
[cdn.shopify.com/s/files/1/0689/2342/4790/files/Ordermgmt_card4dbf.png]
[cdn.shopify.com/s/files/1/0689/2342/4790/files/Ordermgmt_carddddd.png]
[cdn.shopify.com/s/files/1/0689/2342/4790/files/Ordermgmt_cardb98c.png]
[cdn.shopify.com/s/files/1/0689/2342/4790/files/Ordermgmt_cardbfb7.png]
[cdn.shopify.com/s/files/1/0689/2342/4790/files/Ordermgmt_card094e.png]
[cdn.shopify.com/s/files/1/0689/2342/4790/files/Ordermgmt_carda109.png]
[cdn.shopify.com/s/files/1/0689/2342/4790/files/Ordermgmt_card4b5b.png]
[cdn.shopify.com/s/files/1/0689/2342/4790/files/SOR-casestudycardabe2.png]
[cdn.shopify.com/s/files/1/0689/2342/4790/files/SOR-casestudycarda7fa.png]
[cdn.shopify.com/s/files/1/0689/2342/4790/files/SOR-casestudycardd26c.png]
[cdn.shopify.com/s/files/1/0689/2342/4790/files/SOR-casestudycard6b30.png]
[cdn.shopify.com/s/files/1/0689/2342/4790/files/SOR-casestudycard64cb.png]
[cdn.shopify.com/s/files/1/0689/2342/4790/files/SOR-casestudycard0a13.png]
[cdn.shopify.com/s/files/1/0689/2342/4790/files/SOR-casestudycard515f.png]
[cdn.shopify.com/s/files/1/0689/2342/4790/files/rtnrules-cardf998.png]
[cdn.shopify.com/s/files/1/0689/2342/4790/files/rtnrules-card6c45.png]
[cdn.shopify.com/s/files/1/0689/2342/4790/files/rtnrules-card5c63.png]
[cdn.shopify.com/s/files/1/0689/2342/4790/files/rtnrules-cardb5a6.png]
[cdn.shopify.com/s/files/1/0689/2342/4790/files/rtnrules-card9925.png]
[cdn.shopify.com/s/files/1/0689/2342/4790/files/rtnrules-card67cd.png]
[cdn.shopify.com/s/files/1/0689/2342/4790/files/rtnrules-card5b89.png]
[cdn.shopify.com/s/files/1/0689/2342/4790/files/Snarky-cardb42c.png]
[cdn.shopify.com/s/files/1/0689/2342/4790/files/Snarky-card164c.png]
[cdn.shopify.com/s/files/1/0689/2342/4790/files/Snarky-cardd2c0.png]
[cdn.shopify.com/s/files/1/0689/2342/4790/files/Snarky-card5952.png]
[cdn.shopify.com/s/files/1/0689/2342/4790/files/Snarky-cardd47b.png]
[cdn.shopify.com/s/files/1/0689/2342/4790/files/Snarky-card630d.png]
[cdn.shopify.com/s/files/1/0689/2342/4790/files/Snarky-carde2c4.png]
[cdn.shopify.com/s/files/1/0689/2342/4790/files/Adminimprove-card3x_81162fcb-8e09-4244-9a64-1185f88c4684ca93.png]
[cdn.shopify.com/s/files/1/0689/2342/4790/files/Adminimprove-card3x_81162fcb-8e09-4244-9a64-1185f88c46848c51.png]
[cdn.shopify.com/s/files/1/0689/2342/4790/files/Adminimprove-card3x_81162fcb-8e09-4244-9a64-1185f88c4684ae3e.png]
[cdn.shopify.com/s/files/1/0689/2342/4790/files/Adminimprove-card3x_81162fcb-8e09-4244-9a64-1185f88c468484ca.png]
[cdn.shopify.com/s/files/1/0689/2342/4790/files/Adminimprove-card3x_81162fcb-8e09-4244-9a64-1185f88c468479dc.png]
[cdn.shopify.com/s/files/1/0689/2342/4790/files/Adminimprove-card3x_81162fcb-8e09-4244-9a64-1185f88c46847a39.png]
[cdn.shopify.com/s/files/1/0689/2342/4790/files/Adminimprove-card3x_81162fcb-8e09-4244-9a64-1185f88c46846198.png]
[cdn.shopify.com/s/files/1/0689/2342/4790/files/orgsettings_card3x1f6c.png]
[cdn.shopify.com/s/files/1/0689/2342/4790/files/orgsettings_card3x365d.png]
[cdn.shopify.com/s/files/1/0689/2342/4790/files/orgsettings_card3xe10d.png]
[cdn.shopify.com/s/files/1/0689/2342/4790/files/orgsettings_card3xae7e.png]
[cdn.shopify.com/s/files/1/0689/2342/4790/files/orgsettings_card3xbc52.png]
[cdn.shopify.com/s/files/1/0689/2342/4790/files/orgsettings_card3x9c9e.png]
[cdn.shopify.com/s/files/1/0689/2342/4790/files/orgsettings_card3xfe5d.png]
[cdn.shopify.com/s/files/1/0689/2342/4790/files/Frame1547753285_caae62ee-acb3-4957-a0d6-2acc53215ef860eb.png]
[cdn.shopify.com/s/files/1/0689/2342/4790/files/Frame1547753285_caae62ee-acb3-4957-a0d6-2acc53215ef8e9b0.png]
[cdn.shopify.com/s/files/1/0689/2342/4790/files/Frame1547753285_caae62ee-acb3-4957-a0d6-2acc53215ef8b23d.png]
[cdn.shopify.com/s/files/1/0689/2342/4790/files/Frame1547753285_caae62ee-acb3-4957-a0d6-2acc53215ef87e9c.png]
[cdn.shopify.com/s/files/1/0689/2342/4790/files/Frame1547753285_caae62ee-acb3-4957-a0d6-2acc53215ef8adce.png]
[cdn.shopify.com/s/files/1/0689/2342/4790/files/Frame1547753285_caae62ee-acb3-4957-a0d6-2acc53215ef857b3.png]
[cdn.shopify.com/s/files/1/0689/2342/4790/files/Frame1547753285_caae62ee-acb3-4957-a0d6-2acc53215ef8016e.png]
[cdn.shopify.com/s/files/1/0689/2342/4790/files/Benchmarking_card_78058f06-6678-4de4-9920-977fc67c294e4093.png]
[cdn.shopify.com/s/files/1/0689/2342/4790/files/Benchmarking_card_78058f06-6678-4de4-9920-977fc67c294e8713.png]
[cdn.shopify.com/s/files/1/0689/2342/4790/files/Benchmarking_card_78058f06-6678-4de4-9920-977fc67c294ee25d.png]
[cdn.shopify.com/s/files/1/0689/2342/4790/files/Benchmarking_card_78058f06-6678-4de4-9920-977fc67c294e575f.png]
[cdn.shopify.com/s/files/1/0689/2342/4790/files/Benchmarking_card_78058f06-6678-4de4-9920-977fc67c294e4ab3.png]
[cdn.shopify.com/s/files/1/0689/2342/4790/files/QLNotebooks_card3x_f224ad73-ef35-4c53-960c-6a788188fb43a716.png]
[cdn.shopify.com/s/files/1/0689/2342/4790/files/QLNotebooks_card3x_f224ad73-ef35-4c53-960c-6a788188fb4360e1.png]
[cdn.shopify.com/s/files/1/0689/2342/4790/files/QLNotebooks_card3x_f224ad73-ef35-4c53-960c-6a788188fb438806.png]
[cdn.shopify.com/s/files/1/0689/2342/4790/files/QLNotebooks_card3x_f224ad73-ef35-4c53-960c-6a788188fb43cfaa.png]
[cdn.shopify.com/s/files/1/0689/2342/4790/files/QLNotebooks_card3x_f224ad73-ef35-4c53-960c-6a788188fb43c4a7.png]
[cdn.shopify.com/s/files/1/0689/2342/4790/files/QLNotebooks_card3x_f224ad73-ef35-4c53-960c-6a788188fb43bbca.png]
[cdn.shopify.com/s/files/1/0689/2342/4790/files/QLNotebooks_card3x_f224ad73-ef35-4c53-960c-6a788188fb430523.png]
[cdn.shopify.com/oxygen-v2/24728/24949/51806/4074596/assets/manifest-b86d5825.js]
[cdn.shopify.com/oxygen-v2/24728/24949/51806/4074596/assets/entry.client-D2FweUZZ.js]
[cdn.shopify.com/oxygen-v2/24728/24949/51806/4074596/assets/components-DMq9ZSjZ.js]
[cdn.shopify.com/oxygen-v2/24728/24949/51806/4074596/assets/GsapTimelinesContext-Dkq44lSX.js]
[cdn.shopify.com/oxygen-v2/24728/24949/51806/4074596/assets/root-CXI7IV4l.js]
[cdn.shopify.com/oxygen-v2/24728/24949/51806/4074596/assets/(_lang).editions.summer2023._index-CYxKESRY.js]
[cdn.shopify.com/s/files/1/0689/2342/4790/files/preview_images/44120c7af67043c5a0921f3774916755.thumbnail.00000000000b47.jpg]
[cdn.shopify.com/s/files/1/0689/2342/4790/files/preview_images/51b66869c4ca45abb8de5782596701cb.thumbnail.00000000002ec9.jpg]
[cdn.shopify.com/s/files/1/0689/2342/4790/files/preview_images/hqdefault_c62e7bf3-f395-44d9-ab56-1b1fea27c3cb4ac7.jpg]
[cdn.shopify.com/s/files/1/0689/2342/4790/files/preview_images/5e3f7d684f0f4a33a1ad7da64e146bd4.thumbnail.00000000008b18.jpg]
[cdn.shopify.com/s/files/1/0689/2342/4790/files/Conversion_Modal_EN_4b73a.png]
[cdn.shopify.com/s/files/1/0689/2342/4790/files/preview_images/66303677c57249a581d0be22df0c4191.thumbnail.00000000009e90.jpg]
[cdn.shopify.com/s/files/1/0689/2342/4790/files/Credit_modal_03831f.png]
[cdn.shopify.com/s/files/1/0689/2342/4790/files/Credit_modal_02831f.png]
[cdn.shopify.com/s/files/1/0689/2342/4790/files/Credit_modal_05_f54d7cf4-59ec-467b-a84e-3d484c47bb87c197.png]
[cdn.shopify.com/s/files/1/0689/2342/4790/files/Credit_modal_01c197.png]
[cdn.shopify.com/s/files/1/0689/2342/4790/files/Collective_card3x_19107002-276f-4d24-9ff8-5cde56d65451f52b.png]
[cdn.shopify.com/s/files/1/0689/2342/4790/files/preview_images/hqdefault_e0dfd57a-c329-467c-b2aa-f7be89027b943507.jpg]
[cdn.shopify.com/s/files/1/0689/2342/4790/files/Dev_card3x_114d0daa-d13b-41e0-9455-2d89efa0866d1b63.png]
[cdn.shopify.com/s/files/1/0689/2342/4790/files/Bundles_card3x149f.png]
[cdn.shopify.com/s/files/1/0689/2342/4790/files/Bundles_Modal_0133fc.png]
[cdn.shopify.com/s/files/1/0689/2342/4790/files/Bundles_Modal_025759.png]
[cdn.shopify.com/s/files/1/0689/2342/4790/files/Bundles_Modal_04547a.png]
[cdn.shopify.com/s/files/1/0689/2342/4790/files/Bundles_Modal_037e9f.png]
[cdn.shopify.com/s/files/1/0689/2342/4790/files/Bundles_Modal_057e9f.png]
[cdn.shopify.com/s/files/1/0689/2342/4790/files/preview_images/3de1ae1219474ebea91af4a5940f29ac.thumbnail.000000000055ed.jpg]
[cdn.shopify.com/s/files/1/0689/2342/4790/files/preview_images/hqdefault_ced13511-ae83-4911-9423-ae020f5013823b9c.jpg]
[cdn.shopify.com/s/files/1/0689/2342/4790/files/CheckoutExtensions_card3x2d20.png]
[cdn.shopify.com/s/files/1/0689/2342/4790/files/CheckoutuiExtentions_Modal02_test_049899e9-0e78-47ab-9588-ecac124ccb7de212.png]
[cdn.shopify.com/s/files/1/0689/2342/4790/files/B2b_card3x_d605904b-4833-453b-bc4b-766a6fa5195ed74f.png]
[cdn.shopify.com/s/files/1/0689/2342/4790/files/B2B_featured_Modal_0173c0.png]
[cdn.shopify.com/s/files/1/0689/2342/4790/files/B2B_featured_Modal_021818.png]
[cdn.shopify.com/s/files/1/0689/2342/4790/files/B2B_featured_Modal_037c04.png]
[cdn.shopify.com/s/files/1/0689/2342/4790/files/preview_images/6daa0bd148544fa78e0c11caebf8e190.thumbnail.0000000000bcb0.jpg]
[cdn.shopify.com/s/files/1/0689/2342/4790/files/preview_images/6aac029122c54b6599a51235c122261f.thumbnail.0000000000d2cf.jpg]
[cdn.shopify.com/s/files/1/0689/2342/4790/files/preview_images/e3fbf14c8df74df9983622593dd4b6a8.thumbnail.00000000007ef7.jpg]
[cdn.shopify.com/s/files/1/0689/2342/4790/files/preview_images/hqdefault_b56f0c12-2b8f-482b-85a6-01342583712c5baf.jpg]
[cdn.shopify.com/s/files/1/0689/2342/4790/files/Customshopstore_Modal_02d69e.png]
[cdn.shopify.com/s/files/1/0689/2342/4790/files/preview_images/1abc19262c1740d291a7ea3604052395.thumbnail.00000000007994.jpg]
[cdn.shopify.com/s/files/1/0689/2342/4790/files/preview_images/hqdefault_9da5169c-d0de-4473-8097-9a6c9405ce599946.jpg]
[cdn.shopify.com/s/files/1/0689/2342/4790/files/preview_images/561a7626dd2b4fce80604c34351278a7.thumbnail.0000000000e6f8.jpg]
[cdn.shopify.com/s/files/1/0689/2342/4790/files/preview_images/hqdefault_cdcece1a-1491-400c-8d55-bd1385e8b6dfe188.jpg]
[cdn.shopify.com/s/files/1/0689/2342/4790/files/subscriptions_card3x_3e8b9c90-efbe-49cf-8cfd-0debc364f390920f.png]
[cdn.shopify.com/s/files/1/0689/2342/4790/files/preview_images/hqdefault_bd42e822-213d-4127-8b3b-3845bd5220e55169.jpg]
[cdn.shopify.com/s/files/1/0689/2342/4790/files/preview_images/8856b0b33cab4455bfee2d4c7c2f754a.thumbnail.0000000000c94d.jpg]
[cdn.shopify.com/s/files/1/0689/2342/4790/files/preview_images/hqdefault_e005fdaf-8582-499b-9b10-a904ce42cfc2f122.jpg]
[cdn.shopify.com/s/files/1/0689/2342/4790/files/Shopifyemail_cardimage4x_3b594dd1-42e3-42dd-bc03-852a5c41ff8e927c.png]
[cdn.shopify.com/s/files/1/0689/2342/4790/files/July14revision-subjectlineassistant1a93b.png]
[cdn.shopify.com/s/files/1/0689/2342/4790/files/ShopifyEmail_Modal_ENaf11.png]
[cdn.shopify.com/s/files/1/0689/2342/4790/files/ShopifyEmail_Modal_EN_11fab.png]
[cdn.shopify.com/s/files/1/0689/2342/4790/files/Helpcenter-imageb93c.png]
[cdn.shopify.com/s/files/1/0689/2342/4790/files/Frame316124350f4e0.png]
[cdn.shopify.com/s/files/1/0689/2342/4790/files/preview_images/hqdefault8f2e.jpg]
[cdn.shopify.com/s/files/1/0689/2342/4790/files/inbox-reply-card_5a9e05c1-bf8e-4bfb-97c4-08b034468da873bc.png]
[cdn.shopify.com/s/files/1/0689/2342/4790/files/AIinboxresponses_Modal_EN_273bc.png]
[cdn.shopify.com/s/files/1/0689/2342/4790/files/preview_images/17349397b9754fcabbc5926d18b4b525.thumbnail.0000000000943f.jpg]
[cdn.shopify.com/s/files/1/0689/2342/4790/files/Frame31612562533c0.png]
[cdn.shopify.com/s/files/1/0689/2342/4790/files/ShopifyInbox_Cardimage3x_fd803e4d-c79b-4186-895c-257a558231b7e3ae.png]
[cdn.shopify.com/s/files/1/0689/2342/4790/files/CCSP_card3x_c858a6c9-ccf6-4734-9000-878b24c5011871ba.png]
[cdn.shopify.com/s/files/1/0689/2342/4790/files/preview_images/bade7f73fd26452fb91c2d485aa98c05.thumbnail.0000000000cbf9.jpg]
[cdn.shopify.com/s/files/1/0689/2342/4790/files/Addressvalidation-card3x2754.png]
[cdn.shopify.com/s/files/1/0689/2342/4790/files/Stella_card3x_0b10910a-09c5-4e16-9f10-a16cee87252ed7f4.png]
[cdn.shopify.com/s/files/1/0689/2342/4790/files/Checkoutapps-card3x8dbd.png]
[cdn.shopify.com/s/files/1/0689/2342/4790/files/preview_images/6ed4c737e2014b779c56964c17a3515c.thumbnail.00000000002b15.jpg]
[cdn.shopify.com/s/files/1/0689/2342/4790/files/subs_api_cardc56f.png]
[cdn.shopify.com/s/files/1/0689/2342/4790/files/ShopPay2x5aee.png]
[cdn.shopify.com/s/files/1/0689/2342/4790/files/Frame154775328854ec.png]
[cdn.shopify.com/s/files/1/0689/2342/4790/files/preview_images/1ad97680f2074e54b1690bea558801ea.thumbnail.0000000000c73a.jpg]
[cdn.shopify.com/s/files/1/0689/2342/4790/files/preview_images/3ff45f900f38440f956afb26afa33766.thumbnail.00000000008571.jpg]
[cdn.shopify.com/s/files/1/0689/2342/4790/files/preview_images/ac2905740e144495bf0ac6751c6dbcfe.thumbnail.0000000000262f.jpg]
[cdn.shopify.com/s/files/1/0689/2342/4790/files/preview_images/3aeb25572aa14e48a323304a1816d86c.thumbnail.000000000036d1.jpg]
[cdn.shopify.com/s/files/1/0689/2342/4790/files/Retailworkflowupdates_modal2862d.png]
[cdn.shopify.com/s/files/1/0689/2342/4790/files/Retailworkflowupdates_modal01862d.png]
[cdn.shopify.com/s/files/1/0689/2342/4790/files/preview_images/0879f182a6dc4842986830091f77b08c.thumbnail.00000000001046.jpg]
[cdn.shopify.com/s/files/1/0689/2342/4790/files/OSE_updates_Modal010.756c35.png]
[cdn.shopify.com/s/files/1/0689/2342/4790/files/OSE_updates_Modal02.75_new6c35.png]
[cdn.shopify.com/s/files/1/0689/2342/4790/files/MetafieldsModal1_bf6459e5-4abe-4b9d-85c7-5c9711c7e66c4789.png]
[cdn.shopify.com/s/files/1/0689/2342/4790/files/preview_images/5f8023bb714a4888846332562b2220f8.thumbnail.0000000000a30c.jpg]
[cdn.shopify.com/s/files/1/0689/2342/4790/files/preview_images/hqdefault_5ce9af7d-d39a-46c7-996a-7731a8be156cbbde.jpg]
[cdn.shopify.com/s/files/1/0689/2342/4790/files/preview_images/551f8c20c90b40599b576e18abee3af5.thumbnail.000000000087e1.jpg]
[cdn.shopify.com/s/files/1/0689/2342/4790/files/preview_images/hqdefault_c0686764-556b-4518-863d-21e2015676988976.jpg]
[cdn.shopify.com/s/files/1/0689/2342/4790/files/POSstaffmanagement_modal015ade.png]
[cdn.shopify.com/s/files/1/0689/2342/4790/files/POSstaffmanagement_modal025ade.png]
[cdn.shopify.com/s/files/1/0689/2342/4790/files/UIextensions_card3x_f17054bc-111f-4356-9412-3c82b6a5e15188bd.png]
[cdn.shopify.com/s/files/1/0689/2342/4790/files/Retailinventory_modal010.75b1ee.png]
[cdn.shopify.com/s/files/1/0689/2342/4790/files/Retailinventory_modal020.75b1ee.png]
[cdn.shopify.com/s/files/1/0689/2342/4790/files/Retailinventory_modal030.75b1ee.png]
[cdn.shopify.com/s/files/1/0689/2342/4790/files/Retailinventory_modal040.75b1ee.png]
[cdn.shopify.com/s/files/1/0689/2342/4790/files/SPIPOS_card3xbbbf.png]
[cdn.shopify.com/s/files/1/0689/2342/4790/files/preview_images/98c44f1acabb45bea02db0085b26b228.thumbnail.00000000002145.jpg]
[cdn.shopify.com/s/files/1/0689/2342/4790/files/preview_images/a32fb5dbfe22467caf153699f1301b8c.thumbnail.0000000000002b.jpg]
[cdn.shopify.com/s/files/1/0689/2342/4790/files/Themeupdates_Modal0383a4.png]
[cdn.shopify.com/s/files/1/0689/2342/4790/files/Themeupdates_Modal041ecb.png]
[cdn.shopify.com/s/files/1/0689/2342/4790/files/preview_images/9d7e07ae80f14a2a942c7d612eb02d7a.thumbnail.0000000000ed74.jpg]
[cdn.shopify.com/s/files/1/0689/2342/4790/files/preview_images/hqdefault_9dcd7b19-1f70-4503-8da3-ae1f7e083574db0b.jpg]
[cdn.shopify.com/s/files/1/0689/2342/4790/files/StorefrontAPI_Modal_EN1caa.png]
[cdn.shopify.com/s/files/1/0689/2342/4790/files/SearchDiscovery_modal0156f8.png]
[cdn.shopify.com/s/files/1/0689/2342/4790/files/SearchDiscovery_modal02cdcc.png]
[cdn.shopify.com/s/files/1/0689/2342/4790/files/SearchDiscovery_modal03873f.png]
[cdn.shopify.com/s/files/1/0689/2342/4790/files/MarketsPro_Modal01_newd4fd.png]
[cdn.shopify.com/s/files/1/0689/2342/4790/files/POSwisepad_card3xf053.png]
[cdn.shopify.com/s/files/1/0689/2342/4790/files/POSGO_modal14986.png]
[cdn.shopify.com/s/files/1/0689/2342/4790/files/POSGO_modal27671.png]
[cdn.shopify.com/s/files/1/0689/2342/4790/files/preview_images/f69d428a46e744f38db472dd7acb079c.thumbnail.00000000004630.jpg]
[cdn.shopify.com/s/files/1/0689/2342/4790/files/preview_images/hqdefault_277306f2-ff3c-4a6a-a92d-223e80341f2d29f3.jpg]
[cdn.shopify.com/s/files/1/0689/2342/4790/files/functions-card-new5c81.png]
[cdn.shopify.com/s/files/1/0689/2342/4790/files/preview_images/hqdefault_8a979600-96b3-4972-bed4-b0deca734c1e2440.jpg]
[cdn.shopify.com/s/files/1/0689/2342/4790/files/preview_images/756f7b2fc67c497eb02c306e3cd7d42d.thumbnail.0000000000ef75.jpg]
[cdn.shopify.com/s/files/1/0689/2342/4790/files/AdminUIextensions_modal01c681.png]
[cdn.shopify.com/s/files/1/0689/2342/4790/files/AdminUIextensions_modal02c681.png]
[cdn.shopify.com/s/files/1/0689/2342/4790/files/AdminUIextensions_modal03c681.png]
[cdn.shopify.com/s/files/1/0689/2342/4790/files/AdminUIextensions_modal04139e.png]
[cdn.shopify.com/s/files/1/0689/2342/4790/files/appversioningecba.png]
[cdn.shopify.com/s/files/1/0689/2342/4790/files/Frame15477532849be5.png]
[cdn.shopify.com/s/files/1/0689/2342/4790/files/RemixApp_modal1_d8b8faa6-4e60-4576-8d8e-e6bcda2913ccecfc.png]
[cdn.shopify.com/s/files/1/0689/2342/4790/files/RemixApp_modal2_32517.png]
[cdn.shopify.com/s/files/1/0689/2342/4790/files/RemixApp_modal32517.png]
[cdn.shopify.com/s/files/1/0689/2342/4790/files/shophostedapp-card3x609c.png]
[cdn.shopify.com/s/files/1/0689/2342/4790/files/App-design-guidelines0.7512dd.png]
[cdn.shopify.com/s/files/1/0689/2342/4790/files/flow-return-card3xce8c.png]
[cdn.shopify.com/s/files/1/0689/2342/4790/files/preview_images/7b6c5a8f42934d1796cee55f2f315e99.thumbnail.0000000000308d.jpg]
[cdn.shopify.com/s/files/1/0689/2342/4790/files/AppStoreDEv_card3x6a31.png]
[cdn.shopify.com/s/files/1/0689/2342/4790/files/AppDevBFS_modal16a31.png]
[cdn.shopify.com/s/files/1/0689/2342/4790/files/AppDevBFS_modal26a31.png]
[cdn.shopify.com/s/files/1/0689/2342/4790/files/AppDevBFS_modal36a31.png]
[cdn.shopify.com/s/files/1/0689/2342/4790/files/preview_images/a2f036d86c1742ddbeeeb75da3e52e17.thumbnail.00000000000108.jpg]
[cdn.shopify.com/s/files/1/0689/2342/4790/files/preview_images/e2828a5824e4423d93d0bde17f67a583.thumbnail.00000000004507.jpg]
[cdn.shopify.com/s/files/1/0689/2342/4790/files/ShopCash_card3x_de282d95-2073-4895-b0fe-ec2ad7b0a6d36f47.png]
[cdn.shopify.com/s/files/1/0689/2342/4790/files/Shopcash_modal010.75eb79.png]
[cdn.shopify.com/s/files/1/0689/2342/4790/files/Shopcash_modal02.75eb79.png]
[cdn.shopify.com/s/files/1/0689/2342/4790/files/Frame1547753281_d649f81a-4d9c-4f68-b6c3-9d4c20d770c36d79.png]
[cdn.shopify.com/s/files/1/0689/2342/4790/files/preview_images/8d5176fff17240099da67f262f71dc42.thumbnail.0000000000c05a.jpg]
[cdn.shopify.com/s/files/1/0689/2342/4790/files/ShopMinis_Modal_EN_newaebe.png]
[cdn.shopify.com/s/files/1/0689/2342/4790/files/Frame1547753272_d7c7c42e-9b71-4fd0-a8e7-f855c53e6dafdd9d.png]
[cdn.shopify.com/s/files/1/0689/2342/4790/files/Reviews_modal01newe698.png]
[cdn.shopify.com/s/files/1/0689/2342/4790/files/signin_card3x_e40f2f27-4048-4ea9-bc86-23bbd3b733296572.png]
[cdn.shopify.com/s/files/1/0689/2342/4790/files/preview_images/067a2f4163eb470dbd5e1c04ea7c8abd.thumbnail.00000000004a23.jpg]
[cdn.shopify.com/s/files/1/0689/2342/4790/files/preview_images/263bb10657ac4cc5a64bb9720c06c24e.thumbnail.00000000000943.jpg]
[cdn.shopify.com/s/files/1/0689/2342/4790/files/MarketingTools_Modal029d30.png]
[cdn.shopify.com/s/files/1/0689/2342/4790/files/MarketingTools_Modal019d30.png]
[cdn.shopify.com/s/files/1/0689/2342/4790/files/MarketingTools_Modal039deb.png]
[cdn.shopify.com/s/files/1/0689/2342/4790/files/MarketingTools_Modal04322f.png]
[cdn.shopify.com/s/files/1/0689/2342/4790/files/MarketingTools_Modal05322f.png]
[cdn.shopify.com/s/files/1/0689/2342/4790/files/laurieellenabe2.png]
[cdn.shopify.com/s/files/1/0689/2342/4790/files/Audiences_Modal_EN0.75a46d.png]
[cdn.shopify.com/s/files/1/0689/2342/4790/files/Marketinginsights_Modal0106f3.png]
[cdn.shopify.com/s/files/1/0689/2342/4790/files/Marketinginsights_Modal0206f3.png]
[cdn.shopify.com/s/files/1/0689/2342/4790/files/Marketinginsights_Modal0306f3.png]
[cdn.shopify.com/s/files/1/0689/2342/4790/files/Forms-card3x0164.png]
[cdn.shopify.com/s/files/1/0689/2342/4790/files/preview_images/b79a051d97544a05b5181733ee031bc4.thumbnail.0000000000c3d6.jpg]
[cdn.shopify.com/s/files/1/0689/2342/4790/files/preview_images/05d7a647bdf64345a450b23a07ade495.thumbnail.0000000000e2a7.jpg]
[cdn.shopify.com/s/files/1/0689/2342/4790/files/preview_images/hqdefault_f349dc30-e29e-4931-82ff-6dc55255d41ba0d7.jpg]
[cdn.shopify.com/s/files/1/0689/2342/4790/files/tiktok-card7a98.png]
[cdn.shopify.com/s/files/1/0689/2342/4790/files/TikTokShop_Modal_EN10.75201c.png]
[cdn.shopify.com/s/files/1/0689/2342/4790/files/TikTokShop_Modal_EN20.75201c.png]
[cdn.shopify.com/s/files/1/0689/2342/4790/files/TikTokShop_Modal_EN30.75201c.png]
[cdn.shopify.com/s/files/1/0689/2342/4790/files/TikTokShop_Modal_EN40.75201c.png]
[cdn.shopify.com/s/files/1/0689/2342/4790/files/drake_card3x_aa3b224d-59b3-44e4-89ea-a1f70ba46bf45f14.png]
[cdn.shopify.com/s/files/1/0689/2342/4790/files/preview_images/0a7a92031c1c4342a80dced7d38d5aed.thumbnail.0000000000c796.jpg]
[cdn.shopify.com/s/files/1/0689/2342/4790/files/preview_images/hqdefault_9a5852f5-129c-4fd7-808d-4edf81ae9eeba223.jpg]
[cdn.shopify.com/s/files/1/0689/2342/4790/files/Accountrequests-card3x_3800fe95-00b2-4fac-8b0c-4068bb4abb98f5ef.png]
[cdn.shopify.com/s/files/1/0689/2342/4790/files/Volume-pricing3x4281.png]
[cdn.shopify.com/s/files/1/0689/2342/4790/files/Quickorder-cards_ceef4003-8957-48fd-aa31-69535aff9dedd037.png]
[cdn.shopify.com/s/files/1/0689/2342/4790/files/x_Modal_EN9fec.png]
[cdn.shopify.com/s/files/1/0689/2342/4790/files/Fraudcontrol_Modal_ENabf8.png]
[cdn.shopify.com/s/files/1/0689/2342/4790/files/Balance_modal017291.png]
[cdn.shopify.com/s/files/1/0689/2342/4790/files/Balance_modal027291.png]
[cdn.shopify.com/s/files/1/0689/2342/4790/files/Balance_modal037291.png]
[cdn.shopify.com/s/files/1/0689/2342/4790/files/billpay_card3x_6c420c63-c313-46c7-ae49-522ffe6e34fe9bb3.png]
[cdn.shopify.com/s/files/1/0689/2342/4790/files/Vaultedpayments_card3x_159ba9ab-d625-40ac-a868-f65601eec6f27637.png]
[cdn.shopify.com/s/files/1/0689/2342/4790/files/VaultedCCenterprise_Modal_EN1b2b.png]
[cdn.shopify.com/s/files/1/0689/2342/4790/files/Shopship-card_7d14cb48-3d2f-4edc-ab04-e476652bce03a6c5.png]
[cdn.shopify.com/s/files/1/0689/2342/4790/files/ShopifyShipping_modal_01c2f6.png]
[cdn.shopify.com/s/files/1/0689/2342/4790/files/ShopifyShipping_modal_02c2f6.png]
[cdn.shopify.com/s/files/1/0689/2342/4790/files/ShopifyShipping_modal_03c2f6.png]
[cdn.shopify.com/s/files/1/0689/2342/4790/files/Ordermgmt_cardf891.png]
[cdn.shopify.com/s/files/1/0689/2342/4790/files/preview_images/00047cbbde6340a6a144edf48553d665.thumbnail.00000000004c5f.jpg]
[cdn.shopify.com/s/files/1/0689/2342/4790/files/Plantappupdates_Modal_EN_fc224f31-7fa3-4ac0-ba7e-d7d2649db91de125.png]
[cdn.shopify.com/s/files/1/0689/2342/4790/files/SOR-casestudycard3e5c.png]
[cdn.shopify.com/s/files/1/0689/2342/4790/files/preview_images/aaa96b37532e42a9aec1901a436567d0.thumbnail.00000000005c94.jpg]
[cdn.shopify.com/s/files/1/0689/2342/4790/files/preview_images/fc95dd672b85483d9f265164933d93f3.thumbnail.00000000003b4a.jpg]
[cdn.shopify.com/s/files/1/0689/2342/4790/files/PurchaseOrders_modal017ea2.png]
[cdn.shopify.com/s/files/1/0689/2342/4790/files/rtnrules-cardffa4.png]
[cdn.shopify.com/s/files/1/0689/2342/4790/files/Snarky-card340d.png]
[cdn.shopify.com/s/files/1/0689/2342/4790/files/Adminimprove-card3x_81162fcb-8e09-4244-9a64-1185f88c4684607c.png]
[cdn.shopify.com/s/files/1/0689/2342/4790/files/adminimprovements-functional_1607c.png]
[cdn.shopify.com/s/files/1/0689/2342/4790/files/AppstoreupdatesModal_01e389.png]
[cdn.shopify.com/s/files/1/0689/2342/4790/files/AppstoreupdatesModal_02e389.png]
[cdn.shopify.com/s/files/1/0689/2342/4790/files/AppstoreupdatesModal_03e389.png]
[cdn.shopify.com/s/files/1/0689/2342/4790/files/orgsettings_card3x6a82.png]
[cdn.shopify.com/s/files/1/0689/2342/4790/files/organizationsettings_Modal_EN-slide1dc27.png]
[cdn.shopify.com/s/files/1/0689/2342/4790/files/organizationsettings_Modal_EN-slide2dc27.png]
[cdn.shopify.com/s/files/1/0689/2342/4790/files/organizationsettings_Modal_EN-slide3dc27.png]
[cdn.shopify.com/s/files/1/0689/2342/4790/files/preview_images/6451314b41e542868d49a553c5673477.thumbnail.00000000003e1b.jpg]
[cdn.shopify.com/s/files/1/0689/2342/4790/files/Analyticsupdates_Modal01e741.png]
[cdn.shopify.com/s/files/1/0689/2342/4790/files/Analyticsupdates_Modal02e741.png]
[cdn.shopify.com/s/files/1/0689/2342/4790/files/Frame1547753285_caae62ee-acb3-4957-a0d6-2acc53215ef8e6ce.png]
[cdn.shopify.com/s/files/1/0689/2342/4790/files/Mobileappupdates_Modal_ENa23d.png]
[cdn.shopify.com/s/files/1/0689/2342/4790/files/Benchmarking_card_78058f06-6678-4de4-9920-977fc67c294e7df5.png]
[cdn.shopify.com/s/files/1/0689/2342/4790/files/Benchmarks_Modal_EN0.7511e9.png]
[cdn.shopify.com/s/files/1/0689/2342/4790/files/QLNotebooks_card3x_f224ad73-ef35-4c53-960c-6a788188fb4374c5.png]
[www.shopify.com/editions/summer2023.html]
[cdn.shopify.com/shopifycloud/brochure/assets/editions/winter2023/share-image/share-image-EN-large-e6a8151faac79270ae8f2008e31fcbe4174c5a2196e61de74c67ba4259609823.jpg]
[cdn.shopify.com/shopifycloud/world/brochure/production-shopify/assets/styles-YhZl7uXn.css]
[cdn.shopify.com/static/editions/winter-2023/favicon-winter2023.png]
[cdn.shopify.com/b/shopify-brochure2-assets/c97c60ca19c64a8b5378d9f9e971f7bd.png]
[cdn.shopify.com/b/shopify-brochure2-assets/b13486e5693b246af63c66ab047a6b6b.png]
[cdn.shopify.com/b/shopify-brochure2-assets/8734d76c98437c8ae8a628bbeed3750a.png]
[cdn.shopify.com/b/shopify-brochure2-assets/193f18e4855704ef1716dc0cd750c1ee.png]
[cdn.shopify.com/shopifycloud/brochure/assets/editions/winter2023/hero/building-illustration-2x-5b364fe8e26a6609c8b47906a2560a838da4452dae4d4abd2b32f885500105429772.jpg]
[cdn.shopify.com/shopifycloud/brochure/assets/editions/winter2023/hero/building-illustration-2x-5b364fe8e26a6609c8b47906a2560a838da4452dae4d4abd2b32f88550010542a505.jpg]
[cdn.shopify.com/shopifycloud/brochure/assets/editions/winter2023/solution-headers/solution-1-a3655ea5e580caad05921ebffd1f9496aec5d5d65aac920386d752a7521948d3.jpg]
[cdn.shopify.com/shopifycloud/brochure/assets/editions/winter2023/solution-1/checkout-editor-cbbdf58109abb13590edc9c617f9e6f3868529d77741ae9ea3172d1609b34ee89772.jpg]
[cdn.shopify.com/shopifycloud/brochure/assets/editions/winter2023/solution-1/checkout-editor-cbbdf58109abb13590edc9c617f9e6f3868529d77741ae9ea3172d1609b34ee8a505.jpg]
[cdn.shopify.com/shopifycloud/brochure/assets/editions/winter2023/solution-1/shop-promise-b083a1103d006e92b07fe6e5cee363f43ffe525384ba552c5d75284444fcb51a9772.jpg]
[cdn.shopify.com/shopifycloud/brochure/assets/editions/winter2023/solution-1/shop-promise-b083a1103d006e92b07fe6e5cee363f43ffe525384ba552c5d75284444fcb51aa505.jpg]
[cdn.shopify.com/shopifycloud/brochure/assets/editions/winter2023/solution-1/ai-generated-storefront-content-c3924cb7eaba6b34d326c208507a796852a22c12cc74f0a833f34b3ee3f99d60.jpg]
[cdn.shopify.com/shopifycloud/brochure/assets/editions/winter2023/solution-1/built-in-search-and-recommendations-2d2fce698014bb26478e124ecd6588c832abeddee013f1578ab4e5c966c58e1c9772.jpg]
[cdn.shopify.com/shopifycloud/brochure/assets/editions/winter2023/solution-1/built-in-search-and-recommendations-2d2fce698014bb26478e124ecd6588c832abeddee013f1578ab4e5c966c58e1ca505.jpg]
[cdn.shopify.com/shopifycloud/brochure/assets/editions/winter2023/solution-1/customize-your-store-with-metaobjects-b3cfbffd834127dfcc231695510cc2b8d4278ea4aaad29e6e87d590d922eb6239772.jpg]
[cdn.shopify.com/shopifycloud/brochure/assets/editions/winter2023/solution-1/customize-your-store-with-metaobjects-b3cfbffd834127dfcc231695510cc2b8d4278ea4aaad29e6e87d590d922eb623a505.jpg]
[cdn.shopify.com/shopifycloud/brochure/assets/editions/winter2023/solution-1/product-bundles-cc3ccc53ce9e5c274838afa399120bf5c48156da1943b689d6502aa606a45f4d9772.jpg]
[cdn.shopify.com/shopifycloud/brochure/assets/editions/winter2023/solution-1/product-bundles-cc3ccc53ce9e5c274838afa399120bf5c48156da1943b689d6502aa606a45f4da505.jpg]
[cdn.shopify.com/shopifycloud/brochure/assets/editions/winter2023/solution-1/more-ways-to-use-discounts-04138bebc677da101c19da4d56b54bbc1f1a34196de570273808a9fd3b1161419772.jpg]
[cdn.shopify.com/shopifycloud/brochure/assets/editions/winter2023/solution-1/more-ways-to-use-discounts-04138bebc677da101c19da4d56b54bbc1f1a34196de570273808a9fd3b116141a505.jpg]
[cdn.shopify.com/shopifycloud/brochure/assets/editions/winter2023/solution-headers/solution-2-a5f53ae1590684b49c1a449a69a2e59974170a2015c5390bcd0817b12eaeb81d.jpg]
[cdn.shopify.com/shopifycloud/brochure/assets/editions/winter2023/solution-2/more-shop-app-customization-810a82b6529b3bca8dfd64e04f5e9989d3877c0817a387aad7d6769a9e36781b9772.jpg]
[cdn.shopify.com/shopifycloud/brochure/assets/editions/winter2023/solution-2/more-shop-app-customization-810a82b6529b3bca8dfd64e04f5e9989d3877c0817a387aad7d6769a9e36781ba505.jpg]
[cdn.shopify.com/shopifycloud/brochure/assets/editions/winter2023/solution-headers/solution-3-54ada4690139a4e8465159742ba6eb2010c651863568a937ae7813ad9b64cead.jpg]
[cdn.shopify.com/shopifycloud/brochure/assets/editions/winter2023/solution-3/translate-and-adapt-app-f81c07bb5e92410f38ccc69cf255a1e875fc4e149aac702978e1068f0154fdde9772.jpg]
[cdn.shopify.com/shopifycloud/brochure/assets/editions/winter2023/solution-3/translate-and-adapt-app-f81c07bb5e92410f38ccc69cf255a1e875fc4e149aac702978e1068f0154fddea505.jpg]
[cdn.shopify.com/shopifycloud/brochure/assets/editions/winter2023/solution-3/introducing-markets-pro-21ac2391d5e57983850e5ba13186c0f3454ac078df3bc86a073d745857ecfed49772.jpg]
[cdn.shopify.com/shopifycloud/brochure/assets/editions/winter2023/solution-3/introducing-markets-pro-21ac2391d5e57983850e5ba13186c0f3454ac078df3bc86a073d745857ecfed4a505.jpg]
[cdn.shopify.com/shopifycloud/brochure/assets/editions/winter2023/solution-headers/solution-4-1aa7fb5bfcafbe0cb5c5420a4bf5789ac972d0c60b77e87db9f25017fe9b310a.jpg]
[cdn.shopify.com/shopifycloud/brochure/assets/editions/winter2023/solution-4/checkout-to-draft-5349fc155ca44e7b848370dd0677b6d25d2dd48867307ed98bc68ccccc2c8cae9772.jpg]
[cdn.shopify.com/shopifycloud/brochure/assets/editions/winter2023/solution-4/checkout-to-draft-5349fc155ca44e7b848370dd0677b6d25d2dd48867307ed98bc68ccccc2c8caea505.jpg]
[cdn.shopify.com/shopifycloud/brochure/assets/editions/winter2023/solution-4/b2b-api-898ae65f2fe809aa3cbfeec2e6eae84ca81cc04f28e262293468414d708fd9d29772.jpg]
[cdn.shopify.com/shopifycloud/brochure/assets/editions/winter2023/solution-4/b2b-api-898ae65f2fe809aa3cbfeec2e6eae84ca81cc04f28e262293468414d708fd9d2a505.jpg]
[cdn.shopify.com/shopifycloud/brochure/assets/editions/winter2023/solution-headers/solution-5-a5038aab8c275e8caac649dd897b3b6b3484842d85055e02a19616efb9c375d8.jpg]
[cdn.shopify.com/shopifycloud/brochure/assets/editions/winter2023/solution-5/shopify-collabs-238d9897a9d8331e2bb11b7281d9e2fb18bb6db23447898bafaee785e689719b9772.jpg]
[cdn.shopify.com/shopifycloud/brochure/assets/editions/winter2023/solution-5/shopify-collabs-238d9897a9d8331e2bb11b7281d9e2fb18bb6db23447898bafaee785e689719ba505.jpg]
[cdn.shopify.com/shopifycloud/brochure/assets/editions/winter2023/solution-5/shopify-audiences-790f406d0d2ec97cf4cabf6c80c3f0fa05870751b375342abf8cf083f6aeb1b79772.jpg]
[cdn.shopify.com/shopifycloud/brochure/assets/editions/winter2023/solution-5/shopify-audiences-790f406d0d2ec97cf4cabf6c80c3f0fa05870751b375342abf8cf083f6aeb1b7a505.jpg]
[cdn.shopify.com/shopifycloud/brochure/assets/editions/winter2023/solution-5/passkeys-dd7ab960ed5532f765d54b3d4787c7205b8dbdfe2f798adef5af43f2e3276f2d9772.jpg]
[cdn.shopify.com/shopifycloud/brochure/assets/editions/winter2023/solution-5/passkeys-dd7ab960ed5532f765d54b3d4787c7205b8dbdfe2f798adef5af43f2e3276f2da505.jpg]
[cdn.shopify.com/shopifycloud/brochure/assets/editions/winter2023/solution-5/marketing-automations-11f3210cafa8d4ea2f0a275d74113287a0e3e8dfec10327e1636afb1dbadffad9772.jpg]
[cdn.shopify.com/shopifycloud/brochure/assets/editions/winter2023/solution-5/marketing-automations-11f3210cafa8d4ea2f0a275d74113287a0e3e8dfec10327e1636afb1dbadffada505.jpg]
[cdn.shopify.com/shopifycloud/brochure/assets/editions/winter2023/solution-5/new-customer-accounts-2278abe3a90f3b982e1a3a3bbc5e92e0b87dbf35266409b97e44230de713996e9772.jpg]
[cdn.shopify.com/shopifycloud/brochure/assets/editions/winter2023/solution-5/new-customer-accounts-2278abe3a90f3b982e1a3a3bbc5e92e0b87dbf35266409b97e44230de713996ea505.jpg]
[cdn.shopify.com/shopifycloud/brochure/assets/editions/winter2023/solution-headers/solution-6-820e7f6be30e3ff7a554f511117ce052f384c330c10d2fe6fa8a4e5f3676a809.jpg]
[cdn.shopify.com/shopifycloud/brochure/assets/editions/winter2023/solution-6/logistics-73cf53933798ff67871370dc3e0e39f314061acee0de145700ff394474137b509772.jpg]
[cdn.shopify.com/shopifycloud/brochure/assets/editions/winter2023/solution-6/logistics-73cf53933798ff67871370dc3e0e39f314061acee0de145700ff394474137b50a505.jpg]
[cdn.shopify.com/shopifycloud/brochure/assets/editions/winter2023/solution-6/smart-order-routing-53ff4ad97aea7c6a31498662116b62c2b661c18489f284fe72f032722d3755e69772.jpg]
[cdn.shopify.com/shopifycloud/brochure/assets/editions/winter2023/solution-6/smart-order-routing-53ff4ad97aea7c6a31498662116b62c2b661c18489f284fe72f032722d3755e6a505.jpg]
[cdn.shopify.com/shopifycloud/brochure/assets/editions/winter2023/solution-6/shipping-insurance-ee6e270c27a48a7e0e2fce49d6c02ec56ae7a44f2b3bc85b59d58227c09966799772.jpg]
[cdn.shopify.com/shopifycloud/brochure/assets/editions/winter2023/solution-6/shipping-insurance-ee6e270c27a48a7e0e2fce49d6c02ec56ae7a44f2b3bc85b59d58227c0996679a505.jpg]
[cdn.shopify.com/shopifycloud/brochure/assets/editions/winter2023/solution-headers/solution-7-ce886fb420c6facc56bcd1642f69b5ca5e391a4a8b51ff70b27cd264ac464093.jpg]
[cdn.shopify.com/shopifycloud/brochure/assets/editions/winter2023/solution-7/granular-permissions-d4a6a85123e2a3ada0f5d656313a92e5bcfa03027dfeb982604d58664bd33f23.jpg]
[cdn.shopify.com/shopifycloud/brochure/assets/editions/winter2023/solution-7/shopify-alerts-e173df859f4cf05e4116cf9adbfba882f9381f3fc83f78894391dfc6e0b3d0a99772.jpg]
[cdn.shopify.com/shopifycloud/brochure/assets/editions/winter2023/solution-7/shopify-alerts-e173df859f4cf05e4116cf9adbfba882f9381f3fc83f78894391dfc6e0b3d0a9a505.jpg]
[cdn.shopify.com/shopifycloud/brochure/assets/editions/winter2023/solution-7/shopifyql-notebooks-8586c87a4c19b24a9054042c0dd04f5fa9e615745505353cc2a8c38ac03f18a99772.jpg]
[cdn.shopify.com/shopifycloud/brochure/assets/editions/winter2023/solution-7/shopifyql-notebooks-8586c87a4c19b24a9054042c0dd04f5fa9e615745505353cc2a8c38ac03f18a9a505.jpg]
[cdn.shopify.com/shopifycloud/brochure/assets/editions/winter2023/solution-7/shopify-tax-172ed1399626ec52bb2e08149c94d3b51750cf77859706f6fe6cd80f8c690b0c9772.jpg]
[cdn.shopify.com/shopifycloud/brochure/assets/editions/winter2023/solution-7/shopify-tax-172ed1399626ec52bb2e08149c94d3b51750cf77859706f6fe6cd80f8c690b0ca505.jpg]
[cdn.shopify.com/shopifycloud/brochure/assets/editions/winter2023/solution-7/shopify-mobile-app-improvements-d0cafd826fe87d9d8a1ba3a212e97068edef6ecacd3cce2752953e44a44c96099772.jpg]
[cdn.shopify.com/shopifycloud/brochure/assets/editions/winter2023/solution-7/shopify-mobile-app-improvements-d0cafd826fe87d9d8a1ba3a212e97068edef6ecacd3cce2752953e44a44c9609a505.jpg]
[cdn.shopify.com/shopifycloud/brochure/assets/editions/winter2023/solution-7/redesigned-shopify-app-store-d0eea96efd6bb63c123a22ce1b44209f11dc1a376f622cda8450670e49fd816d9772.jpg]
[cdn.shopify.com/shopifycloud/brochure/assets/editions/winter2023/solution-7/redesigned-shopify-app-store-d0eea96efd6bb63c123a22ce1b44209f11dc1a376f622cda8450670e49fd816da505.jpg]
[cdn.shopify.com/shopifycloud/brochure/assets/editions/winter2023/solution-headers/solution-8-d5a24eb40de9f8b10f3bfe4424c0478607cc6a5aece8bfd9d2b4cc7c93346f3b.jpg]
[cdn.shopify.com/shopifycloud/brochure/assets/editions/winter2023/solution-8/globally-deployed-shopify-cart-19d24620b6a84cade43c69565658fe3fe66be96fdc17f1a223888b3161c1bfd89772.jpg]
[cdn.shopify.com/shopifycloud/brochure/assets/editions/winter2023/solution-8/globally-deployed-shopify-cart-19d24620b6a84cade43c69565658fe3fe66be96fdc17f1a223888b3161c1bfd8a505.jpg]
[cdn.shopify.com/shopifycloud/brochure/assets/editions/winter2023/solution-8/shop-minis-sdk-cc5b7358f18d22308da1c89fd54bddf1385fbbc1897d58575e119830cc79c89f9772.jpg]
[cdn.shopify.com/shopifycloud/brochure/assets/editions/winter2023/solution-8/shop-minis-sdk-cc5b7358f18d22308da1c89fd54bddf1385fbbc1897d58575e119830cc79c89fa505.jpg]
[cdn.shopify.com/shopifycloud/brochure/assets/editions/winter2023/solution-8/extend-checkout-d218453d44fe781e559c9289be85329b04e595e4e9affb9b3a51c978100bc8499772.jpg]
[cdn.shopify.com/shopifycloud/brochure/assets/editions/winter2023/solution-8/extend-checkout-d218453d44fe781e559c9289be85329b04e595e4e9affb9b3a51c978100bc849a505.jpg]
[cdn.shopify.com/shopifycloud/brochure/assets/editions/winter2023/solution-8/metaobjects-61ee35a147eecbe0a325fd375efd60546d24a28c67e99c813cc3aee01355342d9772.jpg]
[cdn.shopify.com/shopifycloud/brochure/assets/editions/winter2023/solution-8/metaobjects-61ee35a147eecbe0a325fd375efd60546d24a28c67e99c813cc3aee01355342da505.jpg]
[cdn.shopify.com/shopifycloud/brochure/assets/editions/winter2023/solution-8/shopify-blockchain-450dbd2e390c4da10e32e59e7c15fcf6826bb0e7041bf7b8e0d2e5fb94216e9d9772.jpg]
[cdn.shopify.com/shopifycloud/brochure/assets/editions/winter2023/solution-8/shopify-blockchain-450dbd2e390c4da10e32e59e7c15fcf6826bb0e7041bf7b8e0d2e5fb94216e9da505.jpg]
[cdn.shopify.com/shopifycloud/brochure/assets/editions/winter2023/solution-8/api-rate-limits-f8694dd79eb5b433257a0fc2307686451acde732887e590cefb3ecf3535097ef9772.jpg]
[cdn.shopify.com/shopifycloud/brochure/assets/editions/winter2023/solution-8/api-rate-limits-f8694dd79eb5b433257a0fc2307686451acde732887e590cefb3ecf3535097efa505.jpg]
[cdn.shopify.com/shopifycloud/brochure/assets/editions/winter2023/solution-8/built-for-shopify-313b97737950d1490cf76161eebda77dbd3f8357f765600d8232c78b573769d09772.jpg]
[cdn.shopify.com/shopifycloud/brochure/assets/editions/winter2023/solution-8/built-for-shopify-313b97737950d1490cf76161eebda77dbd3f8357f765600d8232c78b573769d0a505.jpg]
[cdn.shopify.com/shopifycloud/brochure/assets/editions/winter2023/solution-headers/solution-9-327a081f70321342e454e1ae6a6d6c62250586096743063623aab4a10f1a160a.jpg]
[cdn.shopify.com/shopifycloud/brochure/assets/editions/winter2023/solution-9/commerce-components-44c360a0b37eb93661676fa9af2c392a328a4981e660127af0eb527eac6259b09772.jpg]
[cdn.shopify.com/shopifycloud/brochure/assets/editions/winter2023/solution-9/commerce-components-44c360a0b37eb93661676fa9af2c392a328a4981e660127af0eb527eac6259b0a505.jpg]
[cdn.shopify.com/shopifycloud/world/brochure/production-shopify/assets/entry.client-DNsqx1WZ.js]
[cdn.shopify.com/shopifycloud/world/brochure/production-shopify/assets/chunk-62JRHF6Z-CEnKNFNw.js]
[cdn.shopify.com/shopifycloud/world/brochure/production-shopify/assets/paths-BXfTbPMs.js]
[cdn.shopify.com/shopifycloud/world/brochure/production-shopify/assets/react-dom-BeCQu_aQ.js]
[cdn.shopify.com/shopifycloud/world/brochure/production-shopify/assets/client-BFR9srr2.js]
[cdn.shopify.com/shopifycloud/world/brochure/production-shopify/assets/jsx-runtime-Z54z_WYn.js]
[cdn.shopify.com/shopifycloud/world/brochure/production-shopify/assets/getConnectionData-DZ4prHmZ.js]
[cdn.shopify.com/shopifycloud/world/brochure/production-shopify/assets/clientErrorReporter-CTZcOuFA.js]
[cdn.shopify.com/shopifycloud/world/brochure/production-shopify/assets/constants-QOF9I30w.js]
[cdn.shopify.com/shopifycloud/world/brochure/production-shopify/assets/env.shared-B7bKfF8e.js]
[cdn.shopify.com/shopifycloud/world/brochure/production-shopify/assets/enums-BIiw3b-o.js]
[cdn.shopify.com/shopifycloud/world/brochure/production-shopify/assets/root-mesDQH0s.js]
[cdn.shopify.com/shopifycloud/world/brochure/production-shopify/assets/Provider-BmxBT2ql.js]
[cdn.shopify.com/shopifycloud/world/brochure/production-shopify/assets/Wrapper-BqqvzUoZ.js]
[cdn.shopify.com/shopifycloud/world/brochure/production-shopify/assets/GlobalContent-BfFTvLuq.js]
[cdn.shopify.com/shopifycloud/world/brochure/production-shopify/assets/HeadingGroup-InZ2A_w_.js]
[cdn.shopify.com/shopifycloud/world/brochure/production-shopify/assets/ShopifyLogo-ClNRtdPK.js]
[cdn.shopify.com/shopifycloud/world/brochure/production-shopify/assets/Section-BVuEy3AQ.js]
[cdn.shopify.com/shopifycloud/world/brochure/production-shopify/assets/Grid-DbYzPFck.js]
[cdn.shopify.com/shopifycloud/world/brochure/production-shopify/assets/SideBySide-C4RHDAfX.js]
[cdn.shopify.com/shopifycloud/world/brochure/production-shopify/assets/SectionHeader-n8sZ594k.js]
[cdn.shopify.com/shopifycloud/world/brochure/production-shopify/assets/i18next-N6GdVhfD.js]
[cdn.shopify.com/shopifycloud/world/brochure/production-shopify/assets/I18N-BDHokdp9.js]
[cdn.shopify.com/shopifycloud/world/brochure/production-shopify/assets/useTranslation-BbZNK6RA.js]
[cdn.shopify.com/shopifycloud/world/brochure/production-shopify/assets/SiteData-HcpbwUHj.js]
[cdn.shopify.com/shopifycloud/world/brochure/production-shopify/assets/twMerge-ZXjg8rM8.js]
[cdn.shopify.com/shopifycloud/world/brochure/production-shopify/assets/types-D9n7DOUi.js]
[cdn.shopify.com/shopifycloud/world/brochure/production-shopify/assets/lazy-D0xtRUXr.js]
[cdn.shopify.com/shopifycloud/world/brochure/production-shopify/assets/useDataLayer-YSXSh7Gk.js]
[cdn.shopify.com/shopifycloud/world/brochure/production-shopify/assets/useLoadScript-uDJRfORD.js]
[cdn.shopify.com/shopifycloud/world/brochure/production-shopify/assets/useSignupUrl-CjK-1y-6.js]
[cdn.shopify.com/shopifycloud/world/brochure/production-shopify/assets/brochureV2-DPrAOhxP.js]
[cdn.shopify.com/shopifycloud/world/brochure/production-shopify/assets/utils-DWOWLRpA.js]
[cdn.shopify.com/shopifycloud/world/brochure/production-shopify/assets/dist-DLh16i5j.js]
[cdn.shopify.com/shopifycloud/world/brochure/production-shopify/assets/Icon-RJoaKpCx.js]
[cdn.shopify.com/shopifycloud/world/brochure/production-shopify/assets/Typography-Ccko15p8.js]
[cdn.shopify.com/shopifycloud/world/brochure/production-shopify/assets/useHydrated-BUIsEHI1.js]
[cdn.shopify.com/shopifycloud/world/brochure/production-shopify/assets/global-as4SFl_L.js]
[cdn.shopify.com/shopifycloud/world/brochure/production-shopify/assets/SectionErrorBoundary-BDwnicAQ.js]
[cdn.shopify.com/shopifycloud/world/brochure/production-shopify/assets/useClientErrorTracker-C3G7CVdS.js]
[cdn.shopify.com/shopifycloud/world/brochure/production-shopify/assets/classnames-BEJ5IKk6.js]
[cdn.shopify.com/shopifycloud/world/brochure/production-shopify/assets/ErrorBoundary-CFOZ26bN.js]
[cdn.shopify.com/shopifycloud/world/brochure/production-shopify/assets/Image-Byel-FKf.js]
[cdn.shopify.com/shopifycloud/world/brochure/production-shopify/assets/TwoColumn-D1asEc9c.js]
[cdn.shopify.com/shopifycloud/world/brochure/production-shopify/assets/layout-CLBkmXIm.js]
[cdn.shopify.com/shopifycloud/world/brochure/production-shopify/assets/route-Xs1WmATH2.js]
[cdn.shopify.com/shopifycloud/world/brochure/production-shopify/assets/merge-CMM61dKE.js]
[cdn.shopify.com/shopifycloud/world/brochure/production-shopify/assets/debounce-C30dCJaD.js]
[cdn.shopify.com/shopifycloud/world/brochure/production-shopify/assets/PageLayout-C9coyY5x.js]
[cdn.shopify.com/shopifycloud/world/brochure/production-shopify/assets/useFocusTrap-BxRp86OK.js]
[cdn.shopify.com/shopifycloud/world/brochure/production-shopify/assets/useIntersectionObserver-CxKjwuQd.js]
[cdn.shopify.com/shopifycloud/world/brochure/production-shopify/assets/useMediaQuery-BW_Wh3Hd.js]
[cdn.shopify.com/shopifycloud/world/brochure/production-shopify/assets/useReducedMotion-yWz7qjqT.js]
[cdn.shopify.com/shopifycloud/world/brochure/production-shopify/assets/CloseIcon-tJGL2aRN.js]
[cdn.shopify.com/shopifycloud/world/brochure/production-shopify/assets/useProductNodeMap-DA_nW5Eb.js]
[cdn.shopify.com/shopifycloud/world/brochure/production-shopify/assets/smoothScroll-yvOf463D.js]
[cdn.shopify.com/shopifycloud/world/brochure/production-shopify/assets/useBrowserDetection-DlWv316s.js]
[cdn.shopify.com/shopifycloud/world/brochure/production-shopify/assets/unifiedSessionClientLoader-DkExG8NV.js]
[cdn.shopify.com/shopifycloud/world/brochure/production-shopify/assets/_MapCache-Fv3vSzR-.js]
[cdn.shopify.com/shopifycloud/world/brochure/production-shopify/assets/isSymbol-DHIwo2En.js]
[cdn.shopify.com/shopifycloud/world/brochure/production-shopify/assets/CCPAPrivacyLink-Dfu0S2ZM.js]
[cdn.shopify.com/shopifycloud/world/brochure/production-shopify/assets/twMerge-VtgQyl3D.js]
[cdn.shopify.com/shopifycloud/world/brochure/production-shopify/assets/useRightClickSaveMenu-CFMHMJRB.js]
[cdn.shopify.com/shopifycloud/world/brochure/production-shopify/assets/Button-BJcy9_A1.js]
[cdn.shopify.com/shopifycloud/world/brochure/production-shopify/assets/Level2-DWiUUAdA.js]
[cdn.shopify.com/shopifycloud/world/brochure/production-shopify/assets/useOnClickOutside-tnYLAMyV.js]
[cdn.shopify.com/shopifycloud/world/brochure/production-shopify/assets/Image-L2v6s0dH.js]
[cdn.shopify.com/shopifycloud/world/brochure/production-shopify/assets/Link-DXdPta_-.js]
[cdn.shopify.com/shopifycloud/world/brochure/production-shopify/assets/ShopifyLogo-DsGPlpLu.js]
[cdn.shopify.com/shopifycloud/world/brochure/production-shopify/assets/mediaQueryStrings-BJvp08d_.js]
[cdn.shopify.com/shopifycloud/world/brochure/production-shopify/assets/SkipLink-B6YBOXqH.js]
[cdn.shopify.com/shopifycloud/world/brochure/production-shopify/assets/useKeyPress-CF62mWNh.js]
[cdn.shopify.com/shopifycloud/world/brochure/production-shopify/assets/Anchor-DgJBBJ2J.js]
[cdn.shopify.com/shopifycloud/world/brochure/production-shopify/assets/Toggle-C0pSi2gD.js]
[cdn.shopify.com/shopifycloud/world/brochure/production-shopify/assets/useAriaLabel-DnGoelwt.js]
[cdn.shopify.com/shopifycloud/world/brochure/production-shopify/assets/styles-Bn6r0Vbb.js]
[cdn.shopify.com/shopifycloud/world/brochure/production-shopify/assets/Icon-C9VDxr-t.js]
[cdn.shopify.com/shopifycloud/world/brochure/production-shopify/assets/Pause-FySJWfaW.js]
[cdn.shopify.com/shopifycloud/world/brochure/production-shopify/assets/Play-BQmhyIcJ.js]
[cdn.shopify.com/shopifycloud/world/brochure/production-shopify/assets/getImagerySrc-Bw21mg7q.js]
[cdn.shopify.com/shopifycloud/world/brochure/production-shopify/assets/screens-BCBZadYA.js]
[cdn.shopify.com/shopifycloud/world/brochure/production-shopify/assets/getLogoSrc-CdTS7Pll.js]
[cdn.shopify.com/shopifycloud/world/brochure/production-shopify/assets/Button-T81aldch.js]
[cdn.shopify.com/shopifycloud/world/brochure/production-shopify/assets/styles-C5onDcwn.js]
[cdn.shopify.com/shopifycloud/world/brochure/production-shopify/assets/userResult-DAVATH3_.js]
[cdn.shopify.com/shopifycloud/brochure/assets/editions/winter2023/solution-9/commerce-components-44c360a0b37eb93661676fa9af2c392a328a4981e660127af0eb527eac6259b0.jpg]
[cdn.shopify.com/shopifycloud/brochure/assets/editions/winter2023/solution-8/built-for-shopify-313b97737950d1490cf76161eebda77dbd3f8357f765600d8232c78b573769d0.jpg]
[cdn.shopify.com/shopifycloud/brochure/assets/editions/winter2023/solution-8/api-rate-limits-f8694dd79eb5b433257a0fc2307686451acde732887e590cefb3ecf3535097ef.jpg]
[cdn.shopify.com/shopifycloud/brochure/assets/editions/winter2023/solution-8/shopify-blockchain-450dbd2e390c4da10e32e59e7c15fcf6826bb0e7041bf7b8e0d2e5fb94216e9d.jpg]
[cdn.shopify.com/shopifycloud/brochure/assets/editions/winter2023/solution-8/metaobjects-61ee35a147eecbe0a325fd375efd60546d24a28c67e99c813cc3aee01355342d.jpg]
[cdn.shopify.com/shopifycloud/brochure/assets/editions/winter2023/solution-8/extend-checkout-d218453d44fe781e559c9289be85329b04e595e4e9affb9b3a51c978100bc849.jpg]
[cdn.shopify.com/shopifycloud/brochure/assets/editions/winter2023/solution-8/shop-minis-sdk-cc5b7358f18d22308da1c89fd54bddf1385fbbc1897d58575e119830cc79c89f.jpg]
[cdn.shopify.com/shopifycloud/brochure/assets/editions/winter2023/solution-8/globally-deployed-shopify-cart-19d24620b6a84cade43c69565658fe3fe66be96fdc17f1a223888b3161c1bfd8.jpg]
[cdn.shopify.com/shopifycloud/brochure/assets/editions/winter2023/solution-7/redesigned-shopify-app-store-d0eea96efd6bb63c123a22ce1b44209f11dc1a376f622cda8450670e49fd816d.jpg]
[cdn.shopify.com/shopifycloud/brochure/assets/editions/winter2023/solution-7/shopify-mobile-app-improvements-d0cafd826fe87d9d8a1ba3a212e97068edef6ecacd3cce2752953e44a44c9609.jpg]
[cdn.shopify.com/shopifycloud/brochure/assets/editions/winter2023/solution-7/shopify-tax-172ed1399626ec52bb2e08149c94d3b51750cf77859706f6fe6cd80f8c690b0c.jpg]
[cdn.shopify.com/shopifycloud/brochure/assets/editions/winter2023/solution-7/shopifyql-notebooks-8586c87a4c19b24a9054042c0dd04f5fa9e615745505353cc2a8c38ac03f18a9.jpg]
[cdn.shopify.com/shopifycloud/brochure/assets/editions/winter2023/solution-7/shopify-alerts-e173df859f4cf05e4116cf9adbfba882f9381f3fc83f78894391dfc6e0b3d0a9.jpg]
[cdn.shopify.com/shopifycloud/brochure/assets/editions/winter2023/solution-6/shipping-insurance-ee6e270c27a48a7e0e2fce49d6c02ec56ae7a44f2b3bc85b59d58227c0996679.jpg]
[cdn.shopify.com/shopifycloud/brochure/assets/editions/winter2023/solution-6/smart-order-routing-53ff4ad97aea7c6a31498662116b62c2b661c18489f284fe72f032722d3755e6.jpg]
[cdn.shopify.com/shopifycloud/brochure/assets/editions/winter2023/solution-6/logistics-73cf53933798ff67871370dc3e0e39f314061acee0de145700ff394474137b50.jpg]
[cdn.shopify.com/shopifycloud/brochure/assets/editions/winter2023/solution-5/new-customer-accounts-2278abe3a90f3b982e1a3a3bbc5e92e0b87dbf35266409b97e44230de713996e.jpg]
[cdn.shopify.com/shopifycloud/brochure/assets/editions/winter2023/solution-5/marketing-automations-11f3210cafa8d4ea2f0a275d74113287a0e3e8dfec10327e1636afb1dbadffad.jpg]
[cdn.shopify.com/shopifycloud/brochure/assets/editions/winter2023/solution-5/passkeys-dd7ab960ed5532f765d54b3d4787c7205b8dbdfe2f798adef5af43f2e3276f2d.jpg]
[cdn.shopify.com/shopifycloud/brochure/assets/editions/winter2023/solution-5/shopify-audiences-790f406d0d2ec97cf4cabf6c80c3f0fa05870751b375342abf8cf083f6aeb1b7.jpg]
[cdn.shopify.com/shopifycloud/brochure/assets/editions/winter2023/solution-5/shopify-collabs-238d9897a9d8331e2bb11b7281d9e2fb18bb6db23447898bafaee785e689719b.jpg]
[cdn.shopify.com/shopifycloud/brochure/assets/editions/winter2023/solution-4/b2b-api-898ae65f2fe809aa3cbfeec2e6eae84ca81cc04f28e262293468414d708fd9d2.jpg]
[cdn.shopify.com/shopifycloud/brochure/assets/editions/winter2023/solution-4/checkout-to-draft-5349fc155ca44e7b848370dd0677b6d25d2dd48867307ed98bc68ccccc2c8cae.jpg]
[cdn.shopify.com/shopifycloud/brochure/assets/editions/winter2023/solution-3/introducing-markets-pro-21ac2391d5e57983850e5ba13186c0f3454ac078df3bc86a073d745857ecfed4.jpg]
[cdn.shopify.com/shopifycloud/brochure/assets/editions/winter2023/solution-3/translate-and-adapt-app-f81c07bb5e92410f38ccc69cf255a1e875fc4e149aac702978e1068f0154fdde.jpg]
[cdn.shopify.com/shopifycloud/brochure/assets/editions/winter2023/solution-2/more-shop-app-customization-810a82b6529b3bca8dfd64e04f5e9989d3877c0817a387aad7d6769a9e36781b.jpg]
[cdn.shopify.com/shopifycloud/brochure/assets/editions/winter2023/solution-1/more-ways-to-use-discounts-04138bebc677da101c19da4d56b54bbc1f1a34196de570273808a9fd3b116141.jpg]
[cdn.shopify.com/shopifycloud/brochure/assets/editions/winter2023/solution-1/product-bundles-cc3ccc53ce9e5c274838afa399120bf5c48156da1943b689d6502aa606a45f4d.jpg]
[cdn.shopify.com/shopifycloud/brochure/assets/editions/winter2023/solution-1/customize-your-store-with-metaobjects-b3cfbffd834127dfcc231695510cc2b8d4278ea4aaad29e6e87d590d922eb623.jpg]
[cdn.shopify.com/shopifycloud/brochure/assets/editions/winter2023/solution-1/built-in-search-and-recommendations-2d2fce698014bb26478e124ecd6588c832abeddee013f1578ab4e5c966c58e1c.jpg]
[cdn.shopify.com/shopifycloud/brochure/assets/editions/winter2023/solution-1/shop-promise-b083a1103d006e92b07fe6e5cee363f43ffe525384ba552c5d75284444fcb51a.jpg]
[cdn.shopify.com/shopifycloud/brochure/assets/editions/winter2023/solution-1/checkout-editor-cbbdf58109abb13590edc9c617f9e6f3868529d77741ae9ea3172d1609b34ee8.jpg]
[cdn.shopify.com/shopifycloud/brochure/assets/editions/winter2023/hero/building-illustration-2x-5b364fe8e26a6609c8b47906a2560a838da4452dae4d4abd2b32f88550010542.jpg]
[cdn.shopify.com/shopifycloud/brochure/assets/editions/winter2023/share-image/share-image-DE-large-94cf88696279d7a618d0da6f3791be1a99522a0ce05459b050a0c85821def659.jpg]
[cdn.shopify.com/shopifycloud/brochure/assets/editions/winter2023/share-image/share-image-ES-large-48b79600aefd29498e56c4eaaa73fc9c388622755129eede410bcda451ed0ffb.jpg]
[cdn.shopify.com/shopifycloud/brochure/assets/editions/winter2023/share-image/share-image-FR-large-9b51ae62225099cd2641b39011814c2e046c04e61a2dc4a120f961ebcd4a030f.jpg]
[cdn.shopify.com/shopifycloud/brochure/assets/editions/winter2023/share-image/share-image-IT-large-57a2e41a30304e710f338144e8b7483db54be1f82f2170641daf22d1adf579ad.jpg]
[cdn.shopify.com/shopifycloud/brochure/assets/editions/winter2023/share-image/share-image-JA-large-0a620a93d770ed053afc567cdd62f56c7101c624c03c053aba27a695455aaa82.jpg]
[cdn.shopify.com/shopifycloud/brochure/assets/editions/winter2023/share-image/share-image-BR-large-c082fda7e3648ee1a60225ff16db3a0b66ccdcd532f3b22d39774e1040616c84.jpg]
[cdn.shopify.com/b/shopify-brochure2-assets/095b0536eb3a264c83761008f47aecbdcbda.png]
[cdn.shopify.com/b/shopify-brochure2-assets/bed4594e2c394553b2f03d9da43cb6851b1e.png]
[cdn.shopify.com/b/shopify-brochure2-assets/bed4594e2c394553b2f03d9da43cb68509fb.png]
[cdn.shopify.com/b/shopify-brochure2-assets/8aca5aedd28634c235a5fd3a74ac1cd21b1e.png]
[cdn.shopify.com/b/shopify-brochure2-assets/8aca5aedd28634c235a5fd3a74ac1cd209fb.png]
[cdn.shopify.com/b/shopify-brochure2-assets/b759ef6f62237393d768ad362888875f250e.png]
[cdn.shopify.com/b/shopify-brochure2-assets/89c9725d301503b2de05c561eb773134250e.png]
[cdn.shopify.com/b/shopify-brochure2-assets/07baf8219532d81f6d6725151f9e3482250e.png]
[cdn.shopify.com/b/shopify-brochure2-assets/91fd2e27323b7a94d9fdb2a7973e668e19cf.png]
[cdn.shopify.com/b/shopify-brochure2-assets/91fd2e27323b7a94d9fdb2a7973e668e3bff.png]
[cdn.shopify.com/b/shopify-brochure2-assets/b4995abc3f73dd8442f579e10023a4df19cf.png]
[cdn.shopify.com/b/shopify-brochure2-assets/b4995abc3f73dd8442f579e10023a4df3bff.png]
[cdn.shopify.com/b/shopify-brochure2-assets/35d24a52160348807e95f1d335e9e29519cf.png]
[cdn.shopify.com/b/shopify-brochure2-assets/35d24a52160348807e95f1d335e9e2953bff.png]
[www.shopify.com/editions/winter2023.html]
[cdn.shopify.com/static/editions/summer-2022/share-image.jpg]
[cdn.shopify.com/shopifycloud/world/brochure/production-shopify/assets/styles-8A9NRIQX.css]
[cdn.shopify.com/static/editions/summer-2022/favicon.png]
[www.shopify.com/editions/summer2022/dev.html]
[embed-ssl.wistia.com/deliveries/e0bb7792501341564dc08c055ab89d48.jpg]
[embed-ssl.wistia.com/deliveries/e0bb7792501341564dc08c055ab89d48f588.jpg]
[embed-ssl.wistia.com/deliveries/e0bb7792501341564dc08c055ab89d48df69.jpg]
[embed-ssl.wistia.com/deliveries/e0bb7792501341564dc08c055ab89d4831cd.jpg]
[embed-ssl.wistia.com/deliveries/e0bb7792501341564dc08c055ab89d4847b8.jpg]
[cdn.shopify.com/b/shopify-brochure2-assets/09fdd52d4fdfafc554006d6f6e444010.png]
[cdn.shopify.com/b/shopify-brochure2-assets/31bb1ff1d506938197cfef7e66712887.png]
[cdn.shopify.com/b/shopify-brochure2-assets/f2903262b971178787a101085939e5b3.png]
[cdn.shopify.com/b/shopify-brochure2-assets/8946609b7c43abe29ca1433927c7bf0a.png]
[embed-ssl.wistia.com/deliveries/f4f6edc8cd716853d342264406428571.jpg]
[embed-ssl.wistia.com/deliveries/f4f6edc8cd716853d342264406428571f588.jpg]
[embed-ssl.wistia.com/deliveries/f4f6edc8cd716853d342264406428571df69.jpg]
[embed-ssl.wistia.com/deliveries/f4f6edc8cd716853d34226440642857131cd.jpg]
[embed-ssl.wistia.com/deliveries/f4f6edc8cd716853d34226440642857147b8.jpg]
[cdn.shopify.com/b/shopify-brochure2-assets/3c72f8bd4db324a0bb1aba8c92e4871f.png]
[cdn.shopify.com/b/shopify-brochure2-assets/f0a98bbdcc03a5393a5b3696554d7ed1.png]
[embed-ssl.wistia.com/deliveries/d1a3412aa87de36c6fc8068ed4fcd00e.jpg]
[embed-ssl.wistia.com/deliveries/d1a3412aa87de36c6fc8068ed4fcd00ef588.jpg]
[embed-ssl.wistia.com/deliveries/d1a3412aa87de36c6fc8068ed4fcd00edf69.jpg]
[embed-ssl.wistia.com/deliveries/d1a3412aa87de36c6fc8068ed4fcd00e31cd.jpg]
[embed-ssl.wistia.com/deliveries/d1a3412aa87de36c6fc8068ed4fcd00e47b8.jpg]
[embed-ssl.wistia.com/deliveries/43289a8e73d653e40fe03e98ed6c82aa.jpg]
[embed-ssl.wistia.com/deliveries/43289a8e73d653e40fe03e98ed6c82aaf588.jpg]
[embed-ssl.wistia.com/deliveries/43289a8e73d653e40fe03e98ed6c82aadf69.jpg]
[embed-ssl.wistia.com/deliveries/43289a8e73d653e40fe03e98ed6c82aa31cd.jpg]
[embed-ssl.wistia.com/deliveries/43289a8e73d653e40fe03e98ed6c82aa47b8.jpg]
[embed-ssl.wistia.com/deliveries/365b6c1b53a77fceeec5cf98066174aa.jpg]
[embed-ssl.wistia.com/deliveries/365b6c1b53a77fceeec5cf98066174aaf588.jpg]
[embed-ssl.wistia.com/deliveries/365b6c1b53a77fceeec5cf98066174aadf69.jpg]
[embed-ssl.wistia.com/deliveries/365b6c1b53a77fceeec5cf98066174aa31cd.jpg]
[embed-ssl.wistia.com/deliveries/365b6c1b53a77fceeec5cf98066174aa47b8.jpg]
[embed-ssl.wistia.com/deliveries/5b9178b8720ac2fe6ccee3d482c478b3.jpg]
[embed-ssl.wistia.com/deliveries/5b9178b8720ac2fe6ccee3d482c478b3f588.jpg]
[embed-ssl.wistia.com/deliveries/5b9178b8720ac2fe6ccee3d482c478b3df69.jpg]
[embed-ssl.wistia.com/deliveries/5b9178b8720ac2fe6ccee3d482c478b331cd.jpg]
[embed-ssl.wistia.com/deliveries/5b9178b8720ac2fe6ccee3d482c478b347b8.jpg]
[www.shopify.com/editions/{{linkpopUrl}}c1f7.html]
[cdn.shopify.com/b/shopify-brochure2-assets/fd675dadcf8e7b476ae55fd79ccfb7de.jpg]
[cdn.shopify.com/b/shopify-brochure2-assets/c26169bba2064081ef35b15155018f99.png]
[cdn.shopify.com/b/shopify-brochure2-assets/64d5da15ed67f046d5935cbcdefdd304.png]
[embed-ssl.wistia.com/deliveries/430e7b9a9b7349bf5ec9ffb1e32d81bf.jpg]
[embed-ssl.wistia.com/deliveries/430e7b9a9b7349bf5ec9ffb1e32d81bff588.jpg]
[embed-ssl.wistia.com/deliveries/430e7b9a9b7349bf5ec9ffb1e32d81bfdf69.jpg]
[embed-ssl.wistia.com/deliveries/430e7b9a9b7349bf5ec9ffb1e32d81bf31cd.jpg]
[embed-ssl.wistia.com/deliveries/430e7b9a9b7349bf5ec9ffb1e32d81bf47b8.jpg]
[cdn.shopify.com/b/shopify-brochure2-assets/298d555619d25a48714314a4e29f7c38.png]
[cdn.shopify.com/b/shopify-brochure2-assets/0ac3e91e6d05693a46d5e8c61304353b.png]
[embed-ssl.wistia.com/deliveries/6414a46e155ded5bd0feec3c0668414b.jpg]
[embed-ssl.wistia.com/deliveries/6414a46e155ded5bd0feec3c0668414bf588.jpg]
[embed-ssl.wistia.com/deliveries/6414a46e155ded5bd0feec3c0668414bdf69.jpg]
[embed-ssl.wistia.com/deliveries/6414a46e155ded5bd0feec3c0668414b31cd.jpg]
[embed-ssl.wistia.com/deliveries/6414a46e155ded5bd0feec3c0668414b47b8.jpg]
[cdn.shopify.com/b/shopify-brochure2-assets/e20d43931599cc127778202112fe53c6.png]
[cdn.shopify.com/b/shopify-brochure2-assets/45dd83fad588bb213962804e0f4d9b17.png]
[cdn.shopify.com/b/shopify-brochure2-assets/226a84af4398cd41607957fe2c89076b.png]
[embed-ssl.wistia.com/deliveries/79007a001a4a7ad655b822549cf158a4.jpg]
[embed-ssl.wistia.com/deliveries/79007a001a4a7ad655b822549cf158a4f588.jpg]
[embed-ssl.wistia.com/deliveries/79007a001a4a7ad655b822549cf158a4df69.jpg]
[embed-ssl.wistia.com/deliveries/79007a001a4a7ad655b822549cf158a431cd.jpg]
[embed-ssl.wistia.com/deliveries/79007a001a4a7ad655b822549cf158a447b8.jpg]
[cdn.shopify.com/b/shopify-brochure2-assets/f1258e21694abedb43d6869a821faac5.png]
[embed-ssl.wistia.com/deliveries/0fe9fba855e931ea79568b0e8b1e3625.jpg]
[embed-ssl.wistia.com/deliveries/0fe9fba855e931ea79568b0e8b1e3625f588.jpg]
[embed-ssl.wistia.com/deliveries/0fe9fba855e931ea79568b0e8b1e3625df69.jpg]
[embed-ssl.wistia.com/deliveries/0fe9fba855e931ea79568b0e8b1e362531cd.jpg]
[embed-ssl.wistia.com/deliveries/0fe9fba855e931ea79568b0e8b1e362547b8.jpg]
[embed-ssl.wistia.com/deliveries/03cb65ecdfcff48f2b4449905d6f98ae.jpg]
[embed-ssl.wistia.com/deliveries/03cb65ecdfcff48f2b4449905d6f98aef588.jpg]
[embed-ssl.wistia.com/deliveries/03cb65ecdfcff48f2b4449905d6f98aedf69.jpg]
[embed-ssl.wistia.com/deliveries/03cb65ecdfcff48f2b4449905d6f98ae31cd.jpg]
[embed-ssl.wistia.com/deliveries/03cb65ecdfcff48f2b4449905d6f98ae47b8.jpg]
[cdn.shopify.com/b/shopify-brochure2-assets/c587a25897a12ba3ed9599b7aa9cb512.png]
[cdn.shopify.com/b/shopify-brochure2-assets/cdfbc1eff86e11aac34f099846e0e8df.png]
[cdn.shopify.com/b/shopify-brochure2-assets/4be2e4b602df3f31fcc32ee0bed80151.png]
[embed-ssl.wistia.com/deliveries/c041096cc3bf11d08b78eef612ac5ed4.jpg]
[embed-ssl.wistia.com/deliveries/c041096cc3bf11d08b78eef612ac5ed4f588.jpg]
[embed-ssl.wistia.com/deliveries/c041096cc3bf11d08b78eef612ac5ed4df69.jpg]
[embed-ssl.wistia.com/deliveries/c041096cc3bf11d08b78eef612ac5ed431cd.jpg]
[embed-ssl.wistia.com/deliveries/c041096cc3bf11d08b78eef612ac5ed447b8.jpg]
[cdn.shopify.com/b/shopify-brochure2-assets/b6d15e09cbc84ad6a75dd4c2f36c2fd2.png]
[cdn.shopify.com/b/shopify-brochure2-assets/92a45fd0734ec336b726d37ac1be12e6.png]
[embed-ssl.wistia.com/deliveries/535ff4d5764ec3ebdc08a7ee01cee837.jpg]
[embed-ssl.wistia.com/deliveries/535ff4d5764ec3ebdc08a7ee01cee837f588.jpg]
[embed-ssl.wistia.com/deliveries/535ff4d5764ec3ebdc08a7ee01cee837df69.jpg]
[embed-ssl.wistia.com/deliveries/535ff4d5764ec3ebdc08a7ee01cee83731cd.jpg]
[embed-ssl.wistia.com/deliveries/535ff4d5764ec3ebdc08a7ee01cee83747b8.jpg]
[embed-ssl.wistia.com/deliveries/86d16269501b563b510f13fe15c99824.jpg]
[embed-ssl.wistia.com/deliveries/86d16269501b563b510f13fe15c99824f588.jpg]
[embed-ssl.wistia.com/deliveries/86d16269501b563b510f13fe15c99824df69.jpg]
[embed-ssl.wistia.com/deliveries/86d16269501b563b510f13fe15c9982431cd.jpg]
[embed-ssl.wistia.com/deliveries/86d16269501b563b510f13fe15c9982447b8.jpg]
[embed-ssl.wistia.com/deliveries/a4b13f87e84d6eb779f25126e3e63967.jpg]
[embed-ssl.wistia.com/deliveries/a4b13f87e84d6eb779f25126e3e63967f588.jpg]
[embed-ssl.wistia.com/deliveries/a4b13f87e84d6eb779f25126e3e63967df69.jpg]
[embed-ssl.wistia.com/deliveries/a4b13f87e84d6eb779f25126e3e6396731cd.jpg]
[embed-ssl.wistia.com/deliveries/a4b13f87e84d6eb779f25126e3e6396747b8.jpg]
[cdn.shopify.com/b/shopify-brochure2-assets/d8e4b0b701265cd566f3e9f046cd8a1f.png]
[cdn.shopify.com/b/shopify-brochure2-assets/012706f909f063f63406fd8366de459d.png]
[cdn.shopify.com/b/shopify-brochure2-assets/c0dc67f0256a1cd82d90401c7f8bae64.png]
[cdn.shopify.com/b/shopify-brochure2-assets/769f95b7b69cc5b65e64a9244555a8c7.png]
[cdn.shopify.com/b/shopify-brochure2-assets/167aa497f461d9950fc2aefd4970b8b4.png]
[embed-ssl.wistia.com/deliveries/cfe4f6c5781bb3d105ae84224d8a257f.jpg]
[embed-ssl.wistia.com/deliveries/cfe4f6c5781bb3d105ae84224d8a257ff588.jpg]
[embed-ssl.wistia.com/deliveries/cfe4f6c5781bb3d105ae84224d8a257fdf69.jpg]
[embed-ssl.wistia.com/deliveries/cfe4f6c5781bb3d105ae84224d8a257f31cd.jpg]
[embed-ssl.wistia.com/deliveries/cfe4f6c5781bb3d105ae84224d8a257f47b8.jpg]
[embed-ssl.wistia.com/deliveries/32d8ca6c380586390dde57025325e600.jpg]
[embed-ssl.wistia.com/deliveries/32d8ca6c380586390dde57025325e600f588.jpg]
[embed-ssl.wistia.com/deliveries/32d8ca6c380586390dde57025325e600df69.jpg]
[embed-ssl.wistia.com/deliveries/32d8ca6c380586390dde57025325e60031cd.jpg]
[embed-ssl.wistia.com/deliveries/32d8ca6c380586390dde57025325e60047b8.jpg]
[embed-ssl.wistia.com/deliveries/d4296e4bd69ac11ad564cb23ff8d82ae0e8b7664.jpg]
[embed-ssl.wistia.com/deliveries/d4296e4bd69ac11ad564cb23ff8d82ae0e8b7664f588.jpg]
[embed-ssl.wistia.com/deliveries/d4296e4bd69ac11ad564cb23ff8d82ae0e8b7664df69.jpg]
[embed-ssl.wistia.com/deliveries/d4296e4bd69ac11ad564cb23ff8d82ae0e8b766431cd.jpg]
[embed-ssl.wistia.com/deliveries/d4296e4bd69ac11ad564cb23ff8d82ae0e8b766447b8.jpg]
[cdn.shopify.com/b/shopify-brochure2-assets/7e7be606a46675665d5a5b299fbcd984.png]
[cdn.shopify.com/b/shopify-brochure2-assets/fbc34bf58d46fa775f26a5f3efcbc0c1.png]
[embed-ssl.wistia.com/deliveries/03d86eb6771c4573f099bf442ba8f2a1.jpg]
[embed-ssl.wistia.com/deliveries/03d86eb6771c4573f099bf442ba8f2a1f588.jpg]
[embed-ssl.wistia.com/deliveries/03d86eb6771c4573f099bf442ba8f2a1df69.jpg]
[embed-ssl.wistia.com/deliveries/03d86eb6771c4573f099bf442ba8f2a131cd.jpg]
[embed-ssl.wistia.com/deliveries/03d86eb6771c4573f099bf442ba8f2a147b8.jpg]
[cdn.shopify.com/b/shopify-brochure2-assets/aa6bbc35539dcf0c0ac701294cd936d8.png]
[cdn.shopify.com/b/shopify-brochure2-assets/9d64b3e73ea840482223f41f7ced0386.png]
[embed-ssl.wistia.com/deliveries/f741c1ec801f2c1b846d0147143f6034.jpg]
[embed-ssl.wistia.com/deliveries/f741c1ec801f2c1b846d0147143f6034f588.jpg]
[embed-ssl.wistia.com/deliveries/f741c1ec801f2c1b846d0147143f6034df69.jpg]
[embed-ssl.wistia.com/deliveries/f741c1ec801f2c1b846d0147143f603431cd.jpg]
[embed-ssl.wistia.com/deliveries/f741c1ec801f2c1b846d0147143f603447b8.jpg]
[embed-ssl.wistia.com/deliveries/0036322f0f11116b08a69634c37b7eac.jpg]
[embed-ssl.wistia.com/deliveries/0036322f0f11116b08a69634c37b7eacf588.jpg]
[embed-ssl.wistia.com/deliveries/0036322f0f11116b08a69634c37b7eacdf69.jpg]
[embed-ssl.wistia.com/deliveries/0036322f0f11116b08a69634c37b7eac31cd.jpg]
[embed-ssl.wistia.com/deliveries/0036322f0f11116b08a69634c37b7eac47b8.jpg]
[embed-ssl.wistia.com/deliveries/f8d0993e94b18426db9424aaa5e21da2.jpg]
[embed-ssl.wistia.com/deliveries/f8d0993e94b18426db9424aaa5e21da2f588.jpg]
[embed-ssl.wistia.com/deliveries/f8d0993e94b18426db9424aaa5e21da2df69.jpg]
[embed-ssl.wistia.com/deliveries/f8d0993e94b18426db9424aaa5e21da231cd.jpg]
[embed-ssl.wistia.com/deliveries/f8d0993e94b18426db9424aaa5e21da247b8.jpg]
[embed-ssl.wistia.com/deliveries/9597a81ac71f1d550c80503053778d9b.jpg]
[embed-ssl.wistia.com/deliveries/9597a81ac71f1d550c80503053778d9bf588.jpg]
[embed-ssl.wistia.com/deliveries/9597a81ac71f1d550c80503053778d9bdf69.jpg]
[embed-ssl.wistia.com/deliveries/9597a81ac71f1d550c80503053778d9b31cd.jpg]
[embed-ssl.wistia.com/deliveries/9597a81ac71f1d550c80503053778d9b47b8.jpg]
[cdn.shopify.com/b/shopify-brochure2-assets/a08b79d6b0f796c97a0afc960b8855cc.jpg]
[cdn.shopify.com/b/shopify-brochure2-assets/7d8ab14d43153512ff3dbee22ac6e715.png]
[cdn.shopify.com/b/shopify-brochure2-assets/a4191f37359e169540d4dbfaab6b8f62.png]
[cdn.shopify.com/b/shopify-brochure2-assets/3423c5761e901f260e66a2f39e70352c.png]
[embed-ssl.wistia.com/deliveries/21dca48256dd0839e758534741208be7.jpg]
[embed-ssl.wistia.com/deliveries/21dca48256dd0839e758534741208be7f588.jpg]
[embed-ssl.wistia.com/deliveries/21dca48256dd0839e758534741208be7df69.jpg]
[embed-ssl.wistia.com/deliveries/21dca48256dd0839e758534741208be731cd.jpg]
[embed-ssl.wistia.com/deliveries/21dca48256dd0839e758534741208be747b8.jpg]
[embed-ssl.wistia.com/deliveries/f5fa58bd87638e3e912b2a218ef6835b.jpg]
[embed-ssl.wistia.com/deliveries/f5fa58bd87638e3e912b2a218ef6835bf588.jpg]
[embed-ssl.wistia.com/deliveries/f5fa58bd87638e3e912b2a218ef6835bdf69.jpg]
[embed-ssl.wistia.com/deliveries/f5fa58bd87638e3e912b2a218ef6835b31cd.jpg]
[embed-ssl.wistia.com/deliveries/f5fa58bd87638e3e912b2a218ef6835b47b8.jpg]
[embed-ssl.wistia.com/deliveries/0214dd217dca11141e77781a1b1a4a8394077286.jpg]
[embed-ssl.wistia.com/deliveries/0214dd217dca11141e77781a1b1a4a8394077286f588.jpg]
[embed-ssl.wistia.com/deliveries/0214dd217dca11141e77781a1b1a4a8394077286df69.jpg]
[embed-ssl.wistia.com/deliveries/0214dd217dca11141e77781a1b1a4a839407728631cd.jpg]
[embed-ssl.wistia.com/deliveries/0214dd217dca11141e77781a1b1a4a839407728647b8.jpg]
[embed-ssl.wistia.com/deliveries/be57e9956a997fed6d2356584359e0a8.jpg]
[embed-ssl.wistia.com/deliveries/be57e9956a997fed6d2356584359e0a8f588.jpg]
[embed-ssl.wistia.com/deliveries/be57e9956a997fed6d2356584359e0a8df69.jpg]
[embed-ssl.wistia.com/deliveries/be57e9956a997fed6d2356584359e0a831cd.jpg]
[embed-ssl.wistia.com/deliveries/be57e9956a997fed6d2356584359e0a847b8.jpg]
[embed-ssl.wistia.com/deliveries/5f8b799c5df47fc4aad02cac3afa6ab87b8fb314.jpg]
[embed-ssl.wistia.com/deliveries/5f8b799c5df47fc4aad02cac3afa6ab87b8fb314f588.jpg]
[embed-ssl.wistia.com/deliveries/5f8b799c5df47fc4aad02cac3afa6ab87b8fb314df69.jpg]
[embed-ssl.wistia.com/deliveries/5f8b799c5df47fc4aad02cac3afa6ab87b8fb31431cd.jpg]
[embed-ssl.wistia.com/deliveries/5f8b799c5df47fc4aad02cac3afa6ab87b8fb31447b8.jpg]
[cdn.shopify.com/b/shopify-brochure2-assets/7408b7fa497f6bc0bd6fe747b9e33875.jpg]
[cdn.shopify.com/shopifycloud/world/brochure/production-shopify/assets/route-WMPYE1902.js]
[cdn.shopify.com/shopifycloud/world/brochure/production-shopify/assets/route-links-BAW8lzLU.js]
[embed-ssl.wistia.com/deliveries/64cabceff6168ee1479305bc1799bce1.jpg]
[embed-ssl.wistia.com/deliveries/870cb7e034686cbf533aee535d1e42a2.jpg]
[embed-ssl.wistia.com/deliveries/0bff309b670d5ea85e7c12dc13d9f302.jpg]
[embed-ssl.wistia.com/deliveries/a1ff349c9a0fd0c8d0814227e214c432.jpg]
[embed-ssl.wistia.com/deliveries/027995174dd3e635ac002cb0bc3270e6.jpg]
[embed-ssl.wistia.com/deliveries/3e353f23340bcd12fa2c72b041413825.jpg]
[embed-ssl.wistia.com/deliveries/50e57b738c7697597f5461bb3728e743.jpg]
[embed-ssl.wistia.com/deliveries/71a2fd46b9598ab9939fcd36f0d913c7.jpg]
[embed-ssl.wistia.com/deliveries/64e1ab25406fb9a7ea3e88faba35a623.jpg]
[embed-ssl.wistia.com/deliveries/caa3f2331203859a6256e15b57db3f5a.jpg]
[embed-ssl.wistia.com/deliveries/7f973e38a2e4ae3bb5a3031606e1a454a13e584a.jpg]
[embed-ssl.wistia.com/deliveries/21fb400740fecb12364f31598925d84528f6b830.jpg]
[embed-ssl.wistia.com/deliveries/2848075e1aba6a21ee4465731d0479db.jpg]
[embed-ssl.wistia.com/deliveries/be6dd1003a6822dca6b571edde1902eb.jpg]
[embed-ssl.wistia.com/deliveries/73e4f2dc477d03c232ea33ed836d16fd.jpg]
[embed-ssl.wistia.com/deliveries/12d4d31cb3bee8e006b5805a91e82533.jpg]
[embed-ssl.wistia.com/deliveries/394b898ccf6d2b89044ac20dd76c9fab.jpg]
[embed-ssl.wistia.com/deliveries/17753df0a63636ba0bd36b68093171ae.jpg]
[embed-ssl.wistia.com/deliveries/8cf77869920b9e21e4cf220d14cf392f.jpg]
[embed-ssl.wistia.com/deliveries/b41a0bd74cb1b7ffb9a7b105aa7356013984f696.jpg]
[embed-ssl.wistia.com/deliveries/fa82d3da3b8afea8729d0b58c137a451a264233c.jpg]
[embed-ssl.wistia.com/deliveries/3c98f1c4d5bb5b8d2a4e69bdc5013e12.jpg]
[embed-ssl.wistia.com/deliveries/f571a19d49f56d253039b6beb7ed57da.jpg]
[embed-ssl.wistia.com/deliveries/ae5a7d1ff94c7923aa3fa86850d1bb2f.jpg]
[embed-ssl.wistia.com/deliveries/41f35298a4623cfbeb68c7be16b199e6.jpg]
[embed-ssl.wistia.com/deliveries/c2dddabd31647aa2fab1c36ce5eaf858.jpg]
[embed-ssl.wistia.com/deliveries/5c098090279ee4ab963d0ae9e1db919f.jpg]
[www.shopify.com/editions/summer2022.html]
[cdn.shopify.com/oxygen-v2/51271/91735/189252/4257818/assets/tailwind-vOc3OfBK.css]
[cdn.shopify.com/oxygen-v2/51271/91735/189252/4257818/assets/fonts-latin-Hwnc9bw-.css]
[cdn.shopify.com/oxygen-v2/54301/129500/265461/4257817/assets/entry.client-Cn9_8mzk.js]
[cdn.shopify.com/oxygen-v2/54301/129500/265461/4257817/assets/chunk-KS7C4IRE-DgFQLvt5.js]
[cdn.shopify.com/oxygen-v2/54301/129500/265461/4257817/assets/react-dom-D_1rMx0_.js]
[cdn.shopify.com/oxygen-v2/54301/129500/265461/4257817/assets/scheduler-CNXk-WKE.js]
[cdn.shopify.com/oxygen-v2/54301/129500/265461/4257817/assets/jsx-runtime-C0s-3nFz.js]
[cdn.shopify.com/oxygen-v2/54301/129500/265461/4257817/assets/production-B2VLvsCc.js]
[cdn.shopify.com/oxygen-v2/54301/129500/265461/4257817/assets/root-DFfu9FGD.js]
[cdn.shopify.com/oxygen-v2/54301/129500/265461/4257817/assets/chunk-T3U33ZZ5-BydCSTBs.js]
[cdn.shopify.com/oxygen-v2/54301/129500/265461/4257817/assets/dist-DmX6HuXn.js]
[cdn.shopify.com/oxygen-v2/54301/129500/265461/4257817/assets/vanilla-DZJGj1NY.js]
[cdn.shopify.com/oxygen-v2/54301/129500/265461/4257817/assets/(_locale).editions.demos.sourced-DK6L-IHU.js]
[cdn.shopify.com/oxygen-v2/54301/129500/265461/4257817/assets/tailwind-BOkmZ2Xs.css]
[cdn.shopify.com/oxygen-v2/54301/129500/265461/4257817/assets/reset-CSSI1Eox.css]
[www.shopify.com/editions/demos/sourced.html]
[cdn.shopify.com/oxygen-v2/54301/129500/265461/4257817/assets/sourced-COCyGNsy.css]
[cdn.shopify.com/s/files/1/0704/0224/4723/files/15e1bc78338b5b05a1aedf63efd4ced2780d.png]
[cdn.shopify.com/oxygen-v2/54301/129500/265461/4257817/assets/(_locale).editions.demos.starred-DLW7RlH8.js]
[cdn.shopify.com/oxygen-v2/54301/129500/265461/4257817/assets/helpers-COXIt4px.js]
[cdn.shopify.com/oxygen-v2/54301/129500/265461/4257817/assets/chat-4Si0X1sC.js]
[cdn.shopify.com/oxygen-v2/54301/129500/265461/4257817/assets/demo-unavailable-message-CpBbxLs9.js]
[cdn.shopify.com/oxygen-v2/54301/129500/265461/4257817/assets/useVirtualClickTracking-DmoTX6yL.js]
[www.shopify.com/editions/demos/starred.html]
[cdn.shopify.com/oxygen-v2/54301/129500/265461/4257817/assets/starred-DH5SEuu5.css]
[cdn.shopify.com/oxygen-v2/54301/129500/265461/4257817/assets/(_locale).editions.demos.showroom-p2jI_PYn.js]
[cdn.shopify.com/oxygen-v2/54301/129500/265461/4257817/assets/showroom-CY9f4pTx.css]
[cdn.shopify.com/s/files/1/0704/0224/4723/files/dcdd1fbb3e69caca3ad608fd32aa28a7b510.jpg]
[cdn.shopify.com/s/files/1/0704/0224/4723/files/0f8f1152e441f3b8f5bf743191f14e870256.jpg]
[cdn.shopify.com/s/files/1/0704/0224/4723/files/garage-band_sitcom.posterebb4.jpg]
[cdn.shopify.com/s/files/1/0704/0224/4723/files/friends-type_sitcom.posterebb4.jpg]
[cdn.shopify.com/s/files/1/0704/0224/4723/files/aa4799447187bf8dea108ff705168bb0f359.jpg]
[www.shopify.com/editions/demos/showroom.html]
[cdn.shopify.com/oxygen-v2/54301/129500/265461/4257817/assets/(_locale).editions.demos.pippin-DDOROftN.js]
[cdn.shopify.com/oxygen-v2/54301/129500/265461/4257817/assets/pippin-CMKna73j.css]
[cdn.shopify.com/oxygen-v2/54301/129500/265461/4257817/assets/VoicePanel-0IEis_UX.css]
[cdn.shopify.com/oxygen-v2/54301/129500/265461/4257817/assets/ProductCard-CTSgM6HP.css]
[cdn.shopify.com/oxygen-v2/54301/129500/265461/4257817/assets/SleepZs-CNfYfZQS.css]
[www.shopify.com/editions/demos/pippin.html]
[cdn.shopify.com/oxygen-v2/54301/129500/265461/4257817/assets/Cart-C5XMAjRV.css]
[cdn.shopify.com/b/shopify-brochure2-assets/ea61f81a57c85bae39d9b61583e4d1eb.jpg]
[cdn.shopify.com/b/shopify-brochure2-assets/afc455bc918ca0f90e8e0416e6a26bdc.jpg]
[cdn.shopify.com/b/shopify-brochure2-assets/6cf919a4d098abfbcd5f635fc8da7bbb.jpg]
[cdn.shopify.com/b/shopify-brochure2-assets/fb5b4fcaa6cb53bfe0dbba452258c15f.jpg]
[cdn.shopify.com/b/shopify-brochure2-assets/f24a8bf118f992a1c12b47faa9e9c7f3.jpg]
[cdn.shopify.com/b/shopify-brochure2-assets/2f004c56ebc3f4a7aa47c3f35812aea2.jpg]
[cdn.shopify.com/b/shopify-brochure2-assets/4f38a395e26afe36d66fc57329592b90.jpg]
[cdn.shopify.com/oxygen-v2/54301/129500/265461/4257817/assets/(_locale).editions.demos.all-set-D4o5bRjp.js]
[www.shopify.com/editions/demos/all-set.html]
[cdn.shopify.com/oxygen-v2/54301/129500/265461/4257817/assets/all-set-ns6IU65T.css]
[cdn.shopify.com/shopifycloud/identity/assets/gradient/noise-ae0ab1628dee87591c6f6d3740b6e7e4e5109417e35a0781070d9d737f959e22.png]
[cdn.shopify.com/oxygen-v2/40436/33939/71168/4075870/assets/tailwind-BLMI6ngt.css]
[cdn.shopify.com/s/files/1/0921/8919/6588/files/S25_Drive_SocialShare_1200x630-1_e2423c97-73c0-4c2b-b1ef-6563c7a84f2952ef.jpg]
[cdn.shopify.com/oxygen-v2/40436/33939/71168/4075870/assets/style-C_9vDQsB.css]
[cdn.shopify.com/s/files/1/0921/8919/6588/files/Logo_Game_2_2_-1000w35d6.png]
[cdn.shopify.com/s/files/1/0921/8919/6588/files/Animated_Flags_-_White_0084f0.png]
[cdn.shopify.com/b/shopify-brochure2-assets/b6d087f47674083b634a6183ef5e5714.mov]
[cdn.shopify.com/s/files/1/0921/8919/6588/files/left95a2.png]
[cdn.shopify.com/s/files/1/0921/8919/6588/files/rightde5c.png]
[cdn.shopify.com/s/files/1/0921/8919/6588/files/upde5c.png]
[cdn.shopify.com/s/files/1/0921/8919/6588/files/downde5c.png]
[cdn.shopify.com/s/files/1/0921/8919/6588/files/splash-brake7315.png]
[cdn.shopify.com/s/files/1/0921/8919/6588/files/splash-accelerator7315.png]
[cdn.shopify.com/oxygen-v2/40436/33939/71168/4075870/assets/(_locale).editions.summer2025_.drive-CXqQNE_v.js]
[www.shopify.com/editions/summer2025/drive.html]
[cdn.shopify.com/oxygen-v2/34812/25874/53819/4075852/assets/ozempic-BLh6bcCS.css]
[cdn.shopify.com/oxygen-v2/40436/33939/71168/4075870/assets/(_locale).editions.summer2025_.drive-KLNtGJw3.js]
[cdn.shopify.com/s/files/1/0702/3204/7829/files/EW25_SocialShare_1200x630_688f42e1-4542-49e4-a22e-47a12ac86ea98062.png]
[cdn.shopify.com/s/files/1/0702/3204/7829/files/screen_reflection_mask2448f.png]
[www.gstatic.com/draco/versioned/decoders/1.5.5/draco_wasm_wrapper.js]
[www.shopify.com/editions/winter2025/_https_/cdn.shopify.com/s/files/1/0702/3204/7829/files/progress-bg-cropped--optimizedbbbc.svg]
[cdn.shopify.com/oxygen-v2/34812/25874/53819/4075852/assets/(_locale).editions.winter2025.tv-DaVPpsuN.js]
[cdn.shopify.com/oxygen-v2/34812/25874/53819/4075852/assets/assets-D3qtLXdv.js]
[cdn.shopify.com/oxygen-v2/34812/25874/53819/4075852/assets/useMobileRemoteStore-DIwPnndc.js]
[www.shopify.com/editions/winter2025/tv.html]
[cdn.shopify.com/oxygen-v2/30648/20682/42778/4074628/assets/tailwind-BK5uxXrx.css]
[cdn.shopify.com/oxygen-v2/34812/25874/53819/4075852/assets/(_locale).editions.winter2025.tv-PqLfCXxS.js]
[www.shopify.com/editions/summer2024b280.html]
[cdn.shopify.com/oxygen-v2/29944/20751/42927/4074605/assets/tailwind-CpYT6ZU3.css]
[www.shopify.com/editions/winter2024/menu.html]
[cdn.shopify.com/oxygen-v2/29944/20751/42927/4074605/assets/(_lang).editions.winter2024.menu-IdC4Eytt.js]
[www.shopify.com/editions/winter2024/video/product-merchandising-updates.html]
[cdn.shopify.com/oxygen-v2/29944/20751/42927/4074605/assets/(_lang).editions.winter2024.video._handle-CI0vpJFL.js]
[www.shopify.com/editions/winter2024/video/checkout-extensibility-updates.html]
[www.shopify.com/editions/winter2024/video/fulfillment-from-retail-locations.html]
[www.shopify.com/editions/winter2024/video/centralized-privacy-settings.html]
[www.shopify.com/editions/winter2024/video/shopify-lending.html]
[www.shopify.com/editions/winter2024/video/shopify-fulfillment-updates.html]
[www.shopify.com/editions/winter2024/video/customer-accounts-ui-extensions.html]
[www.shopify.com/editions/winter2024/video/shopify-flow-for-developers.html]
[cdn.shopify.com/s/files/1/0834/1733/4050/files/share_294dd.jpg]
[cdn.shopify.com/oxygen-v2/29944/20751/42927/4074605/assets/Text-Ceq5eE1x.js]
[www.shopify.com/editions/winter2024/chill-hill.html]
[cdn.shopify.com/oxygen-v2/24728/24949/51806/4074596/assets/tailwind-BVWAFVRi.css]
[cdn.shopify.com/oxygen-v2/24728/24949/51806/4074596/assets/logo-B6OGj430.css]
[cdn.shopify.com/shopifycloud/world/brochure/production-shopify/assets/styles-YhZl7uXn.css]
[cdn.shopify.com/shopifycloud/world/brochure/production-shopify/assets/styles-8A9NRIQX.css]
[cdn.shopify.com/oxygen-v2/29944/20751/42927/4074605/assets/(_lang).editions.winter2024.chill-hill-GJmQKMuf.js]
[cdn.shopify.com/static/editions/summer-2022/share-image-dev-mode.jpg]
[embed-ssl.wistia.com/deliveries/c2dddabd31647aa2fab1c36ce5eaf858f588.jpg]
[embed-ssl.wistia.com/deliveries/c2dddabd31647aa2fab1c36ce5eaf858df69.jpg]
[embed-ssl.wistia.com/deliveries/c2dddabd31647aa2fab1c36ce5eaf85831cd.jpg]
[embed-ssl.wistia.com/deliveries/c2dddabd31647aa2fab1c36ce5eaf85847b8.jpg]
[embed-ssl.wistia.com/deliveries/ae5a7d1ff94c7923aa3fa86850d1bb2ff588.jpg]
[embed-ssl.wistia.com/deliveries/ae5a7d1ff94c7923aa3fa86850d1bb2fdf69.jpg]
[embed-ssl.wistia.com/deliveries/ae5a7d1ff94c7923aa3fa86850d1bb2f31cd.jpg]
[embed-ssl.wistia.com/deliveries/ae5a7d1ff94c7923aa3fa86850d1bb2f47b8.jpg]
[embed-ssl.wistia.com/deliveries/3c98f1c4d5bb5b8d2a4e69bdc5013e12f588.jpg]
[embed-ssl.wistia.com/deliveries/3c98f1c4d5bb5b8d2a4e69bdc5013e12df69.jpg]
[embed-ssl.wistia.com/deliveries/3c98f1c4d5bb5b8d2a4e69bdc5013e1231cd.jpg]
[embed-ssl.wistia.com/deliveries/3c98f1c4d5bb5b8d2a4e69bdc5013e1247b8.jpg]
[embed-ssl.wistia.com/deliveries/fa82d3da3b8afea8729d0b58c137a451a264233cf588.jpg]
[embed-ssl.wistia.com/deliveries/fa82d3da3b8afea8729d0b58c137a451a264233cdf69.jpg]
[embed-ssl.wistia.com/deliveries/fa82d3da3b8afea8729d0b58c137a451a264233c31cd.jpg]
[embed-ssl.wistia.com/deliveries/fa82d3da3b8afea8729d0b58c137a451a264233c47b8.jpg]
[embed-ssl.wistia.com/deliveries/b41a0bd74cb1b7ffb9a7b105aa7356013984f696f588.jpg]
[embed-ssl.wistia.com/deliveries/b41a0bd74cb1b7ffb9a7b105aa7356013984f696df69.jpg]
[embed-ssl.wistia.com/deliveries/b41a0bd74cb1b7ffb9a7b105aa7356013984f69631cd.jpg]
[embed-ssl.wistia.com/deliveries/b41a0bd74cb1b7ffb9a7b105aa7356013984f69647b8.jpg]
[embed-ssl.wistia.com/deliveries/17753df0a63636ba0bd36b68093171aef588.jpg]
[embed-ssl.wistia.com/deliveries/17753df0a63636ba0bd36b68093171aedf69.jpg]
[embed-ssl.wistia.com/deliveries/17753df0a63636ba0bd36b68093171ae31cd.jpg]
[embed-ssl.wistia.com/deliveries/17753df0a63636ba0bd36b68093171ae47b8.jpg]
[embed-ssl.wistia.com/deliveries/12d4d31cb3bee8e006b5805a91e82533f588.jpg]
[embed-ssl.wistia.com/deliveries/12d4d31cb3bee8e006b5805a91e82533df69.jpg]
[embed-ssl.wistia.com/deliveries/12d4d31cb3bee8e006b5805a91e8253331cd.jpg]
[embed-ssl.wistia.com/deliveries/12d4d31cb3bee8e006b5805a91e8253347b8.jpg]
[embed-ssl.wistia.com/deliveries/be6dd1003a6822dca6b571edde1902ebf588.jpg]
[embed-ssl.wistia.com/deliveries/be6dd1003a6822dca6b571edde1902ebdf69.jpg]
[embed-ssl.wistia.com/deliveries/be6dd1003a6822dca6b571edde1902eb31cd.jpg]
[embed-ssl.wistia.com/deliveries/be6dd1003a6822dca6b571edde1902eb47b8.jpg]
[embed-ssl.wistia.com/deliveries/2848075e1aba6a21ee4465731d0479dbf588.jpg]
[embed-ssl.wistia.com/deliveries/2848075e1aba6a21ee4465731d0479dbdf69.jpg]
[embed-ssl.wistia.com/deliveries/2848075e1aba6a21ee4465731d0479db31cd.jpg]
[embed-ssl.wistia.com/deliveries/2848075e1aba6a21ee4465731d0479db47b8.jpg]
[embed-ssl.wistia.com/deliveries/21fb400740fecb12364f31598925d84528f6b830f588.jpg]
[embed-ssl.wistia.com/deliveries/21fb400740fecb12364f31598925d84528f6b830df69.jpg]
[embed-ssl.wistia.com/deliveries/21fb400740fecb12364f31598925d84528f6b83031cd.jpg]
[embed-ssl.wistia.com/deliveries/21fb400740fecb12364f31598925d84528f6b83047b8.jpg]
[embed-ssl.wistia.com/deliveries/7f973e38a2e4ae3bb5a3031606e1a454a13e584af588.jpg]
[embed-ssl.wistia.com/deliveries/7f973e38a2e4ae3bb5a3031606e1a454a13e584adf69.jpg]
[embed-ssl.wistia.com/deliveries/7f973e38a2e4ae3bb5a3031606e1a454a13e584a31cd.jpg]
[embed-ssl.wistia.com/deliveries/7f973e38a2e4ae3bb5a3031606e1a454a13e584a47b8.jpg]
[www.shopify.com/editions/summer2022/dev.html]
[www.shopify.com/editions/{{linkpopUrl}}c1f7.html]
[cdn.shopify.com/oxygen-v2/54301/129500/265461/4257817/assets/tailwind-BOkmZ2Xs.css]
[cdn.shopify.com/oxygen-v2/54301/129500/265461/4257817/assets/reset-CSSI1Eox.css]
[cdn.shopify.com/oxygen-v2/54301/129500/265461/4257817/assets/sourced-COCyGNsy.css]
[cdn.shopify.com/oxygen-v2/54301/129500/265461/4257817/assets/starred-DH5SEuu5.css]
[cdn.shopify.com/oxygen-v2/54301/129500/265461/4257817/assets/showroom-CY9f4pTx.css]
[cdn.shopify.com/oxygen-v2/54301/129500/265461/4257817/assets/pippin-CMKna73j.css]
[cdn.shopify.com/oxygen-v2/54301/129500/265461/4257817/assets/VoicePanel-0IEis_UX.css]
[cdn.shopify.com/oxygen-v2/54301/129500/265461/4257817/assets/ProductCard-CTSgM6HP.css]
[cdn.shopify.com/oxygen-v2/54301/129500/265461/4257817/assets/SleepZs-CNfYfZQS.css]
[cdn.shopify.com/oxygen-v2/54301/129500/265461/4257817/assets/Cart-C5XMAjRV.css]
[cdn.shopify.com/oxygen-v2/54301/129500/265461/4257817/assets/all-set-ns6IU65T.css]
[cdn.shopify.com/oxygen-v2/40436/33939/71168/4075870/assets/style-C_9vDQsB.css]
[www.shopify.com/editions/winter2025/_https_/cdn.shopify.com/s/files/1/0702/3204/7829/files/progress-bg-cropped--optimizedbbbc.html]
[cdn.shopify.com/shopifycloud/world/brochure/production-shopify/assets/route-CFj4Pd992.js]
